repo_full_name,week_start,total_commits,unique_contributors,new_contributors,cumulative_commits,cumulative_contributors
CitizensFoundation/your-priorities-app,2024-07-29,20,1,1,20,1
CitizensFoundation/your-priorities-app,2024-08-05,18,1,0,38,1
CitizensFoundation/your-priorities-app,2024-08-12,19,1,0,57,1
CitizensFoundation/your-priorities-app,2024-08-19,11,1,0,68,1
CitizensFoundation/your-priorities-app,2024-08-26,47,1,0,115,1
CitizensFoundation/your-priorities-app,2024-09-09,2,1,0,117,1
CitizensFoundation/your-priorities-app,2024-09-16,11,1,0,128,1
CitizensFoundation/your-priorities-app,2024-09-23,7,1,0,135,1
CitizensFoundation/your-priorities-app,2024-10-07,20,1,0,155,1
CitizensFoundation/your-priorities-app,2024-10-14,21,1,0,176,1
CitizensFoundation/your-priorities-app,2024-10-21,18,1,0,194,1
CitizensFoundation/your-priorities-app,2024-10-28,79,1,0,273,1
CitizensFoundation/your-priorities-app,2024-11-04,9,1,0,282,1
CitizensFoundation/your-priorities-app,2024-11-11,35,1,0,317,1
CitizensFoundation/your-priorities-app,2024-11-18,26,1,0,343,1
CitizensFoundation/your-priorities-app,2024-11-25,46,1,0,389,1
CitizensFoundation/your-priorities-app,2024-12-02,8,1,0,397,1
CitizensFoundation/your-priorities-app,2024-12-16,8,1,0,405,1
CitizensFoundation/your-priorities-app,2024-12-23,9,1,0,414,1
CitizensFoundation/your-priorities-app,2024-12-30,9,1,0,423,1
CitizensFoundation/your-priorities-app,2025-01-06,10,1,0,433,1
CitizensFoundation/your-priorities-app,2025-01-13,9,1,0,442,1
CitizensFoundation/your-priorities-app,2025-01-20,2,1,0,444,1
CitizensFoundation/your-priorities-app,2025-01-27,6,1,0,450,1
CitizensFoundation/your-priorities-app,2025-02-03,6,1,0,456,1
CitizensFoundation/your-priorities-app,2025-02-10,10,1,0,466,1
CitizensFoundation/your-priorities-app,2025-02-17,18,1,0,484,1
CitizensFoundation/your-priorities-app,2025-02-24,20,1,0,504,1
CitizensFoundation/your-priorities-app,2025-03-03,3,1,0,507,1
CitizensFoundation/your-priorities-app,2025-03-10,4,1,0,511,1
CitizensFoundation/your-priorities-app,2025-04-14,2,1,0,513,1
CitizensFoundation/your-priorities-app,2025-04-28,47,1,0,560,1
CitizensFoundation/your-priorities-app,2025-05-05,28,1,0,588,1
CitizensFoundation/your-priorities-app,2025-05-12,39,1,0,627,1
CitizensFoundation/your-priorities-app,2025-05-19,125,1,0,752,1
CitizensFoundation/your-priorities-app,2025-05-26,50,1,0,802,1
CitizensFoundation/your-priorities-app,2025-06-09,14,1,0,816,1
CitizensFoundation/your-priorities-app,2025-06-16,58,1,0,874,1
CitizensFoundation/your-priorities-app,2025-06-23,13,1,0,887,1
CitizensFoundation/your-priorities-app,2025-06-30,6,1,0,893,1
CitizensFoundation/your-priorities-app,2025-07-14,1,1,0,894,1
CitizensFoundation/your-priorities-app,2025-07-21,1,1,0,895,1
CitizensFoundation/your-priorities-app,2025-08-04,2,1,0,897,1
CitizensFoundation/your-priorities-app,2025-08-11,3,1,0,900,1
CitizensFoundation/your-priorities-app,2025-08-18,1,1,0,901,1
CitizensFoundation/your-priorities-app,2025-09-01,6,1,0,907,1
CitizensFoundation/your-priorities-app,2025-09-08,1,1,0,908,1
CitizensFoundation/your-priorities-app,2025-09-22,4,1,0,912,1
CitizensFoundation/your-priorities-app,2025-10-06,1,1,0,913,1
CitizensFoundation/your-priorities-app,2025-10-13,3,1,0,916,1
CitizensFoundation/your-priorities-app,2025-11-03,19,1,0,935,1
CitizensFoundation/your-priorities-app,2025-11-10,5,1,0,940,1
CitizensFoundation/your-priorities-app,2025-11-17,5,1,0,945,1
CitizensFoundation/your-priorities-app,2025-11-24,6,1,0,951,1
CitizensFoundation/your-priorities-app,2025-12-01,4,1,0,955,1
CitizensFoundation/your-priorities-app,2025-12-08,1,1,0,956,1
CitizensFoundation/your-priorities-app,2025-12-15,2,1,0,958,1
CitizensFoundation/your-priorities-app,2025-12-29,2,1,0,960,1
CitizensFoundation/your-priorities-app,2026-01-05,1,1,0,961,1
CitizensFoundation/your-priorities-app,2026-01-12,1,1,0,962,1
CitizensFoundation/your-priorities-app,2026-02-02,1,1,0,963,1
CitizensFoundation/your-priorities-app,2026-02-09,2,1,0,965,1
CitizensFoundation/your-priorities-app,2026-02-16,3,1,0,968,1
CitizensFoundation/your-priorities-app,2026-03-02,3,1,0,971,1
CitizensFoundation/your-priorities-app,2026-03-09,3,1,0,974,1
CitizensFoundation/your-priorities-app,2026-03-16,6,1,0,980,1
CitizensFoundation/your-priorities-app,2026-03-23,1,1,0,981,1
CitizensFoundation/your-priorities-app,2026-04-06,4,1,0,985,1
CitizensFoundation/your-priorities-app,2026-04-13,2,1,0,987,1
CitizensFoundation/your-priorities-app,2026-04-20,5,1,0,992,1
CitizensFoundation/your-priorities-app,2026-05-04,8,1,0,1000,1
CodeForAfrica/Dominion.AFRICA,2019-07-15,14,2,2,14,2
CodeForAfrica/Dominion.AFRICA,2019-07-22,26,1,0,40,2
CodeForAfrica/Dominion.AFRICA,2019-07-29,29,2,1,69,3
CodeForAfrica/Dominion.AFRICA,2019-08-05,63,4,1,132,4
CodeForAfrica/Dominion.AFRICA,2019-08-12,38,3,0,170,4
CodeForAfrica/Dominion.AFRICA,2019-08-19,45,5,2,215,6
CodeForAfrica/Dominion.AFRICA,2019-08-26,26,5,1,241,7
CodeForAfrica/Dominion.AFRICA,2019-09-02,33,5,0,274,7
CodeForAfrica/Dominion.AFRICA,2019-09-09,23,6,0,297,7
CodeForAfrica/Dominion.AFRICA,2019-09-16,56,5,0,353,7
CodeForAfrica/Dominion.AFRICA,2019-09-23,8,3,0,361,7
CodeForAfrica/Dominion.AFRICA,2019-10-14,12,1,0,373,7
CodeForAfrica/Dominion.AFRICA,2019-10-28,2,1,0,375,7
CodeForAfrica/Dominion.AFRICA,2019-11-04,29,2,0,404,7
CodeForAfrica/Dominion.AFRICA,2019-11-11,16,1,0,420,7
CodeForAfrica/Dominion.AFRICA,2019-11-25,7,2,0,427,7
CodeForAfrica/Dominion.AFRICA,2019-12-02,17,2,0,444,7
CodeForAfrica/Dominion.AFRICA,2020-01-06,18,1,0,462,7
CodeForAfrica/Dominion.AFRICA,2020-01-13,2,1,0,464,7
CodeForAfrica/Dominion.AFRICA,2020-01-27,12,4,0,476,7
CodeForAfrica/Dominion.AFRICA,2020-02-03,1,1,0,477,7
CodeForAfrica/Dominion.AFRICA,2020-03-09,1,1,0,478,7
CodeForAfrica/Dominion.AFRICA,2020-03-23,1,1,0,479,7
CodeForAfrica/Dominion.AFRICA,2020-03-30,1,1,0,480,7
CodeForAfrica/Dominion.AFRICA,2021-03-08,1,1,0,481,7
CodeForAfrica/Dominion.AFRICA,2021-03-29,1,1,0,482,7
CodeForAfrica/Dominion.AFRICA,2021-04-12,6,1,0,488,7
CodeForAfrica/Dominion.AFRICA,2021-04-26,1,1,0,489,7
CodeForAfrica/Dominion.AFRICA,2021-05-10,2,1,0,491,7
CodeForAfrica/Dominion.AFRICA,2021-08-09,22,2,0,513,7
CodeForAfrica/Dominion.AFRICA,2021-12-06,1,1,0,514,7
CodeForAfrica/Dominion.AFRICA,2022-01-10,3,2,0,517,7
CodeForAfrica/Dominion.AFRICA,2022-01-17,1,1,0,518,7
CodeForAfrica/Dominion.AFRICA,2022-02-07,3,2,0,521,7
CodeForAfrica/Dominion.AFRICA,2022-02-14,1,1,0,522,7
CodeForAfrica/Dominion.AFRICA,2022-03-21,2,2,0,524,7
CodeForAfrica/Dominion.AFRICA,2022-05-09,8,1,1,532,8
CodeForAfrica/Dominion.AFRICA,2022-05-23,1,1,0,533,8
CodeForAfrica/Dominion.AFRICA,2022-07-18,2,2,0,535,8
CodeForAfrica/Dominion.AFRICA,2022-12-05,1,1,0,536,8
CodeForAfrica/Dominion.AFRICA,2022-12-12,3,2,0,539,8
CodeForAfrica/Dominion.AFRICA,2023-03-13,2,2,0,541,8
CodeForAfrica/Dominion.AFRICA,2023-07-10,1,1,0,542,8
CodeForAfrica/Dominion.AFRICA,2023-07-17,3,2,0,545,8
CodeForAfrica/Dominion.AFRICA,2024-01-08,6,2,0,551,8
CodeForAfrica/Dominion.AFRICA,2024-03-11,1,1,0,552,8
CodeForAfrica/Dominion.AFRICA,2024-04-01,3,2,0,555,8
CodeForAfrica/Dominion.AFRICA,2024-06-10,1,1,0,556,8
CodeForAfrica/Dominion.AFRICA,2024-06-17,11,1,0,567,8
CodeForAfrica/Dominion.AFRICA,2024-08-26,1,1,0,568,8
CodeForAfrica/Dominion.AFRICA,2024-09-02,3,2,0,571,8
CodeForAfrica/Dominion.AFRICA,2025-09-15,3,1,0,574,8
CodeForAfrica/GenderGap.AFRICA,2017-03-20,1,1,1,1,1
CodeForAfrica/GenderGap.AFRICA,2017-04-03,1,1,1,2,2
CodeForAfrica/GenderGap.AFRICA,2017-04-10,10,1,0,12,2
CodeForAfrica/GenderGap.AFRICA,2017-04-17,2,1,0,14,2
CodeForAfrica/GenderGap.AFRICA,2017-04-24,1,1,0,15,2
CodeForAfrica/GenderGap.AFRICA,2017-05-01,15,1,0,30,2
CodeForAfrica/GenderGap.AFRICA,2017-05-22,2,1,0,32,2
CodeForAfrica/GenderGap.AFRICA,2017-06-12,1,1,0,33,2
CodeForAfrica/GenderGap.AFRICA,2017-06-19,11,1,0,44,2
CodeForAfrica/GenderGap.AFRICA,2017-06-26,5,1,0,49,2
CodeForAfrica/GenderGap.AFRICA,2017-09-18,2,1,1,51,3
CodeForAfrica/GenderGap.AFRICA,2017-09-25,5,1,0,56,3
CodeForAfrica/GenderGap.AFRICA,2017-10-09,4,1,0,60,3
CodeForAfrica/GenderGap.AFRICA,2017-10-23,11,1,0,71,3
CodeForAfrica/GenderGap.AFRICA,2017-10-30,3,1,0,74,3
CodeForAfrica/GenderGap.AFRICA,2017-11-06,6,2,0,80,3
CodeForAfrica/GenderGap.AFRICA,2017-11-13,8,2,0,88,3
CodeForAfrica/GenderGap.AFRICA,2017-11-27,6,1,0,94,3
CodeForAfrica/GenderGap.AFRICA,2018-01-15,28,1,0,122,3
CodeForAfrica/GenderGap.AFRICA,2018-01-22,1,1,0,123,3
CodeForAfrica/GenderGap.AFRICA,2018-01-29,1,1,0,124,3
CodeForAfrica/GenderGap.AFRICA,2018-02-26,2,1,1,126,4
CodeForAfrica/GenderGap.AFRICA,2018-03-05,28,2,0,154,4
CodeForAfrica/GenderGap.AFRICA,2018-03-19,4,2,0,158,4
CodeForAfrica/GenderGap.AFRICA,2018-07-16,18,3,2,176,6
CodeForAfrica/GenderGap.AFRICA,2019-01-07,4,2,1,180,7
CodeForAfrica/GenderGap.AFRICA,2019-05-13,1,1,0,181,7
CodeForAfrica/GenderGap.AFRICA,2019-05-27,2,2,1,183,8
CodeForAfrica/GenderGap.AFRICA,2019-06-03,2,2,0,185,8
CodeForAfrica/GenderGap.AFRICA,2020-02-10,1,1,0,186,8
CodeForAfrica/GenderGap.AFRICA,2020-02-17,1,1,0,187,8
CodeForAfrica/GenderGap.AFRICA,2020-08-31,1,1,0,188,8
CodeForAfrica/GenderGap.AFRICA,2020-12-07,3,2,1,191,9
CodeForAfrica/GenderGap.AFRICA,2021-03-29,1,1,0,192,9
CodeForAfrica/GenderGap.AFRICA,2021-05-10,1,1,0,193,9
CodeForAfrica/GenderGap.AFRICA,2021-08-02,11,2,0,204,9
CodeForAfrica/GenderGap.AFRICA,2021-08-09,2,2,0,206,9
CodeForAfrica/GenderGap.AFRICA,2021-10-04,1,1,0,207,9
CodeForAfrica/GenderGap.AFRICA,2022-01-10,10,5,2,217,11
CodeForAfrica/GenderGap.AFRICA,2022-01-17,2,2,0,219,11
CodeForAfrica/GenderGap.AFRICA,2022-01-24,2,1,0,221,11
CodeForAfrica/GenderGap.AFRICA,2022-01-31,5,2,0,226,11
CodeForAfrica/GenderGap.AFRICA,2022-02-07,1,1,0,227,11
CodeForAfrica/GenderGap.AFRICA,2022-02-14,5,2,0,232,11
CodeForAfrica/GenderGap.AFRICA,2022-10-10,12,2,0,244,11
CodeForAfrica/GenderGap.AFRICA,2022-11-07,1,1,0,245,11
CodeForAfrica/GenderGap.AFRICA,2022-11-14,1,1,0,246,11
CodeForAfrica/GenderGap.AFRICA,2022-11-28,1,1,0,247,11
CodeForAfrica/GenderGap.AFRICA,2022-12-05,1,1,0,248,11
CodeForAfrica/GenderGap.AFRICA,2023-08-28,1,1,0,249,11
CodeForAfrica/GenderGap.AFRICA,2023-09-04,3,2,1,252,12
CodeForAfrica/GenderGap.AFRICA,2024-09-23,1,1,1,253,13
CodeForAfrica/GenderGap.AFRICA,2025-09-01,1,1,0,254,13
CodeForAfrica/PromiseTracker,2025-08-11,2,1,1,2,1
CodeForAfrica/PromiseTracker,2025-08-18,14,1,0,16,1
CodeForAfrica/PromiseTracker,2025-08-25,27,1,0,43,1
CodeForAfrica/PromiseTracker,2025-09-01,12,3,2,55,3
CodeForAfrica/PromiseTracker,2025-09-08,35,3,1,90,4
CodeForAfrica/PromiseTracker,2025-09-15,62,2,0,152,4
CodeForAfrica/PromiseTracker,2025-09-22,19,2,0,171,4
CodeForAfrica/PromiseTracker,2025-09-29,25,3,0,196,4
CodeForAfrica/PromiseTracker,2025-10-06,17,1,0,213,4
CodeForAfrica/PromiseTracker,2025-10-13,4,1,0,217,4
CodeForAfrica/PromiseTracker,2025-10-20,3,3,1,220,5
CodeForAfrica/PromiseTracker,2025-10-27,14,3,0,234,5
CodeForAfrica/PromiseTracker,2025-11-03,8,2,0,242,5
CodeForAfrica/PromiseTracker,2025-11-10,28,1,0,270,5
CodeForAfrica/PromiseTracker,2025-11-17,20,1,0,290,5
CodeForAfrica/PromiseTracker,2025-11-24,9,1,0,299,5
CodeForAfrica/PromiseTracker,2025-12-01,7,1,0,306,5
CodeForAfrica/PromiseTracker,2026-01-05,2,1,0,308,5
CodeForAfrica/PromiseTracker,2026-01-19,10,1,0,318,5
CodeForAfrica/PromiseTracker,2026-01-26,3,1,0,321,5
CodeForAfrica/PromiseTracker,2026-02-02,17,1,0,338,5
CodeForAfrica/PromiseTracker,2026-02-09,2,1,0,340,5
CodeForAfrica/PromiseTracker,2026-02-16,13,1,0,353,5
CodeForAfrica/PromiseTracker,2026-02-23,39,3,0,392,5
CodeForAfrica/PromiseTracker,2026-03-02,13,1,0,405,5
CodeForAfrica/PromiseTracker,2026-03-09,18,1,0,423,5
CodeForAfrica/PromiseTracker,2026-03-16,2,2,0,425,5
CodeForAfrica/PromiseTracker,2026-03-23,1,1,0,426,5
CodeForAfrica/PromiseTracker,2026-04-06,4,1,0,430,5
CodeForAfrica/academy.AFRICA,2023-10-09,16,2,2,16,2
CodeForAfrica/academy.AFRICA,2023-10-16,9,2,0,25,2
CodeForAfrica/academy.AFRICA,2023-10-23,21,1,0,46,2
CodeForAfrica/academy.AFRICA,2023-10-30,21,2,0,67,2
CodeForAfrica/academy.AFRICA,2023-11-06,52,2,0,119,2
CodeForAfrica/academy.AFRICA,2023-11-13,47,2,0,166,2
CodeForAfrica/academy.AFRICA,2023-11-20,53,2,0,219,2
CodeForAfrica/academy.AFRICA,2023-11-27,21,2,0,240,2
CodeForAfrica/academy.AFRICA,2023-12-04,57,2,0,297,2
CodeForAfrica/academy.AFRICA,2023-12-11,37,2,0,334,2
CodeForAfrica/academy.AFRICA,2024-01-01,18,2,0,352,2
CodeForAfrica/academy.AFRICA,2024-01-08,13,2,0,365,2
CodeForAfrica/academy.AFRICA,2024-01-15,12,2,0,377,2
CodeForAfrica/academy.AFRICA,2024-02-05,8,1,0,385,2
CodeForAfrica/academy.AFRICA,2024-02-19,3,2,0,388,2
CodeForAfrica/academy.AFRICA,2024-02-26,4,1,0,392,2
CodeForAfrica/academy.AFRICA,2024-03-04,7,1,0,399,2
CodeForAfrica/academy.AFRICA,2024-03-11,7,2,0,406,2
CodeForAfrica/academy.AFRICA,2024-03-18,22,2,0,428,2
CodeForAfrica/academy.AFRICA,2024-03-25,35,2,0,463,2
CodeForAfrica/academy.AFRICA,2024-04-01,21,2,0,484,2
CodeForAfrica/academy.AFRICA,2024-04-08,9,2,0,493,2
CodeForAfrica/academy.AFRICA,2024-04-15,12,2,0,505,2
CodeForAfrica/academy.AFRICA,2024-04-22,13,2,0,518,2
CodeForAfrica/academy.AFRICA,2024-04-29,9,2,0,527,2
CodeForAfrica/academy.AFRICA,2024-05-06,4,2,0,531,2
CodeForAfrica/academy.AFRICA,2024-05-13,7,2,0,538,2
CodeForAfrica/academy.AFRICA,2024-05-20,5,2,0,543,2
CodeForAfrica/academy.AFRICA,2024-05-27,6,2,0,549,2
CodeForAfrica/academy.AFRICA,2024-06-03,1,1,0,550,2
CodeForAfrica/academy.AFRICA,2024-06-17,2,1,0,552,2
CodeForAfrica/academy.AFRICA,2024-08-05,3,2,0,555,2
CodeForAfrica/academy.AFRICA,2024-08-12,8,2,0,563,2
CodeForAfrica/academy.AFRICA,2024-08-26,9,1,0,572,2
CodeForAfrica/academy.AFRICA,2024-09-02,1,1,0,573,2
CodeForAfrica/academy.AFRICA,2024-09-09,5,2,1,578,3
CodeForAfrica/academy.AFRICA,2024-09-16,6,1,0,584,3
CodeForAfrica/academy.AFRICA,2024-09-23,1,1,0,585,3
CodeForAfrica/academy.AFRICA,2024-09-30,4,1,0,589,3
CodeForAfrica/academy.AFRICA,2024-10-14,3,1,0,592,3
CodeForAfrica/academy.AFRICA,2024-10-21,1,1,0,593,3
CodeForAfrica/academy.AFRICA,2024-10-28,1,1,0,594,3
CodeForAfrica/academy.AFRICA,2024-11-04,6,2,0,600,3
CodeForAfrica/academy.AFRICA,2024-11-18,4,1,0,604,3
CodeForAfrica/academy.AFRICA,2024-11-25,11,2,0,615,3
CodeForAfrica/academy.AFRICA,2024-12-02,2,2,1,617,4
CodeForAfrica/academy.AFRICA,2024-12-09,2,1,0,619,4
CodeForAfrica/academy.AFRICA,2025-02-17,7,2,0,626,4
CodeForAfrica/academy.AFRICA,2025-03-10,7,1,0,633,4
CodeForAfrica/academy.AFRICA,2025-03-24,7,1,0,640,4
CodeForAfrica/academy.AFRICA,2025-04-21,9,1,0,649,4
CodeForAfrica/academy.AFRICA,2025-04-28,3,2,0,652,4
CodeForAfrica/academy.AFRICA,2025-05-05,6,2,0,658,4
CodeForAfrica/academy.AFRICA,2025-07-28,11,1,0,669,4
CodeForAfrica/academy.AFRICA,2025-08-04,1,1,0,670,4
CodeForAfrica/academy.AFRICA,2025-10-20,1,1,1,671,5
CodeForAfrica/academy.AFRICA,2025-12-08,4,1,0,675,5
CodeForAfrica/academy.AFRICA,2026-02-02,3,2,0,678,5
CodeForAfrica/academy.AFRICA,2026-02-09,5,1,0,683,5
CodeForAfrica/academy.AFRICA,2026-02-16,4,1,0,687,5
CodeForAfrica/academy.AFRICA,2026-02-23,9,1,0,696,5
CodeForAfrica/academy.AFRICA,2026-03-09,4,1,0,700,5
CodeForAfrica/academy.AFRICA,2026-03-16,2,1,0,702,5
CodeForAfrica/actNOW,2021-04-19,30,1,1,30,1
CodeForAfrica/actNOW,2021-04-26,16,2,1,46,2
CodeForAfrica/actNOW,2021-05-17,1,1,0,47,2
CodeForAfrica/actNOW,2021-05-24,29,2,1,76,3
CodeForAfrica/actNOW,2021-05-31,14,1,0,90,3
CodeForAfrica/actNOW,2021-06-07,23,4,1,113,4
CodeForAfrica/actNOW,2021-06-14,100,5,1,213,5
CodeForAfrica/actNOW,2021-06-21,50,4,0,263,5
CodeForAfrica/actNOW,2021-06-28,26,4,0,289,5
CodeForAfrica/actNOW,2021-07-05,23,3,0,312,5
CodeForAfrica/actNOW,2021-07-12,31,4,0,343,5
CodeForAfrica/actNOW,2021-07-19,13,4,0,356,5
CodeForAfrica/actNOW,2021-07-26,24,2,0,380,5
CodeForAfrica/actNOW,2021-08-02,21,3,0,401,5
CodeForAfrica/actNOW,2021-08-09,28,2,0,429,5
CodeForAfrica/actNOW,2021-08-16,10,2,0,439,5
CodeForAfrica/actNOW,2021-08-23,3,2,0,442,5
CodeForAfrica/actNOW,2021-08-30,4,2,0,446,5
CodeForAfrica/actNOW,2021-09-06,7,2,0,453,5
CodeForAfrica/actNOW,2021-09-13,3,2,0,456,5
CodeForAfrica/actNOW,2021-09-20,10,3,0,466,5
CodeForAfrica/actNOW,2021-09-27,1,1,0,467,5
CodeForAfrica/actNOW,2021-10-04,1,1,0,468,5
CodeForAfrica/actNOW,2021-10-11,17,3,0,485,5
CodeForAfrica/actNOW,2021-10-18,3,2,0,488,5
CodeForAfrica/actNOW,2021-11-01,5,2,0,493,5
CodeForAfrica/actNOW,2021-11-08,22,3,0,515,5
CodeForAfrica/actNOW,2021-11-15,13,3,0,528,5
CodeForAfrica/actNOW,2021-11-22,5,3,0,533,5
CodeForAfrica/actNOW,2021-11-29,9,2,0,542,5
CodeForAfrica/actNOW,2021-12-06,11,3,0,553,5
CodeForAfrica/actNOW,2021-12-13,10,2,0,563,5
CodeForAfrica/actNOW,2021-12-20,1,1,0,564,5
CodeForAfrica/actNOW,2021-12-27,2,2,0,566,5
CodeForAfrica/actNOW,2022-01-03,24,2,0,590,5
CodeForAfrica/actNOW,2022-01-10,16,3,0,606,5
CodeForAfrica/actNOW,2022-01-17,24,2,0,630,5
CodeForAfrica/actNOW,2022-01-24,13,2,0,643,5
CodeForAfrica/actNOW,2022-01-31,16,3,0,659,5
CodeForAfrica/actNOW,2022-02-07,14,2,0,673,5
CodeForAfrica/actNOW,2022-02-14,27,3,0,700,5
CodeForAfrica/actNOW,2022-02-21,33,3,0,733,5
CodeForAfrica/actNOW,2022-02-28,16,3,0,749,5
CodeForAfrica/actNOW,2022-03-07,8,2,0,757,5
CodeForAfrica/actNOW,2022-03-14,10,3,0,767,5
CodeForAfrica/actNOW,2022-03-21,25,4,0,792,5
CodeForAfrica/actNOW,2022-03-28,13,3,0,805,5
CodeForAfrica/actNOW,2022-04-04,18,2,0,823,5
CodeForAfrica/actNOW,2022-04-11,17,3,0,840,5
CodeForAfrica/actNOW,2022-04-18,9,2,0,849,5
CodeForAfrica/actNOW,2022-04-25,6,2,0,855,5
CodeForAfrica/actNOW,2022-05-02,24,3,0,879,5
CodeForAfrica/actNOW,2022-05-09,14,2,0,893,5
CodeForAfrica/actNOW,2022-05-16,15,2,0,908,5
CodeForAfrica/actNOW,2022-05-23,17,2,0,925,5
CodeForAfrica/actNOW,2022-05-30,12,3,0,937,5
CodeForAfrica/actNOW,2022-06-06,14,2,0,951,5
CodeForAfrica/actNOW,2022-06-13,18,3,0,969,5
CodeForAfrica/actNOW,2022-06-20,20,2,0,989,5
CodeForAfrica/actNOW,2022-06-27,16,2,0,1005,5
CodeForAfrica/actNOW,2022-07-04,19,3,0,1024,5
CodeForAfrica/actNOW,2022-07-11,15,2,0,1039,5
CodeForAfrica/actNOW,2022-07-18,21,2,0,1060,5
CodeForAfrica/actNOW,2022-07-25,16,3,0,1076,5
CodeForAfrica/actNOW,2022-08-01,22,3,0,1098,5
CodeForAfrica/actNOW,2022-08-08,28,3,0,1126,5
CodeForAfrica/actNOW,2022-08-15,18,2,0,1144,5
CodeForAfrica/actNOW,2022-08-22,16,2,0,1160,5
CodeForAfrica/actNOW,2022-08-29,14,2,0,1174,5
CodeForAfrica/actNOW,2022-09-05,18,3,0,1192,5
CodeForAfrica/actNOW,2022-09-12,9,2,0,1201,5
CodeForAfrica/actNOW,2022-09-19,13,2,0,1214,5
CodeForAfrica/actNOW,2022-09-26,14,2,0,1228,5
CodeForAfrica/actNOW,2022-10-03,23,3,0,1251,5
CodeForAfrica/actNOW,2022-10-10,14,3,0,1265,5
CodeForAfrica/actNOW,2022-10-17,14,2,0,1279,5
CodeForAfrica/actNOW,2022-10-24,13,2,0,1292,5
CodeForAfrica/actNOW,2022-10-31,12,2,0,1304,5
CodeForAfrica/actNOW,2022-11-07,9,2,0,1313,5
CodeForAfrica/actNOW,2022-11-14,15,3,0,1328,5
CodeForAfrica/actNOW,2022-11-21,10,3,0,1338,5
CodeForAfrica/actNOW,2022-11-28,11,3,0,1349,5
CodeForAfrica/actNOW,2022-12-05,4,2,0,1353,5
CodeForAfrica/actNOW,2022-12-12,15,3,0,1368,5
CodeForAfrica/actNOW,2022-12-19,2,1,0,1370,5
CodeForAfrica/actNOW,2022-12-26,2,2,0,1372,5
CodeForAfrica/actNOW,2023-01-02,12,2,0,1384,5
CodeForAfrica/actNOW,2023-01-09,22,2,0,1406,5
CodeForAfrica/actNOW,2023-01-16,10,2,0,1416,5
CodeForAfrica/actNOW,2023-01-23,1,1,0,1417,5
CodeForAfrica/actNOW,2023-01-30,23,3,0,1440,5
CodeForAfrica/actNOW,2023-02-06,24,3,0,1464,5
CodeForAfrica/actNOW,2023-02-13,13,3,0,1477,5
CodeForAfrica/actNOW,2023-02-20,14,3,0,1491,5
CodeForAfrica/actNOW,2023-02-27,8,2,0,1499,5
CodeForAfrica/actNOW,2023-03-06,14,2,0,1513,5
CodeForAfrica/actNOW,2023-03-13,9,3,0,1522,5
CodeForAfrica/actNOW,2023-03-20,13,2,0,1535,5
CodeForAfrica/actNOW,2023-03-27,16,2,0,1551,5
CodeForAfrica/actNOW,2023-04-03,12,3,0,1563,5
CodeForAfrica/actNOW,2023-04-10,13,3,0,1576,5
CodeForAfrica/actNOW,2023-04-17,6,2,0,1582,5
CodeForAfrica/actNOW,2023-04-24,11,2,0,1593,5
CodeForAfrica/actNOW,2023-05-01,12,2,0,1605,5
CodeForAfrica/actNOW,2023-05-08,9,2,0,1614,5
CodeForAfrica/actNOW,2023-05-15,9,3,0,1623,5
CodeForAfrica/actNOW,2023-05-22,13,2,0,1636,5
CodeForAfrica/actNOW,2023-05-29,7,2,0,1643,5
CodeForAfrica/actNOW,2023-06-05,11,2,0,1654,5
CodeForAfrica/actNOW,2023-06-12,3,2,0,1657,5
CodeForAfrica/actNOW,2023-06-19,15,2,0,1672,5
CodeForAfrica/actNOW,2023-06-26,6,3,0,1678,5
CodeForAfrica/actNOW,2023-07-03,7,2,0,1685,5
CodeForAfrica/actNOW,2023-07-10,2,2,0,1687,5
CodeForAfrica/actNOW,2023-07-17,2,1,0,1689,5
CodeForAfrica/actNOW,2023-07-31,1,1,0,1690,5
CodeForAfrica/actNOW,2023-08-07,1,1,0,1691,5
CodeForAfrica/actNOW,2023-08-14,1,1,0,1692,5
CodeForAfrica/actNOW,2023-08-21,2,2,0,1694,5
CodeForAfrica/actNOW,2023-08-28,1,1,0,1695,5
CodeForAfrica/actNOW,2023-09-04,2,2,0,1697,5
CodeForAfrica/actNOW,2023-09-11,5,2,0,1702,5
CodeForAfrica/actNOW,2023-09-18,13,2,0,1715,5
CodeForAfrica/actNOW,2023-09-25,7,2,0,1722,5
CodeForAfrica/actNOW,2023-10-02,5,2,0,1727,5
CodeForAfrica/actNOW,2023-10-09,7,3,0,1734,5
CodeForAfrica/actNOW,2023-10-16,7,3,0,1741,5
CodeForAfrica/actNOW,2023-11-13,2,2,0,1743,5
CodeForAfrica/actNOW,2023-11-27,2,2,0,1745,5
CodeForAfrica/actNOW,2023-12-11,2,2,0,1747,5
CodeForAfrica/actNOW,2023-12-25,1,1,0,1748,5
CodeForAfrica/actNOW,2024-01-01,5,2,0,1753,5
CodeForAfrica/actNOW,2024-01-08,12,3,0,1765,5
CodeForAfrica/actNOW,2024-01-15,12,2,0,1777,5
CodeForAfrica/actNOW,2024-01-22,4,2,0,1781,5
CodeForAfrica/actNOW,2024-01-29,10,3,0,1791,5
CodeForAfrica/actNOW,2024-02-05,7,2,0,1798,5
CodeForAfrica/actNOW,2024-02-12,10,3,0,1808,5
CodeForAfrica/actNOW,2024-02-19,4,2,0,1812,5
CodeForAfrica/actNOW,2024-02-26,8,2,0,1820,5
CodeForAfrica/actNOW,2024-03-04,4,2,0,1824,5
CodeForAfrica/actNOW,2024-03-11,7,3,0,1831,5
CodeForAfrica/actNOW,2024-03-18,13,3,0,1844,5
CodeForAfrica/actNOW,2024-03-25,4,2,0,1848,5
CodeForAfrica/actNOW,2024-04-01,8,2,0,1856,5
CodeForAfrica/actNOW,2024-04-08,10,3,0,1866,5
CodeForAfrica/actNOW,2024-04-15,8,3,0,1874,5
CodeForAfrica/actNOW,2024-04-22,7,2,0,1881,5
CodeForAfrica/actNOW,2024-04-29,6,3,0,1887,5
CodeForAfrica/actNOW,2024-05-06,5,2,0,1892,5
CodeForAfrica/actNOW,2024-05-13,6,2,0,1898,5
CodeForAfrica/actNOW,2024-05-20,8,2,0,1906,5
CodeForAfrica/actNOW,2024-05-27,2,2,0,1908,5
CodeForAfrica/actNOW,2024-06-03,2,2,0,1910,5
CodeForAfrica/actNOW,2024-06-10,4,2,0,1914,5
CodeForAfrica/actNOW,2024-06-17,3,3,0,1917,5
CodeForAfrica/actNOW,2024-06-24,6,2,0,1923,5
CodeForAfrica/actNOW,2024-07-01,11,3,0,1934,5
CodeForAfrica/actNOW,2024-07-08,10,2,0,1944,5
CodeForAfrica/actNOW,2024-07-15,12,2,0,1956,5
CodeForAfrica/actNOW,2024-07-22,6,3,0,1962,5
CodeForAfrica/actNOW,2024-07-29,6,2,0,1968,5
CodeForAfrica/actNOW,2024-08-05,13,3,0,1981,5
CodeForAfrica/actNOW,2024-08-12,3,2,0,1984,5
CodeForAfrica/actNOW,2024-08-19,5,2,0,1989,5
CodeForAfrica/actNOW,2024-08-26,6,2,0,1995,5
CodeForAfrica/actNOW,2024-09-02,1,1,0,1996,5
CodeForAfrica/actNOW,2024-09-16,2,2,0,1998,5
CodeForAfrica/actNOW,2024-09-30,2,2,0,2000,5
CodeForAfrica/actNOW,2024-10-07,4,3,0,2004,5
CodeForAfrica/actNOW,2024-10-21,4,3,0,2008,5
CodeForAfrica/actNOW,2024-10-28,2,2,0,2010,5
CodeForAfrica/actNOW,2024-12-02,1,1,0,2011,5
CodeForAfrica/actNOW,2025-02-03,5,2,0,2016,5
CodeForAfrica/actNOW,2025-02-10,2,2,0,2018,5
CodeForAfrica/actNOW,2025-02-17,4,3,0,2022,5
CodeForAfrica/actNOW,2025-02-24,4,2,0,2026,5
CodeForAfrica/actNOW,2025-03-03,2,2,0,2028,5
CodeForAfrica/actNOW,2025-03-17,2,2,0,2030,5
CodeForAfrica/actNOW,2025-03-31,2,2,0,2032,5
CodeForAfrica/actNOW,2025-06-02,2,2,0,2034,5
CodeForAfrica/actNOW,2025-06-23,2,2,0,2036,5
CodeForAfrica/actNOW,2025-07-21,2,2,0,2038,5
CodeForAfrica/actNOW,2025-08-04,3,3,0,2041,5
CodeForAfrica/actNOW,2025-08-11,7,3,0,2048,5
CodeForAfrica/actNOW,2025-09-15,2,2,0,2050,5
CodeForAfrica/actNOW,2025-09-22,3,3,0,2053,5
CodeForAfrica/actNOW,2025-10-06,2,2,0,2055,5
CodeForAfrica/actNOW,2025-10-13,7,3,0,2062,5
CodeForAfrica/actNOW,2025-11-10,2,2,0,2064,5
CodeForAfrica/actNOW,2025-11-17,1,1,0,2065,5
CodeForAfrica/actNOW,2025-11-24,1,1,0,2066,5
CodeForAfrica/actNOW,2025-12-08,2,2,0,2068,5
CodeForAfrica/actNOW,2025-12-15,2,2,0,2070,5
CodeForAfrica/actNOW,2026-01-05,2,1,0,2072,5
CodeForAfrica/actNOW,2026-01-12,2,2,0,2074,5
CodeForAfrica/actNOW,2026-01-19,3,2,0,2077,5
CodeForAfrica/actNOW,2026-01-26,4,2,0,2081,5
CodeForAfrica/actNOW,2026-02-23,2,2,0,2083,5
CodeForAfrica/actNOW,2026-03-02,7,3,0,2090,5
CodeForAfrica/actNOW,2026-03-09,7,3,0,2097,5
CodeForAfrica/actNOW,2026-03-16,3,3,0,2100,5
CodeForAfrica/actNOW,2026-03-23,1,1,0,2101,5
CodeForAfrica/actNOW,2026-04-06,2,2,0,2103,5
CodeForAfrica/actNOW,2026-04-13,4,3,0,2107,5
CodeForAfrica/actNOW,2026-04-27,3,3,0,2110,5
CodeForAfrica/actNOW,2026-05-04,1,1,0,2111,5
CodeForAfrica/openAFRICA,2017-08-28,6,1,1,6,1
CodeForAfrica/openAFRICA,2017-09-04,3,2,1,9,2
CodeForAfrica/openAFRICA,2017-09-11,2,1,0,11,2
CodeForAfrica/openAFRICA,2017-09-18,4,1,0,15,2
CodeForAfrica/openAFRICA,2017-09-25,5,3,1,20,3
CodeForAfrica/openAFRICA,2017-10-23,8,1,0,28,3
CodeForAfrica/openAFRICA,2018-02-05,3,1,0,31,3
CodeForAfrica/openAFRICA,2018-02-12,3,2,1,34,4
CodeForAfrica/openAFRICA,2018-02-19,1,1,0,35,4
CodeForAfrica/openAFRICA,2018-03-19,3,2,0,38,4
CodeForAfrica/openAFRICA,2018-03-26,2,2,0,40,4
CodeForAfrica/openAFRICA,2018-04-02,1,1,0,41,4
CodeForAfrica/openAFRICA,2018-04-16,1,1,0,42,4
CodeForAfrica/openAFRICA,2018-05-28,1,1,0,43,4
CodeForAfrica/openAFRICA,2018-06-04,3,1,0,46,4
CodeForAfrica/openAFRICA,2018-06-11,2,1,0,48,4
CodeForAfrica/openAFRICA,2018-10-15,2,1,0,50,4
CodeForAfrica/openAFRICA,2018-10-22,3,1,0,53,4
CodeForAfrica/openAFRICA,2019-03-25,5,2,0,58,4
CodeForAfrica/openAFRICA,2019-08-12,4,1,0,62,4
CodeForAfrica/openAFRICA,2019-08-19,12,1,0,74,4
CodeForAfrica/openAFRICA,2019-09-02,3,1,0,77,4
CodeForAfrica/openAFRICA,2020-01-27,4,1,0,81,4
CodeForAfrica/openAFRICA,2022-09-26,2,1,1,83,5
CodeForAfrica/openAFRICA,2022-10-24,5,1,0,88,5
CodeForAfrica/openAFRICA,2022-11-07,1,1,0,89,5
CodeForAfrica/openAFRICA,2023-02-27,1,1,1,90,6
CodeForAfrica/openAFRICA,2023-03-20,1,1,0,91,6
CodeForAfrica/openAFRICA,2023-04-03,2,1,0,93,6
CodeForAfrica/openAFRICA,2023-04-10,2,1,0,95,6
CodeForAfrica/openAFRICA,2023-04-17,1,1,0,96,6
CodeForAfrica/openAFRICA,2023-06-12,1,1,0,97,6
CodeForAfrica/openAFRICA,2023-07-24,5,1,0,102,6
CodeForAfrica/openAFRICA,2023-07-31,1,1,1,103,7
CodeForAfrica/openAFRICA,2023-08-07,1,1,0,104,7
CodeForAfrica/openAFRICA,2024-01-29,1,1,0,105,7
CodeForAfrica/openAFRICA,2024-02-05,7,1,0,112,7
CodeForAfrica/openAFRICA,2024-03-18,1,1,0,113,7
CodeForAfrica/openAFRICA,2024-04-01,6,1,0,119,7
CodeForAfrica/openAFRICA,2024-04-22,1,1,0,120,7
CodeForAfrica/openAFRICA,2024-05-27,6,1,0,126,7
CodeForAfrica/openAFRICA,2024-06-03,2,1,0,128,7
CodeForAfrica/openAFRICA,2024-06-10,4,1,0,132,7
CodeForAfrica/openAFRICA,2024-10-21,3,1,0,135,7
CodeForAfrica/openAFRICA,2025-02-17,6,1,0,141,7
CodeForAfrica/openAFRICA,2025-02-24,2,1,0,143,7
CodeForAfrica/openAFRICA,2025-05-26,3,1,0,146,7
CodeForAfrica/openAFRICA,2025-06-02,1,1,0,147,7
CodeForAfrica/openAFRICA,2025-07-14,3,1,0,150,7
CodeForAfrica/openAFRICA,2025-10-13,4,1,1,154,8
CodeForAfrica/outbreak.AFRICA,2020-03-16,18,3,3,18,3
CodeForAfrica/outbreak.AFRICA,2020-03-23,23,4,1,41,4
CodeForAfrica/outbreak.AFRICA,2020-03-30,11,2,0,52,4
CodeForAfrica/outbreak.AFRICA,2020-04-06,31,4,1,83,5
CodeForAfrica/outbreak.AFRICA,2020-04-13,32,3,0,115,5
CodeForAfrica/outbreak.AFRICA,2020-04-20,130,5,1,245,6
CodeForAfrica/outbreak.AFRICA,2020-04-27,94,4,0,339,6
CodeForAfrica/outbreak.AFRICA,2020-05-04,100,4,0,439,6
CodeForAfrica/outbreak.AFRICA,2020-05-11,64,3,0,503,6
CodeForAfrica/outbreak.AFRICA,2020-05-18,73,4,0,576,6
CodeForAfrica/outbreak.AFRICA,2020-05-25,162,3,0,738,6
CodeForAfrica/outbreak.AFRICA,2020-06-01,153,4,0,891,6
CodeForAfrica/outbreak.AFRICA,2020-06-08,48,4,0,939,6
CodeForAfrica/outbreak.AFRICA,2020-06-15,20,2,0,959,6
CodeForAfrica/outbreak.AFRICA,2020-06-22,3,1,0,962,6
CodeForAfrica/outbreak.AFRICA,2020-06-29,10,2,0,972,6
CodeForAfrica/outbreak.AFRICA,2020-07-06,68,2,0,1040,6
CodeForAfrica/outbreak.AFRICA,2020-07-13,54,3,1,1094,7
CodeForAfrica/outbreak.AFRICA,2020-07-20,19,2,0,1113,7
CodeForAfrica/outbreak.AFRICA,2020-07-27,9,1,0,1122,7
CodeForAfrica/outbreak.AFRICA,2020-08-10,33,2,0,1155,7
CodeForAfrica/outbreak.AFRICA,2020-08-17,14,2,0,1169,7
CodeForAfrica/outbreak.AFRICA,2020-08-24,7,2,1,1176,8
CodeForAfrica/outbreak.AFRICA,2020-08-31,7,1,0,1183,8
CodeForAfrica/outbreak.AFRICA,2020-09-07,10,1,0,1193,8
CodeForAfrica/outbreak.AFRICA,2021-02-15,15,3,1,1208,9
CodeForAfrica/outbreak.AFRICA,2021-03-01,6,2,1,1214,10
CodeForAfrica/outbreak.AFRICA,2021-03-08,1,1,0,1215,10
CodeForAfrica/outbreak.AFRICA,2021-03-15,1,1,0,1216,10
CodeForAfrica/outbreak.AFRICA,2021-03-29,2,2,0,1218,10
CodeForAfrica/outbreak.AFRICA,2021-04-12,6,2,0,1224,10
CodeForAfrica/outbreak.AFRICA,2021-05-03,2,1,0,1226,10
CodeForAfrica/outbreak.AFRICA,2021-05-31,1,1,0,1227,10
CodeForAfrica/outbreak.AFRICA,2021-06-07,6,2,0,1233,10
CodeForAfrica/outbreak.AFRICA,2021-08-02,1,1,1,1234,11
CodeForAfrica/outbreak.AFRICA,2021-08-09,1,1,0,1235,11
CodeForAfrica/outbreak.AFRICA,2021-08-23,8,2,0,1243,11
CodeForAfrica/outbreak.AFRICA,2021-08-30,2,2,0,1245,11
CodeForAfrica/outbreak.AFRICA,2021-11-15,1,1,0,1246,11
CodeForAfrica/outbreak.AFRICA,2021-12-06,1,1,0,1247,11
CodeForAfrica/outbreak.AFRICA,2022-01-31,3,1,0,1250,11
CodeForAfrica/outbreak.AFRICA,2022-02-07,15,1,0,1265,11
CodeForAfrica/outbreak.AFRICA,2022-02-14,28,2,0,1293,11
CodeForAfrica/outbreak.AFRICA,2022-02-21,25,1,0,1318,11
CodeForAfrica/outbreak.AFRICA,2022-02-28,2,1,0,1320,11
CodeForAfrica/outbreak.AFRICA,2022-03-21,1,1,0,1321,11
CodeForAfrica/outbreak.AFRICA,2022-03-28,1,1,0,1322,11
CodeForAfrica/outbreak.AFRICA,2022-05-16,2,2,0,1324,11
CodeForAfrica/outbreak.AFRICA,2022-05-30,2,2,0,1326,11
CodeForAfrica/outbreak.AFRICA,2022-07-18,2,2,0,1328,11
CodeForAfrica/outbreak.AFRICA,2022-11-07,2,2,0,1330,11
CodeForAfrica/outbreak.AFRICA,2022-11-14,2,2,0,1332,11
CodeForAfrica/outbreak.AFRICA,2022-12-05,2,2,0,1334,11
CodeForAfrica/outbreak.AFRICA,2023-03-13,2,2,0,1336,11
CodeForAfrica/outbreak.AFRICA,2023-07-03,2,1,1,1338,12
CodeForAfrica/outbreak.AFRICA,2023-07-10,1,1,0,1339,12
CodeForAfrica/outbreak.AFRICA,2023-07-17,3,2,0,1342,12
CodeForAfrica/outbreak.AFRICA,2023-10-16,2,2,0,1344,12
CodeForAfrica/outbreak.AFRICA,2023-11-13,2,2,0,1346,12
CodeForAfrica/outbreak.AFRICA,2025-10-06,6,1,0,1352,12
CodeForAfrica/sensors.AFRICA,2018-03-19,1,1,1,1,1
CodeForAfrica/sensors.AFRICA,2018-03-26,2,2,2,3,3
CodeForAfrica/sensors.AFRICA,2018-04-02,5,3,0,8,3
CodeForAfrica/sensors.AFRICA,2018-04-16,27,2,0,35,3
CodeForAfrica/sensors.AFRICA,2018-04-23,19,2,1,54,4
CodeForAfrica/sensors.AFRICA,2018-05-14,5,2,1,59,5
CodeForAfrica/sensors.AFRICA,2018-05-21,2,1,0,61,5
CodeForAfrica/sensors.AFRICA,2018-08-06,3,2,1,64,6
CodeForAfrica/sensors.AFRICA,2018-08-13,11,2,0,75,6
CodeForAfrica/sensors.AFRICA,2018-08-20,30,2,0,105,6
CodeForAfrica/sensors.AFRICA,2018-08-27,16,2,0,121,6
CodeForAfrica/sensors.AFRICA,2018-09-03,51,2,0,172,6
CodeForAfrica/sensors.AFRICA,2018-09-10,21,2,0,193,6
CodeForAfrica/sensors.AFRICA,2018-09-17,30,2,0,223,6
CodeForAfrica/sensors.AFRICA,2018-09-24,7,2,0,230,6
CodeForAfrica/sensors.AFRICA,2018-10-01,14,3,2,244,8
CodeForAfrica/sensors.AFRICA,2018-10-08,55,3,0,299,8
CodeForAfrica/sensors.AFRICA,2018-10-15,111,4,2,410,10
CodeForAfrica/sensors.AFRICA,2018-10-22,46,4,0,456,10
CodeForAfrica/sensors.AFRICA,2018-10-29,24,3,0,480,10
CodeForAfrica/sensors.AFRICA,2018-11-05,29,3,0,509,10
CodeForAfrica/sensors.AFRICA,2018-11-12,22,3,0,531,10
CodeForAfrica/sensors.AFRICA,2018-11-19,15,2,0,546,10
CodeForAfrica/sensors.AFRICA,2018-11-26,41,2,0,587,10
CodeForAfrica/sensors.AFRICA,2018-12-03,15,2,0,602,10
CodeForAfrica/sensors.AFRICA,2018-12-10,19,2,0,621,10
CodeForAfrica/sensors.AFRICA,2018-12-17,5,2,0,626,10
CodeForAfrica/sensors.AFRICA,2019-01-07,43,2,0,669,10
CodeForAfrica/sensors.AFRICA,2019-01-14,20,2,0,689,10
CodeForAfrica/sensors.AFRICA,2019-01-21,3,2,0,692,10
CodeForAfrica/sensors.AFRICA,2019-01-28,5,2,0,697,10
CodeForAfrica/sensors.AFRICA,2019-02-04,2,1,0,699,10
CodeForAfrica/sensors.AFRICA,2019-02-11,11,1,0,710,10
CodeForAfrica/sensors.AFRICA,2019-02-18,36,2,0,746,10
CodeForAfrica/sensors.AFRICA,2019-02-25,7,2,0,753,10
CodeForAfrica/sensors.AFRICA,2019-03-04,24,3,1,777,11
CodeForAfrica/sensors.AFRICA,2019-03-18,14,4,0,791,11
CodeForAfrica/sensors.AFRICA,2019-03-25,16,3,0,807,11
CodeForAfrica/sensors.AFRICA,2019-04-01,3,2,0,810,11
CodeForAfrica/sensors.AFRICA,2019-04-08,8,2,0,818,11
CodeForAfrica/sensors.AFRICA,2019-04-22,5,1,0,823,11
CodeForAfrica/sensors.AFRICA,2019-04-29,7,3,0,830,11
CodeForAfrica/sensors.AFRICA,2019-05-06,1,1,0,831,11
CodeForAfrica/sensors.AFRICA,2019-05-20,14,4,1,845,12
CodeForAfrica/sensors.AFRICA,2019-05-27,7,3,0,852,12
CodeForAfrica/sensors.AFRICA,2019-06-03,4,1,0,856,12
CodeForAfrica/sensors.AFRICA,2019-06-17,1,1,0,857,12
CodeForAfrica/sensors.AFRICA,2019-06-24,2,2,0,859,12
CodeForAfrica/sensors.AFRICA,2019-07-01,2,1,0,861,12
CodeForAfrica/sensors.AFRICA,2019-07-08,1,1,1,862,13
CodeForAfrica/sensors.AFRICA,2019-07-15,3,2,0,865,13
CodeForAfrica/sensors.AFRICA,2019-09-02,6,2,0,871,13
CodeForAfrica/sensors.AFRICA,2019-09-09,2,1,0,873,13
CodeForAfrica/sensors.AFRICA,2019-10-07,10,1,0,883,13
CodeForAfrica/sensors.AFRICA,2019-10-14,5,2,0,888,13
CodeForAfrica/sensors.AFRICA,2020-02-10,1,1,0,889,13
CodeForAfrica/sensors.AFRICA,2020-02-17,3,2,0,892,13
CodeForAfrica/sensors.AFRICA,2020-02-24,2,1,0,894,13
CodeForAfrica/sensors.AFRICA,2020-03-02,3,2,0,897,13
CodeForAfrica/sensors.AFRICA,2020-03-09,29,3,0,926,13
CodeForAfrica/sensors.AFRICA,2020-03-16,24,2,0,950,13
CodeForAfrica/sensors.AFRICA,2020-03-23,40,3,0,990,13
CodeForAfrica/sensors.AFRICA,2020-03-30,7,1,0,997,13
CodeForAfrica/sensors.AFRICA,2020-04-13,2,2,0,999,13
CodeForAfrica/sensors.AFRICA,2020-11-02,6,3,2,1005,15
CodeForAfrica/sensors.AFRICA,2020-12-07,2,2,0,1007,15
CodeForAfrica/sensors.AFRICA,2021-03-29,5,2,0,1012,15
CodeForAfrica/sensors.AFRICA,2021-05-03,1,1,0,1013,15
CodeForAfrica/sensors.AFRICA,2021-06-14,1,1,0,1014,15
CodeForAfrica/sensors.AFRICA,2021-07-26,2,1,0,1016,15
CodeForAfrica/sensors.AFRICA,2021-08-09,1,1,1,1017,16
CodeForAfrica/sensors.AFRICA,2021-08-23,1,1,0,1018,16
CodeForAfrica/sensors.AFRICA,2021-08-30,2,2,0,1020,16
CodeForAfrica/sensors.AFRICA,2021-09-20,2,2,0,1022,16
CodeForAfrica/sensors.AFRICA,2021-10-25,3,2,0,1025,16
CodeForAfrica/sensors.AFRICA,2022-01-17,1,1,0,1026,16
CodeForAfrica/sensors.AFRICA,2022-01-24,4,2,0,1030,16
CodeForAfrica/sensors.AFRICA,2022-01-31,13,2,0,1043,16
CodeForAfrica/sensors.AFRICA,2022-02-07,7,3,0,1050,16
CodeForAfrica/sensors.AFRICA,2022-02-14,1,1,0,1051,16
CodeForAfrica/sensors.AFRICA,2022-02-21,6,1,0,1057,16
CodeForAfrica/sensors.AFRICA,2022-03-21,1,1,0,1058,16
CodeForAfrica/sensors.AFRICA,2022-03-28,1,1,0,1059,16
CodeForAfrica/sensors.AFRICA,2022-05-09,12,1,1,1071,17
CodeForAfrica/sensors.AFRICA,2022-07-18,2,2,0,1073,17
CodeForAfrica/sensors.AFRICA,2022-08-08,3,2,1,1076,18
CodeForAfrica/sensors.AFRICA,2022-11-07,2,2,0,1078,18
CodeForAfrica/sensors.AFRICA,2022-11-14,2,2,0,1080,18
CodeForAfrica/sensors.AFRICA,2022-11-21,3,1,0,1083,18
CodeForAfrica/sensors.AFRICA,2022-12-05,19,4,2,1102,20
CodeForAfrica/sensors.AFRICA,2022-12-12,13,3,1,1115,21
CodeForAfrica/sensors.AFRICA,2023-03-13,2,2,0,1117,21
CodeForAfrica/sensors.AFRICA,2023-07-10,22,5,1,1139,22
CodeForAfrica/sensors.AFRICA,2023-07-17,2,2,0,1141,22
CodeForAfrica/sensors.AFRICA,2023-07-24,13,2,0,1154,22
CodeForAfrica/sensors.AFRICA,2023-07-31,3,2,0,1157,22
CodeForAfrica/sensors.AFRICA,2023-08-07,5,2,0,1162,22
CodeForAfrica/sensors.AFRICA,2023-08-14,1,1,0,1163,22
CodeForAfrica/sensors.AFRICA,2023-08-21,5,2,0,1168,22
CodeForAfrica/sensors.AFRICA,2023-08-28,3,2,0,1171,22
CodeForAfrica/sensors.AFRICA,2023-09-04,20,2,0,1191,22
CodeForAfrica/sensors.AFRICA,2023-10-16,2,2,0,1193,22
CodeForAfrica/sensors.AFRICA,2023-10-23,2,2,0,1195,22
CodeForAfrica/sensors.AFRICA,2023-11-13,2,2,0,1197,22
CodeForAfrica/sensors.AFRICA,2024-03-25,2,2,0,1199,22
CodeForAfrica/sensors.AFRICA,2024-04-15,1,1,0,1200,22
CodeForAfrica/sensors.AFRICA,2024-05-06,1,1,0,1201,22
CodeForAfrica/sensors.AFRICA,2024-07-15,11,1,0,1212,22
CodeForAfrica/sensors.AFRICA,2024-07-22,1,1,0,1213,22
CodeForAfrica/sensors.AFRICA,2024-07-29,3,2,0,1216,22
CodeForAfrica/sensors.AFRICA,2024-10-21,3,1,1,1219,23
CodeForAfrica/sensors.AFRICA,2024-10-28,9,1,0,1228,23
CodeForAfrica/sensors.AFRICA,2024-11-04,8,2,1,1236,24
CodeForAfrica/sensors.AFRICA,2024-11-11,2,1,0,1238,24
CodeForAfrica/sensors.AFRICA,2024-11-25,2,2,0,1240,24
CodeForAfrica/sensors.AFRICA,2025-08-25,1,1,0,1241,24
CodeForAfrica/sensors.AFRICA,2025-09-15,30,1,0,1271,24
CodeForAfrica/sensors.AFRICA,2026-04-20,1,1,0,1272,24
CodeForAfrica/ui,2022-07-11,1243,10,10,1243,10
CodeForAfrica/ui,2022-07-18,137,3,1,1380,11
CodeForAfrica/ui,2022-07-25,97,3,0,1477,11
CodeForAfrica/ui,2022-08-01,136,3,0,1613,11
CodeForAfrica/ui,2022-08-08,73,3,0,1686,11
CodeForAfrica/ui,2022-08-15,64,3,0,1750,11
CodeForAfrica/ui,2022-08-22,63,3,0,1813,11
CodeForAfrica/ui,2022-08-29,89,4,1,1902,12
CodeForAfrica/ui,2022-09-05,60,4,0,1962,12
CodeForAfrica/ui,2022-09-12,5,2,0,1967,12
CodeForAfrica/ui,2022-10-10,10,1,0,1977,12
CodeForAfrica/ui,2022-10-17,13,1,0,1990,12
CodeForAfrica/ui,2022-10-24,6,1,0,1996,12
CodeForAfrica/ui,2022-10-31,30,1,0,2026,12
CodeForAfrica/ui,2022-11-07,32,3,1,2058,13
CodeForAfrica/ui,2022-11-14,68,4,1,2126,14
CodeForAfrica/ui,2022-11-21,13,3,0,2139,14
CodeForAfrica/ui,2022-11-28,9,1,0,2148,14
CodeForAfrica/ui,2022-12-05,40,2,0,2188,14
CodeForAfrica/ui,2022-12-12,13,2,0,2201,14
CodeForAfrica/ui,2023-01-09,50,3,1,2251,15
CodeForAfrica/ui,2023-01-16,111,3,0,2362,15
CodeForAfrica/ui,2023-01-23,98,3,0,2460,15
CodeForAfrica/ui,2023-01-30,89,3,0,2549,15
CodeForAfrica/ui,2023-02-06,83,4,0,2632,15
CodeForAfrica/ui,2023-02-13,67,3,0,2699,15
CodeForAfrica/ui,2023-02-20,104,4,0,2803,15
CodeForAfrica/ui,2023-02-27,182,4,0,2985,15
CodeForAfrica/ui,2023-03-06,62,3,0,3047,15
CodeForAfrica/ui,2023-03-13,80,3,0,3127,15
CodeForAfrica/ui,2023-03-20,114,3,0,3241,15
CodeForAfrica/ui,2023-03-27,85,4,0,3326,15
CodeForAfrica/ui,2023-04-03,17,2,0,3343,15
CodeForAfrica/ui,2023-04-10,13,2,0,3356,15
CodeForAfrica/ui,2023-04-17,11,1,0,3367,15
CodeForAfrica/ui,2023-04-24,43,2,0,3410,15
CodeForAfrica/ui,2023-05-01,37,2,0,3447,15
CodeForAfrica/ui,2023-05-08,44,2,0,3491,15
CodeForAfrica/ui,2023-05-15,34,3,0,3525,15
CodeForAfrica/ui,2023-05-22,210,3,0,3735,15
CodeForAfrica/ui,2023-05-29,49,3,0,3784,15
CodeForAfrica/ui,2023-06-05,34,1,0,3818,15
CodeForAfrica/ui,2023-06-12,67,4,0,3885,15
CodeForAfrica/ui,2023-06-19,64,3,0,3949,15
CodeForAfrica/ui,2023-06-26,77,3,0,4026,15
CodeForAfrica/ui,2023-07-03,72,4,0,4098,15
CodeForAfrica/ui,2023-07-10,49,5,0,4147,15
CodeForAfrica/ui,2023-07-17,69,4,0,4216,15
CodeForAfrica/ui,2023-07-24,86,4,0,4302,15
CodeForAfrica/ui,2023-07-31,132,4,0,4434,15
CodeForAfrica/ui,2023-08-07,28,2,0,4462,15
CodeForAfrica/ui,2023-08-14,15,2,1,4477,16
CodeForAfrica/ui,2023-08-21,27,3,0,4504,16
CodeForAfrica/ui,2023-08-28,45,3,0,4549,16
CodeForAfrica/ui,2023-09-04,92,5,0,4641,16
CodeForAfrica/ui,2023-09-11,81,2,0,4722,16
CodeForAfrica/ui,2023-09-18,125,3,0,4847,16
CodeForAfrica/ui,2023-09-25,116,3,0,4963,16
CodeForAfrica/ui,2023-10-02,89,3,0,5052,16
CodeForAfrica/ui,2023-10-09,34,3,0,5086,16
CodeForAfrica/ui,2023-11-06,15,2,0,5101,16
CodeForAfrica/ui,2023-11-13,3,2,0,5104,16
CodeForAfrica/ui,2023-11-20,6,2,0,5110,16
CodeForAfrica/ui,2023-11-27,19,2,0,5129,16
CodeForAfrica/ui,2023-12-04,55,3,0,5184,16
CodeForAfrica/ui,2023-12-11,8,1,0,5192,16
CodeForAfrica/ui,2024-01-08,6,1,0,5198,16
CodeForAfrica/ui,2024-01-15,18,2,0,5216,16
CodeForAfrica/ui,2024-01-22,16,3,0,5232,16
CodeForAfrica/ui,2024-01-29,5,1,0,5237,16
CodeForAfrica/ui,2024-02-05,5,2,0,5242,16
CodeForAfrica/ui,2024-02-12,12,2,0,5254,16
CodeForAfrica/ui,2024-02-19,9,2,0,5263,16
CodeForAfrica/ui,2024-02-26,13,1,0,5276,16
CodeForAfrica/ui,2024-03-11,12,1,0,5288,16
CodeForAfrica/ui,2024-03-18,12,1,0,5300,16
CodeForAfrica/ui,2024-04-15,7,1,0,5307,16
CodeForAfrica/ui,2024-04-22,2,1,0,5309,16
CodeForAfrica/ui,2024-04-29,3,1,0,5312,16
CodeForAfrica/ui,2024-05-06,23,5,1,5335,17
CodeForAfrica/ui,2024-05-13,25,3,0,5360,17
CodeForAfrica/ui,2024-05-20,26,3,0,5386,17
CodeForAfrica/ui,2024-05-27,33,3,0,5419,17
CodeForAfrica/ui,2024-06-03,53,3,1,5472,18
CodeForAfrica/ui,2024-06-10,42,3,0,5514,18
CodeForAfrica/ui,2024-06-17,128,5,0,5642,18
CodeForAfrica/ui,2024-06-24,110,4,0,5752,18
CodeForAfrica/ui,2024-07-01,72,3,0,5824,18
CodeForAfrica/ui,2024-07-08,45,4,0,5869,18
CodeForAfrica/ui,2024-07-15,90,5,1,5959,19
CodeForAfrica/ui,2024-07-22,29,3,0,5988,19
CodeForAfrica/ui,2024-07-29,100,5,0,6088,19
CodeForAfrica/ui,2024-08-05,61,6,0,6149,19
CodeForAfrica/ui,2024-08-12,43,5,0,6192,19
CodeForAfrica/ui,2024-08-19,67,4,1,6259,20
CodeForAfrica/ui,2024-08-26,45,3,0,6304,20
CodeForAfrica/ui,2024-09-02,67,4,0,6371,20
CodeForAfrica/ui,2024-09-09,37,4,0,6408,20
CodeForAfrica/ui,2024-09-16,73,4,0,6481,20
CodeForAfrica/ui,2024-09-23,47,3,0,6528,20
CodeForAfrica/ui,2024-09-30,39,3,0,6567,20
CodeForAfrica/ui,2024-10-07,60,5,0,6627,20
CodeForAfrica/ui,2024-10-14,159,5,0,6786,20
CodeForAfrica/ui,2024-10-21,107,4,0,6893,20
CodeForAfrica/ui,2024-10-28,56,4,0,6949,20
CodeForAfrica/ui,2024-11-04,50,3,0,6999,20
CodeForAfrica/ui,2024-11-11,47,3,0,7046,20
CodeForAfrica/ui,2024-11-18,29,2,0,7075,20
CodeForAfrica/ui,2024-11-25,37,3,0,7112,20
CodeForAfrica/ui,2024-12-02,39,4,1,7151,21
CodeForAfrica/ui,2024-12-09,19,4,0,7170,21
CodeForAfrica/ui,2025-01-06,15,2,0,7185,21
CodeForAfrica/ui,2025-01-13,16,4,0,7201,21
CodeForAfrica/ui,2025-01-20,9,3,0,7210,21
CodeForAfrica/ui,2025-01-27,26,3,0,7236,21
CodeForAfrica/ui,2025-02-03,15,3,0,7251,21
CodeForAfrica/ui,2025-02-10,3,1,0,7254,21
CodeForAfrica/ui,2025-02-17,9,2,0,7263,21
CodeForAfrica/ui,2025-02-24,16,3,0,7279,21
CodeForAfrica/ui,2025-03-03,25,2,0,7304,21
CodeForAfrica/ui,2025-03-10,23,2,0,7327,21
CodeForAfrica/ui,2025-03-17,13,1,0,7340,21
CodeForAfrica/ui,2025-03-24,34,3,0,7374,21
CodeForAfrica/ui,2025-03-31,2,1,0,7376,21
CodeForAfrica/ui,2025-04-07,4,2,0,7380,21
CodeForAfrica/ui,2025-04-14,33,3,0,7413,21
CodeForAfrica/ui,2025-04-21,25,3,0,7438,21
CodeForAfrica/ui,2025-04-28,5,1,0,7443,21
CodeForAfrica/ui,2025-05-05,36,4,0,7479,21
CodeForAfrica/ui,2025-05-12,86,3,0,7565,21
CodeForAfrica/ui,2025-05-19,62,3,0,7627,21
CodeForAfrica/ui,2025-05-26,77,3,0,7704,21
CodeForAfrica/ui,2025-06-02,34,2,0,7738,21
CodeForAfrica/ui,2025-06-09,97,3,0,7835,21
CodeForAfrica/ui,2025-06-16,68,2,0,7903,21
CodeForAfrica/ui,2025-06-23,20,2,0,7923,21
CodeForAfrica/ui,2025-06-30,39,4,0,7962,21
CodeForAfrica/ui,2025-07-07,18,2,0,7980,21
CodeForAfrica/ui,2025-07-14,1,1,0,7981,21
CodeForAfrica/ui,2025-07-21,6,3,0,7987,21
CodeForAfrica/ui,2025-07-28,6,1,0,7993,21
CodeForAfrica/ui,2025-08-04,16,1,0,8009,21
CodeForAfrica/ui,2025-08-11,40,2,0,8049,21
CodeForAfrica/ui,2025-08-18,32,1,0,8081,21
CodeForAfrica/ui,2025-08-25,7,1,0,8088,21
CodeForAfrica/ui,2025-09-01,11,1,0,8099,21
CodeForAfrica/ui,2025-09-08,4,2,1,8103,22
CodeForAfrica/ui,2025-09-15,41,4,0,8144,22
CodeForAfrica/ui,2025-09-22,11,2,0,8155,22
CodeForAfrica/ui,2025-09-29,15,2,0,8170,22
CodeForAfrica/ui,2025-10-06,16,2,0,8186,22
CodeForAfrica/ui,2025-10-13,16,1,0,8202,22
CodeForAfrica/ui,2025-10-20,4,3,0,8206,22
CodeForAfrica/ui,2025-10-27,34,4,0,8240,22
CodeForAfrica/ui,2025-11-03,8,3,0,8248,22
CodeForAfrica/ui,2025-11-10,18,2,0,8266,22
CodeForAfrica/ui,2025-11-17,10,2,0,8276,22
CodeForAfrica/ui,2025-11-24,23,2,0,8299,22
CodeForAfrica/ui,2025-12-01,17,4,1,8316,23
CodeForAfrica/ui,2025-12-08,3,3,0,8319,23
CodeForAfrica/ui,2026-01-05,5,4,0,8324,23
CodeForAfrica/ui,2026-01-19,6,3,0,8330,23
CodeForAfrica/ui,2026-01-26,8,3,0,8338,23
CodeForAfrica/ui,2026-02-02,7,2,0,8345,23
CodeForAfrica/ui,2026-02-09,5,2,0,8350,23
CodeForAfrica/ui,2026-02-16,5,4,0,8355,23
CodeForAfrica/ui,2026-02-23,19,5,0,8374,23
CodeForAfrica/ui,2026-03-02,16,1,0,8390,23
CodeForAfrica/ui,2026-03-09,37,3,0,8427,23
CodeForAfrica/ui,2026-03-16,42,4,0,8469,23
CodeForAfrica/ui,2026-03-23,20,4,0,8489,23
CodeForAfrica/ui,2026-03-30,44,4,0,8533,23
CodeForAfrica/ui,2026-04-06,42,4,0,8575,23
CodeForAfrica/ui,2026-04-13,43,4,0,8618,23
CodeForAfrica/ui,2026-04-20,58,4,0,8676,23
CodeForAfrica/ui,2026-04-27,24,1,0,8700,23
DemocracyClub/UK-Polling-Stations,2015-02-16,4,1,1,4,1
DemocracyClub/UK-Polling-Stations,2015-02-23,23,1,0,27,1
DemocracyClub/UK-Polling-Stations,2015-03-09,1,1,0,28,1
DemocracyClub/UK-Polling-Stations,2015-03-16,2,2,1,30,2
DemocracyClub/UK-Polling-Stations,2015-03-23,7,2,1,37,3
DemocracyClub/UK-Polling-Stations,2015-03-30,82,2,0,119,3
DemocracyClub/UK-Polling-Stations,2015-04-06,63,2,0,182,3
DemocracyClub/UK-Polling-Stations,2015-04-13,34,2,0,216,3
DemocracyClub/UK-Polling-Stations,2015-04-27,33,3,1,249,4
DemocracyClub/UK-Polling-Stations,2015-05-04,4,2,0,253,4
DemocracyClub/UK-Polling-Stations,2015-09-07,4,1,0,257,4
DemocracyClub/UK-Polling-Stations,2016-01-18,3,1,0,260,4
DemocracyClub/UK-Polling-Stations,2016-01-25,6,1,1,266,5
DemocracyClub/UK-Polling-Stations,2016-02-01,16,3,1,282,6
DemocracyClub/UK-Polling-Stations,2016-02-08,11,2,0,293,6
DemocracyClub/UK-Polling-Stations,2016-02-15,19,2,0,312,6
DemocracyClub/UK-Polling-Stations,2016-02-29,25,3,1,337,7
DemocracyClub/UK-Polling-Stations,2016-03-07,14,4,0,351,7
DemocracyClub/UK-Polling-Stations,2016-03-14,75,5,0,426,7
DemocracyClub/UK-Polling-Stations,2016-03-21,50,4,1,476,8
DemocracyClub/UK-Polling-Stations,2016-03-28,34,2,0,510,8
DemocracyClub/UK-Polling-Stations,2016-04-04,13,3,0,523,8
DemocracyClub/UK-Polling-Stations,2016-04-11,34,3,0,557,8
DemocracyClub/UK-Polling-Stations,2016-04-18,23,2,0,580,8
DemocracyClub/UK-Polling-Stations,2016-04-25,27,2,0,607,8
DemocracyClub/UK-Polling-Stations,2016-05-02,23,3,0,630,8
DemocracyClub/UK-Polling-Stations,2016-05-09,3,1,0,633,8
DemocracyClub/UK-Polling-Stations,2016-05-16,4,3,0,637,8
DemocracyClub/UK-Polling-Stations,2016-05-23,19,2,0,656,8
DemocracyClub/UK-Polling-Stations,2016-05-30,7,2,0,663,8
DemocracyClub/UK-Polling-Stations,2016-06-06,59,3,0,722,8
DemocracyClub/UK-Polling-Stations,2016-06-13,89,3,1,811,9
DemocracyClub/UK-Polling-Stations,2016-06-20,54,3,0,865,9
DemocracyClub/UK-Polling-Stations,2016-07-11,14,2,0,879,9
DemocracyClub/UK-Polling-Stations,2016-07-18,2,1,0,881,9
DemocracyClub/UK-Polling-Stations,2016-08-01,15,1,0,896,9
DemocracyClub/UK-Polling-Stations,2016-08-08,22,1,0,918,9
DemocracyClub/UK-Polling-Stations,2016-08-15,22,1,0,940,9
DemocracyClub/UK-Polling-Stations,2016-09-05,14,2,0,954,9
DemocracyClub/UK-Polling-Stations,2016-09-12,5,1,0,959,9
DemocracyClub/UK-Polling-Stations,2016-09-19,2,1,0,961,9
DemocracyClub/UK-Polling-Stations,2016-10-03,8,2,0,969,9
DemocracyClub/UK-Polling-Stations,2016-10-10,5,3,0,974,9
DemocracyClub/UK-Polling-Stations,2016-10-17,7,3,0,981,9
DemocracyClub/UK-Polling-Stations,2016-10-24,3,1,0,984,9
DemocracyClub/UK-Polling-Stations,2016-10-31,8,2,0,992,9
DemocracyClub/UK-Polling-Stations,2016-11-07,6,2,1,998,10
DemocracyClub/UK-Polling-Stations,2016-11-14,18,3,0,1016,10
DemocracyClub/UK-Polling-Stations,2016-11-21,6,1,0,1022,10
DemocracyClub/UK-Polling-Stations,2016-11-28,1,1,0,1023,10
DemocracyClub/UK-Polling-Stations,2016-12-05,6,2,0,1029,10
DemocracyClub/UK-Polling-Stations,2016-12-12,17,2,0,1046,10
DemocracyClub/UK-Polling-Stations,2016-12-19,3,2,0,1049,10
DemocracyClub/UK-Polling-Stations,2016-12-26,35,1,0,1084,10
DemocracyClub/UK-Polling-Stations,2017-01-02,9,1,0,1093,10
DemocracyClub/UK-Polling-Stations,2017-01-09,17,2,0,1110,10
DemocracyClub/UK-Polling-Stations,2017-01-16,11,2,1,1121,11
DemocracyClub/UK-Polling-Stations,2017-01-23,7,2,0,1128,11
DemocracyClub/UK-Polling-Stations,2017-01-30,6,1,0,1134,11
DemocracyClub/UK-Polling-Stations,2017-02-06,12,3,0,1146,11
DemocracyClub/UK-Polling-Stations,2017-02-13,54,3,0,1200,11
DemocracyClub/UK-Polling-Stations,2017-02-20,6,1,0,1206,11
DemocracyClub/UK-Polling-Stations,2017-02-27,12,2,0,1218,11
DemocracyClub/UK-Polling-Stations,2017-03-06,35,2,0,1253,11
DemocracyClub/UK-Polling-Stations,2017-03-13,48,3,0,1301,11
DemocracyClub/UK-Polling-Stations,2017-03-20,4,2,0,1305,11
DemocracyClub/UK-Polling-Stations,2017-03-27,110,2,0,1415,11
DemocracyClub/UK-Polling-Stations,2017-04-03,58,2,0,1473,11
DemocracyClub/UK-Polling-Stations,2017-04-10,49,2,0,1522,11
DemocracyClub/UK-Polling-Stations,2017-04-17,49,2,0,1571,11
DemocracyClub/UK-Polling-Stations,2017-04-24,50,3,0,1621,11
DemocracyClub/UK-Polling-Stations,2017-05-01,38,2,0,1659,11
DemocracyClub/UK-Polling-Stations,2017-05-08,45,2,0,1704,11
DemocracyClub/UK-Polling-Stations,2017-05-15,81,2,0,1785,11
DemocracyClub/UK-Polling-Stations,2017-05-22,96,3,1,1881,12
DemocracyClub/UK-Polling-Stations,2017-05-29,64,1,0,1945,12
DemocracyClub/UK-Polling-Stations,2017-06-05,49,2,1,1994,13
DemocracyClub/UK-Polling-Stations,2017-06-26,10,2,0,2004,13
DemocracyClub/UK-Polling-Stations,2017-07-03,4,2,0,2008,13
DemocracyClub/UK-Polling-Stations,2017-07-10,13,1,0,2021,13
DemocracyClub/UK-Polling-Stations,2017-07-17,8,2,0,2029,13
DemocracyClub/UK-Polling-Stations,2017-08-07,3,1,0,2032,13
DemocracyClub/UK-Polling-Stations,2017-08-14,2,1,0,2034,13
DemocracyClub/UK-Polling-Stations,2017-08-21,2,2,0,2036,13
DemocracyClub/UK-Polling-Stations,2017-08-28,5,1,0,2041,13
DemocracyClub/UK-Polling-Stations,2017-09-04,19,2,0,2060,13
DemocracyClub/UK-Polling-Stations,2017-09-11,6,2,0,2066,13
DemocracyClub/UK-Polling-Stations,2017-09-18,2,1,0,2068,13
DemocracyClub/UK-Polling-Stations,2017-09-25,23,2,1,2091,14
DemocracyClub/UK-Polling-Stations,2017-10-02,36,2,0,2127,14
DemocracyClub/UK-Polling-Stations,2017-10-23,6,2,0,2133,14
DemocracyClub/UK-Polling-Stations,2017-10-30,28,2,0,2161,14
DemocracyClub/UK-Polling-Stations,2017-11-06,10,2,0,2171,14
DemocracyClub/UK-Polling-Stations,2017-11-13,2,2,0,2173,14
DemocracyClub/UK-Polling-Stations,2017-11-27,53,3,1,2226,15
DemocracyClub/UK-Polling-Stations,2017-12-04,12,3,0,2238,15
DemocracyClub/UK-Polling-Stations,2017-12-11,5,3,0,2243,15
DemocracyClub/UK-Polling-Stations,2017-12-18,7,1,0,2250,15
DemocracyClub/UK-Polling-Stations,2018-01-01,17,2,0,2267,15
DemocracyClub/UK-Polling-Stations,2018-01-08,5,3,0,2272,15
DemocracyClub/UK-Polling-Stations,2018-01-15,2,2,0,2274,15
DemocracyClub/UK-Polling-Stations,2018-02-05,3,2,0,2277,15
DemocracyClub/UK-Polling-Stations,2018-02-19,18,3,0,2295,15
DemocracyClub/UK-Polling-Stations,2018-02-26,19,3,0,2314,15
DemocracyClub/UK-Polling-Stations,2018-03-05,28,2,0,2342,15
DemocracyClub/UK-Polling-Stations,2018-03-12,27,3,0,2369,15
DemocracyClub/UK-Polling-Stations,2018-03-19,77,3,0,2446,15
DemocracyClub/UK-Polling-Stations,2018-03-26,32,2,0,2478,15
DemocracyClub/UK-Polling-Stations,2018-04-02,56,2,0,2534,15
DemocracyClub/UK-Polling-Stations,2018-04-09,46,2,0,2580,15
DemocracyClub/UK-Polling-Stations,2018-04-16,21,2,0,2601,15
DemocracyClub/UK-Polling-Stations,2018-04-23,45,1,0,2646,15
DemocracyClub/UK-Polling-Stations,2018-04-30,50,2,0,2696,15
DemocracyClub/UK-Polling-Stations,2018-05-07,1,1,0,2697,15
DemocracyClub/UK-Polling-Stations,2018-05-14,2,1,0,2699,15
DemocracyClub/UK-Polling-Stations,2018-05-21,1,1,0,2700,15
DemocracyClub/UK-Polling-Stations,2018-06-11,17,2,0,2717,15
DemocracyClub/UK-Polling-Stations,2018-06-18,7,3,1,2724,16
DemocracyClub/UK-Polling-Stations,2018-06-25,13,2,0,2737,16
DemocracyClub/UK-Polling-Stations,2018-07-02,2,2,0,2739,16
DemocracyClub/UK-Polling-Stations,2018-07-09,1,1,0,2740,16
DemocracyClub/UK-Polling-Stations,2018-07-16,2,1,0,2742,16
DemocracyClub/UK-Polling-Stations,2018-07-23,8,1,0,2750,16
DemocracyClub/UK-Polling-Stations,2018-07-30,8,3,1,2758,17
DemocracyClub/UK-Polling-Stations,2018-08-20,6,4,0,2764,17
DemocracyClub/UK-Polling-Stations,2018-08-27,9,2,0,2773,17
DemocracyClub/UK-Polling-Stations,2018-09-03,2,1,0,2775,17
DemocracyClub/UK-Polling-Stations,2018-09-10,6,2,0,2781,17
DemocracyClub/UK-Polling-Stations,2018-09-17,2,1,0,2783,17
DemocracyClub/UK-Polling-Stations,2018-09-24,2,2,0,2785,17
DemocracyClub/UK-Polling-Stations,2018-10-01,1,1,0,2786,17
DemocracyClub/UK-Polling-Stations,2018-10-08,2,1,0,2788,17
DemocracyClub/UK-Polling-Stations,2018-10-15,9,2,0,2797,17
DemocracyClub/UK-Polling-Stations,2018-10-22,12,1,0,2809,17
DemocracyClub/UK-Polling-Stations,2018-10-29,3,2,0,2812,17
DemocracyClub/UK-Polling-Stations,2018-11-05,3,2,0,2815,17
DemocracyClub/UK-Polling-Stations,2018-11-12,5,2,0,2820,17
DemocracyClub/UK-Polling-Stations,2018-11-19,3,2,0,2823,17
DemocracyClub/UK-Polling-Stations,2018-11-26,13,1,0,2836,17
DemocracyClub/UK-Polling-Stations,2018-12-03,8,2,0,2844,17
DemocracyClub/UK-Polling-Stations,2018-12-10,3,2,0,2847,17
DemocracyClub/UK-Polling-Stations,2018-12-17,11,1,0,2858,17
DemocracyClub/UK-Polling-Stations,2018-12-31,10,3,0,2868,17
DemocracyClub/UK-Polling-Stations,2019-01-14,3,2,0,2871,17
DemocracyClub/UK-Polling-Stations,2019-01-21,5,3,0,2876,17
DemocracyClub/UK-Polling-Stations,2019-01-28,15,2,0,2891,17
DemocracyClub/UK-Polling-Stations,2019-02-04,18,2,0,2909,17
DemocracyClub/UK-Polling-Stations,2019-02-11,25,2,0,2934,17
DemocracyClub/UK-Polling-Stations,2019-02-18,37,3,1,2971,18
DemocracyClub/UK-Polling-Stations,2019-02-25,44,3,0,3015,18
DemocracyClub/UK-Polling-Stations,2019-03-04,46,3,0,3061,18
DemocracyClub/UK-Polling-Stations,2019-03-11,52,2,0,3113,18
DemocracyClub/UK-Polling-Stations,2019-03-18,27,1,0,3140,18
DemocracyClub/UK-Polling-Stations,2019-03-25,43,3,0,3183,18
DemocracyClub/UK-Polling-Stations,2019-04-01,62,3,0,3245,18
DemocracyClub/UK-Polling-Stations,2019-04-08,42,3,1,3287,19
DemocracyClub/UK-Polling-Stations,2019-04-15,40,3,0,3327,19
DemocracyClub/UK-Polling-Stations,2019-04-22,63,3,0,3390,19
DemocracyClub/UK-Polling-Stations,2019-04-29,53,3,0,3443,19
DemocracyClub/UK-Polling-Stations,2019-05-06,101,5,1,3544,20
DemocracyClub/UK-Polling-Stations,2019-05-13,101,4,0,3645,20
DemocracyClub/UK-Polling-Stations,2019-05-20,98,3,0,3743,20
DemocracyClub/UK-Polling-Stations,2019-06-10,9,2,0,3752,20
DemocracyClub/UK-Polling-Stations,2019-07-08,7,2,0,3759,20
DemocracyClub/UK-Polling-Stations,2019-07-15,2,2,0,3761,20
DemocracyClub/UK-Polling-Stations,2019-07-22,4,2,0,3765,20
DemocracyClub/UK-Polling-Stations,2019-07-29,7,2,0,3772,20
DemocracyClub/UK-Polling-Stations,2019-08-05,19,2,0,3791,20
DemocracyClub/UK-Polling-Stations,2019-08-12,3,2,0,3794,20
DemocracyClub/UK-Polling-Stations,2019-08-26,1,1,0,3795,20
DemocracyClub/UK-Polling-Stations,2019-09-02,9,2,0,3804,20
DemocracyClub/UK-Polling-Stations,2019-09-09,13,1,0,3817,20
DemocracyClub/UK-Polling-Stations,2019-09-16,3,2,0,3820,20
DemocracyClub/UK-Polling-Stations,2019-09-23,1,1,0,3821,20
DemocracyClub/UK-Polling-Stations,2019-09-30,10,2,0,3831,20
DemocracyClub/UK-Polling-Stations,2019-10-07,8,2,0,3839,20
DemocracyClub/UK-Polling-Stations,2019-10-14,4,2,0,3843,20
DemocracyClub/UK-Polling-Stations,2019-10-28,18,4,1,3861,21
DemocracyClub/UK-Polling-Stations,2019-11-04,61,5,0,3922,21
DemocracyClub/UK-Polling-Stations,2019-11-11,84,5,0,4006,21
DemocracyClub/UK-Polling-Stations,2019-11-18,105,6,1,4111,22
DemocracyClub/UK-Polling-Stations,2019-11-25,95,5,0,4206,22
DemocracyClub/UK-Polling-Stations,2019-12-02,104,5,0,4310,22
DemocracyClub/UK-Polling-Stations,2019-12-09,87,3,0,4397,22
DemocracyClub/UK-Polling-Stations,2020-01-13,3,1,0,4400,22
DemocracyClub/UK-Polling-Stations,2020-01-20,16,1,0,4416,22
DemocracyClub/UK-Polling-Stations,2020-01-27,6,3,0,4422,22
DemocracyClub/UK-Polling-Stations,2020-02-03,16,4,0,4438,22
DemocracyClub/UK-Polling-Stations,2020-02-10,5,2,0,4443,22
DemocracyClub/UK-Polling-Stations,2020-02-17,14,2,0,4457,22
DemocracyClub/UK-Polling-Stations,2020-02-24,15,3,0,4472,22
DemocracyClub/UK-Polling-Stations,2020-03-02,37,3,0,4509,22
DemocracyClub/UK-Polling-Stations,2020-03-09,6,2,0,4515,22
DemocracyClub/UK-Polling-Stations,2020-03-16,5,2,0,4520,22
DemocracyClub/UK-Polling-Stations,2020-03-23,13,4,1,4533,23
DemocracyClub/UK-Polling-Stations,2020-03-30,10,3,0,4543,23
DemocracyClub/UK-Polling-Stations,2020-04-06,2,2,0,4545,23
DemocracyClub/UK-Polling-Stations,2020-04-20,3,1,0,4548,23
DemocracyClub/UK-Polling-Stations,2020-04-27,1,1,0,4549,23
DemocracyClub/UK-Polling-Stations,2020-05-04,4,2,0,4553,23
DemocracyClub/UK-Polling-Stations,2020-05-18,12,3,0,4565,23
DemocracyClub/UK-Polling-Stations,2020-08-03,1,1,0,4566,23
DemocracyClub/UK-Polling-Stations,2020-08-10,12,1,0,4578,23
DemocracyClub/UK-Polling-Stations,2020-08-17,9,1,0,4587,23
DemocracyClub/UK-Polling-Stations,2020-09-28,1,1,0,4588,23
DemocracyClub/UK-Polling-Stations,2020-10-05,4,3,1,4592,24
DemocracyClub/UK-Polling-Stations,2020-10-12,4,2,0,4596,24
DemocracyClub/UK-Polling-Stations,2020-10-26,28,2,0,4624,24
DemocracyClub/UK-Polling-Stations,2020-11-02,1,1,0,4625,24
DemocracyClub/UK-Polling-Stations,2020-11-16,2,1,0,4627,24
DemocracyClub/UK-Polling-Stations,2020-12-14,68,2,0,4695,24
DemocracyClub/UK-Polling-Stations,2020-12-21,4,2,1,4699,25
DemocracyClub/UK-Polling-Stations,2021-01-04,5,2,0,4704,25
DemocracyClub/UK-Polling-Stations,2021-01-11,2,1,0,4706,25
DemocracyClub/UK-Polling-Stations,2021-01-18,17,1,0,4723,25
DemocracyClub/UK-Polling-Stations,2021-01-25,15,2,0,4738,25
DemocracyClub/UK-Polling-Stations,2021-02-08,25,1,0,4763,25
DemocracyClub/UK-Polling-Stations,2021-02-15,20,3,1,4783,26
DemocracyClub/UK-Polling-Stations,2021-02-22,26,3,0,4809,26
DemocracyClub/UK-Polling-Stations,2021-03-01,26,5,0,4835,26
DemocracyClub/UK-Polling-Stations,2021-03-08,20,4,0,4855,26
DemocracyClub/UK-Polling-Stations,2021-03-15,44,4,0,4899,26
DemocracyClub/UK-Polling-Stations,2021-03-22,70,4,0,4969,26
DemocracyClub/UK-Polling-Stations,2021-03-29,82,4,0,5051,26
DemocracyClub/UK-Polling-Stations,2021-04-05,65,5,0,5116,26
DemocracyClub/UK-Polling-Stations,2021-04-12,63,4,0,5179,26
DemocracyClub/UK-Polling-Stations,2021-04-19,66,4,0,5245,26
DemocracyClub/UK-Polling-Stations,2021-04-26,63,6,2,5308,28
DemocracyClub/UK-Polling-Stations,2021-05-03,31,4,0,5339,28
DemocracyClub/UK-Polling-Stations,2021-05-10,5,2,0,5344,28
DemocracyClub/UK-Polling-Stations,2021-06-14,1,1,1,5345,29
DemocracyClub/UK-Polling-Stations,2021-06-21,1,1,1,5346,30
DemocracyClub/UK-Polling-Stations,2021-07-05,4,1,0,5350,30
DemocracyClub/UK-Polling-Stations,2021-08-16,36,3,0,5386,30
DemocracyClub/UK-Polling-Stations,2021-09-13,9,1,0,5395,30
DemocracyClub/UK-Polling-Stations,2021-09-20,4,1,0,5399,30
DemocracyClub/UK-Polling-Stations,2021-09-27,6,2,0,5405,30
DemocracyClub/UK-Polling-Stations,2021-10-18,24,3,0,5429,30
DemocracyClub/UK-Polling-Stations,2021-10-25,6,3,0,5435,30
DemocracyClub/UK-Polling-Stations,2021-11-01,4,2,0,5439,30
DemocracyClub/UK-Polling-Stations,2021-11-08,5,2,0,5444,30
DemocracyClub/UK-Polling-Stations,2021-11-15,3,1,0,5447,30
DemocracyClub/UK-Polling-Stations,2021-11-22,10,2,0,5457,30
DemocracyClub/UK-Polling-Stations,2021-11-29,5,1,0,5462,30
DemocracyClub/UK-Polling-Stations,2021-12-13,2,2,0,5464,30
DemocracyClub/UK-Polling-Stations,2022-01-10,1,1,0,5465,30
DemocracyClub/UK-Polling-Stations,2022-01-17,2,1,0,5467,30
DemocracyClub/UK-Polling-Stations,2022-01-31,10,2,0,5477,30
DemocracyClub/UK-Polling-Stations,2022-02-07,62,4,0,5539,30
DemocracyClub/UK-Polling-Stations,2022-02-14,13,4,0,5552,30
DemocracyClub/UK-Polling-Stations,2022-02-21,6,2,0,5558,30
DemocracyClub/UK-Polling-Stations,2022-02-28,23,4,1,5581,31
DemocracyClub/UK-Polling-Stations,2022-03-07,59,5,0,5640,31
DemocracyClub/UK-Polling-Stations,2022-03-14,47,3,0,5687,31
DemocracyClub/UK-Polling-Stations,2022-03-21,24,3,0,5711,31
DemocracyClub/UK-Polling-Stations,2022-03-28,37,4,0,5748,31
DemocracyClub/UK-Polling-Stations,2022-04-04,51,4,0,5799,31
DemocracyClub/UK-Polling-Stations,2022-04-11,73,5,0,5872,31
DemocracyClub/UK-Polling-Stations,2022-04-18,71,5,0,5943,31
DemocracyClub/UK-Polling-Stations,2022-04-25,15,3,0,5958,31
DemocracyClub/UK-Polling-Stations,2022-05-02,22,4,1,5980,32
DemocracyClub/UK-Polling-Stations,2022-05-30,6,1,0,5986,32
DemocracyClub/UK-Polling-Stations,2022-08-15,1,1,0,5987,32
DemocracyClub/UK-Polling-Stations,2022-09-12,2,2,0,5989,32
DemocracyClub/UK-Polling-Stations,2022-09-26,1,1,0,5990,32
DemocracyClub/UK-Polling-Stations,2022-10-03,4,2,0,5994,32
DemocracyClub/UK-Polling-Stations,2022-10-17,2,2,0,5996,32
DemocracyClub/UK-Polling-Stations,2022-10-24,5,1,0,6001,32
DemocracyClub/UK-Polling-Stations,2022-11-14,52,6,1,6053,33
DemocracyClub/UK-Polling-Stations,2022-11-21,5,3,0,6058,33
DemocracyClub/UK-Polling-Stations,2022-11-28,1,1,0,6059,33
DemocracyClub/UK-Polling-Stations,2022-12-12,2,1,0,6061,33
DemocracyClub/UK-Polling-Stations,2023-01-16,3,2,0,6064,33
DemocracyClub/UK-Polling-Stations,2023-01-23,4,2,0,6068,33
DemocracyClub/UK-Polling-Stations,2023-01-30,5,2,0,6073,33
DemocracyClub/UK-Polling-Stations,2023-02-06,1,1,0,6074,33
DemocracyClub/UK-Polling-Stations,2023-02-13,6,2,0,6080,33
DemocracyClub/UK-Polling-Stations,2023-02-20,78,4,0,6158,33
DemocracyClub/UK-Polling-Stations,2023-02-27,14,4,0,6172,33
DemocracyClub/UK-Polling-Stations,2023-03-06,34,4,0,6206,33
DemocracyClub/UK-Polling-Stations,2023-03-13,30,4,1,6236,34
DemocracyClub/UK-Polling-Stations,2023-03-20,59,7,0,6295,34
DemocracyClub/UK-Polling-Stations,2023-03-27,103,5,0,6398,34
DemocracyClub/UK-Polling-Stations,2023-04-03,30,5,0,6428,34
DemocracyClub/UK-Polling-Stations,2023-04-10,37,4,0,6465,34
DemocracyClub/UK-Polling-Stations,2023-04-17,45,6,0,6510,34
DemocracyClub/UK-Polling-Stations,2023-04-24,71,6,0,6581,34
DemocracyClub/UK-Polling-Stations,2023-05-01,18,5,0,6599,34
DemocracyClub/UK-Polling-Stations,2023-05-08,2,1,0,6601,34
DemocracyClub/UK-Polling-Stations,2023-05-15,1,1,0,6602,34
DemocracyClub/UK-Polling-Stations,2023-05-22,3,3,0,6605,34
DemocracyClub/UK-Polling-Stations,2023-05-29,4,2,0,6609,34
DemocracyClub/UK-Polling-Stations,2023-06-12,3,2,0,6612,34
DemocracyClub/UK-Polling-Stations,2023-06-19,2,2,0,6614,34
DemocracyClub/UK-Polling-Stations,2023-06-26,4,2,0,6618,34
DemocracyClub/UK-Polling-Stations,2023-07-17,1,1,0,6619,34
DemocracyClub/UK-Polling-Stations,2023-07-24,1,1,0,6620,34
DemocracyClub/UK-Polling-Stations,2023-08-07,19,1,0,6639,34
DemocracyClub/UK-Polling-Stations,2023-08-14,10,2,0,6649,34
DemocracyClub/UK-Polling-Stations,2023-08-21,6,3,0,6655,34
DemocracyClub/UK-Polling-Stations,2023-09-04,5,1,0,6660,34
DemocracyClub/UK-Polling-Stations,2023-09-11,3,2,0,6663,34
DemocracyClub/UK-Polling-Stations,2023-09-18,5,1,0,6668,34
DemocracyClub/UK-Polling-Stations,2023-10-02,3,1,0,6671,34
DemocracyClub/UK-Polling-Stations,2023-10-16,10,3,0,6681,34
DemocracyClub/UK-Polling-Stations,2023-10-23,2,2,0,6683,34
DemocracyClub/UK-Polling-Stations,2023-10-30,4,3,0,6687,34
DemocracyClub/UK-Polling-Stations,2023-11-20,3,1,0,6690,34
DemocracyClub/UK-Polling-Stations,2023-12-04,1,1,0,6691,34
DemocracyClub/UK-Polling-Stations,2023-12-11,1,1,0,6692,34
DemocracyClub/UK-Polling-Stations,2023-12-18,1,1,0,6693,34
DemocracyClub/UK-Polling-Stations,2024-01-01,1,1,0,6694,34
DemocracyClub/UK-Polling-Stations,2024-01-29,9,4,1,6703,35
DemocracyClub/UK-Polling-Stations,2024-02-05,25,2,0,6728,35
DemocracyClub/UK-Polling-Stations,2024-02-12,13,3,0,6741,35
DemocracyClub/UK-Polling-Stations,2024-02-19,39,4,0,6780,35
DemocracyClub/UK-Polling-Stations,2024-02-26,66,5,0,6846,35
DemocracyClub/UK-Polling-Stations,2024-03-04,74,5,0,6920,35
DemocracyClub/UK-Polling-Stations,2024-03-11,52,3,0,6972,35
DemocracyClub/UK-Polling-Stations,2024-03-18,73,5,0,7045,35
DemocracyClub/UK-Polling-Stations,2024-03-25,37,4,0,7082,35
DemocracyClub/UK-Polling-Stations,2024-04-01,59,3,0,7141,35
DemocracyClub/UK-Polling-Stations,2024-04-08,39,3,0,7180,35
DemocracyClub/UK-Polling-Stations,2024-04-15,40,5,0,7220,35
DemocracyClub/UK-Polling-Stations,2024-04-22,13,4,0,7233,35
DemocracyClub/UK-Polling-Stations,2024-04-29,40,5,0,7273,35
DemocracyClub/UK-Polling-Stations,2024-05-06,1,1,0,7274,35
DemocracyClub/UK-Polling-Stations,2024-05-13,1,1,0,7275,35
DemocracyClub/UK-Polling-Stations,2024-05-20,16,3,0,7291,35
DemocracyClub/UK-Polling-Stations,2024-05-27,71,5,0,7362,35
DemocracyClub/UK-Polling-Stations,2024-06-03,117,6,0,7479,35
DemocracyClub/UK-Polling-Stations,2024-06-10,95,3,0,7574,35
DemocracyClub/UK-Polling-Stations,2024-06-17,106,4,0,7680,35
DemocracyClub/UK-Polling-Stations,2024-06-24,88,3,0,7768,35
DemocracyClub/UK-Polling-Stations,2024-07-01,44,4,0,7812,35
DemocracyClub/UK-Polling-Stations,2024-07-08,5,2,0,7817,35
DemocracyClub/UK-Polling-Stations,2024-07-29,1,1,0,7818,35
DemocracyClub/UK-Polling-Stations,2024-08-05,9,2,0,7827,35
DemocracyClub/UK-Polling-Stations,2024-08-12,1,1,0,7828,35
DemocracyClub/UK-Polling-Stations,2024-08-19,1,1,0,7829,35
DemocracyClub/UK-Polling-Stations,2024-08-26,1,1,0,7830,35
DemocracyClub/UK-Polling-Stations,2024-09-09,1,1,0,7831,35
DemocracyClub/UK-Polling-Stations,2024-09-16,28,2,0,7859,35
DemocracyClub/UK-Polling-Stations,2024-09-23,2,2,0,7861,35
DemocracyClub/UK-Polling-Stations,2024-09-30,5,2,0,7866,35
DemocracyClub/UK-Polling-Stations,2024-10-07,4,3,0,7870,35
DemocracyClub/UK-Polling-Stations,2024-10-14,2,2,0,7872,35
DemocracyClub/UK-Polling-Stations,2024-10-21,5,3,0,7877,35
DemocracyClub/UK-Polling-Stations,2024-11-04,13,3,0,7890,35
DemocracyClub/UK-Polling-Stations,2024-11-11,12,2,0,7902,35
DemocracyClub/UK-Polling-Stations,2024-11-18,5,2,0,7907,35
DemocracyClub/UK-Polling-Stations,2024-11-25,8,3,0,7915,35
DemocracyClub/UK-Polling-Stations,2024-12-02,4,2,0,7919,35
DemocracyClub/UK-Polling-Stations,2024-12-09,13,3,0,7932,35
DemocracyClub/UK-Polling-Stations,2024-12-16,7,2,0,7939,35
DemocracyClub/UK-Polling-Stations,2025-01-13,1,1,0,7940,35
DemocracyClub/UK-Polling-Stations,2025-01-20,6,1,0,7946,35
DemocracyClub/UK-Polling-Stations,2025-01-27,4,2,0,7950,35
DemocracyClub/UK-Polling-Stations,2025-02-10,6,2,0,7956,35
DemocracyClub/UK-Polling-Stations,2025-02-17,18,3,0,7974,35
DemocracyClub/UK-Polling-Stations,2025-02-24,21,3,0,7995,35
DemocracyClub/UK-Polling-Stations,2025-03-03,15,4,0,8010,35
DemocracyClub/UK-Polling-Stations,2025-03-10,37,4,0,8047,35
DemocracyClub/UK-Polling-Stations,2025-03-17,53,4,0,8100,35
DemocracyClub/UK-Polling-Stations,2025-03-24,33,3,0,8133,35
DemocracyClub/UK-Polling-Stations,2025-03-31,34,3,0,8167,35
DemocracyClub/UK-Polling-Stations,2025-04-07,10,3,0,8177,35
DemocracyClub/UK-Polling-Stations,2025-04-14,15,3,0,8192,35
DemocracyClub/UK-Polling-Stations,2025-04-21,11,3,0,8203,35
DemocracyClub/UK-Polling-Stations,2025-04-28,17,3,0,8220,35
DemocracyClub/UK-Polling-Stations,2025-05-12,2,2,0,8222,35
DemocracyClub/UK-Polling-Stations,2025-05-19,7,2,0,8229,35
DemocracyClub/UK-Polling-Stations,2025-05-26,7,3,0,8236,35
DemocracyClub/UK-Polling-Stations,2025-06-02,15,1,0,8251,35
DemocracyClub/UK-Polling-Stations,2025-06-09,4,1,0,8255,35
DemocracyClub/UK-Polling-Stations,2025-06-16,2,1,0,8257,35
DemocracyClub/UK-Polling-Stations,2025-06-23,23,3,0,8280,35
DemocracyClub/UK-Polling-Stations,2025-07-14,3,2,0,8283,35
DemocracyClub/UK-Polling-Stations,2025-07-21,7,1,0,8290,35
DemocracyClub/UK-Polling-Stations,2025-07-28,3,3,0,8293,35
DemocracyClub/UK-Polling-Stations,2025-08-04,8,3,0,8301,35
DemocracyClub/UK-Polling-Stations,2025-08-11,4,2,0,8305,35
DemocracyClub/UK-Polling-Stations,2025-08-18,3,3,0,8308,35
DemocracyClub/UK-Polling-Stations,2025-08-25,2,1,0,8310,35
DemocracyClub/UK-Polling-Stations,2025-09-01,3,2,0,8313,35
DemocracyClub/UK-Polling-Stations,2025-09-08,1,1,0,8314,35
DemocracyClub/UK-Polling-Stations,2025-09-15,1,1,0,8315,35
DemocracyClub/UK-Polling-Stations,2025-09-22,2,2,0,8317,35
DemocracyClub/UK-Polling-Stations,2025-09-29,3,3,0,8320,35
DemocracyClub/UK-Polling-Stations,2025-10-06,3,1,0,8323,35
DemocracyClub/UK-Polling-Stations,2025-10-13,8,3,0,8331,35
DemocracyClub/UK-Polling-Stations,2025-10-20,2,1,0,8333,35
DemocracyClub/UK-Polling-Stations,2025-11-03,2,2,0,8335,35
DemocracyClub/UK-Polling-Stations,2025-11-10,5,1,0,8340,35
DemocracyClub/UK-Polling-Stations,2025-11-17,3,2,0,8343,35
DemocracyClub/UK-Polling-Stations,2025-11-24,8,1,0,8351,35
DemocracyClub/UK-Polling-Stations,2025-12-01,1,1,0,8352,35
DemocracyClub/UK-Polling-Stations,2025-12-15,4,2,0,8356,35
DemocracyClub/UK-Polling-Stations,2026-01-05,5,2,0,8361,35
DemocracyClub/UK-Polling-Stations,2026-01-12,1,1,0,8362,35
DemocracyClub/UK-Polling-Stations,2026-01-26,5,1,0,8367,35
DemocracyClub/UK-Polling-Stations,2026-02-02,6,3,0,8373,35
DemocracyClub/UK-Polling-Stations,2026-02-09,29,3,0,8402,35
DemocracyClub/UK-Polling-Stations,2026-02-16,17,4,0,8419,35
DemocracyClub/UK-Polling-Stations,2026-02-23,23,3,0,8442,35
DemocracyClub/UK-Polling-Stations,2026-03-02,22,4,0,8464,35
DemocracyClub/UK-Polling-Stations,2026-03-09,39,5,0,8503,35
DemocracyClub/UK-Polling-Stations,2026-03-16,33,4,0,8536,35
DemocracyClub/UK-Polling-Stations,2026-03-23,57,4,0,8593,35
DemocracyClub/UK-Polling-Stations,2026-03-30,65,5,0,8658,35
DemocracyClub/UK-Polling-Stations,2026-04-06,32,4,0,8690,35
DemocracyClub/UK-Polling-Stations,2026-04-13,27,3,0,8717,35
DemocracyClub/UK-Polling-Stations,2026-04-20,36,5,0,8753,35
DemocracyClub/UK-Polling-Stations,2026-04-27,14,4,0,8767,35
DemocracyClub/UK-Polling-Stations,2026-05-04,1,1,0,8768,35
DemocracyClub/WhoCanIVoteFor,2016-03-07,5,1,1,5,1
DemocracyClub/WhoCanIVoteFor,2016-03-21,3,2,1,8,2
DemocracyClub/WhoCanIVoteFor,2016-03-28,5,1,0,13,2
DemocracyClub/WhoCanIVoteFor,2016-04-04,40,2,1,53,3
DemocracyClub/WhoCanIVoteFor,2016-04-11,28,1,0,81,3
DemocracyClub/WhoCanIVoteFor,2016-04-18,6,2,1,87,4
DemocracyClub/WhoCanIVoteFor,2016-04-25,41,3,2,128,6
DemocracyClub/WhoCanIVoteFor,2016-05-02,51,3,0,179,6
DemocracyClub/WhoCanIVoteFor,2016-05-09,1,1,0,180,6
DemocracyClub/WhoCanIVoteFor,2016-05-23,1,1,0,181,6
DemocracyClub/WhoCanIVoteFor,2016-06-06,3,1,0,184,6
DemocracyClub/WhoCanIVoteFor,2016-09-26,3,1,1,187,7
DemocracyClub/WhoCanIVoteFor,2016-10-03,3,1,0,190,7
DemocracyClub/WhoCanIVoteFor,2016-10-17,2,1,0,192,7
DemocracyClub/WhoCanIVoteFor,2016-12-19,1,1,0,193,7
DemocracyClub/WhoCanIVoteFor,2017-02-06,1,1,0,194,7
DemocracyClub/WhoCanIVoteFor,2017-02-13,6,3,1,200,8
DemocracyClub/WhoCanIVoteFor,2017-02-27,27,1,0,227,8
DemocracyClub/WhoCanIVoteFor,2017-03-06,15,1,0,242,8
DemocracyClub/WhoCanIVoteFor,2017-03-20,3,1,0,245,8
DemocracyClub/WhoCanIVoteFor,2017-03-27,1,1,0,246,8
DemocracyClub/WhoCanIVoteFor,2017-04-10,25,2,0,271,8
DemocracyClub/WhoCanIVoteFor,2017-04-24,49,3,0,320,8
DemocracyClub/WhoCanIVoteFor,2017-05-01,8,4,1,328,9
DemocracyClub/WhoCanIVoteFor,2017-05-08,38,4,1,366,10
DemocracyClub/WhoCanIVoteFor,2017-05-15,37,5,1,403,11
DemocracyClub/WhoCanIVoteFor,2017-05-22,58,7,1,461,12
DemocracyClub/WhoCanIVoteFor,2017-05-29,56,3,0,517,12
DemocracyClub/WhoCanIVoteFor,2017-06-05,57,5,0,574,12
DemocracyClub/WhoCanIVoteFor,2017-08-07,7,1,0,581,12
DemocracyClub/WhoCanIVoteFor,2017-08-14,3,2,0,584,12
DemocracyClub/WhoCanIVoteFor,2017-08-21,5,2,0,589,12
DemocracyClub/WhoCanIVoteFor,2017-09-11,1,1,0,590,12
DemocracyClub/WhoCanIVoteFor,2017-09-25,6,2,0,596,12
DemocracyClub/WhoCanIVoteFor,2017-10-30,1,1,0,597,12
DemocracyClub/WhoCanIVoteFor,2017-11-06,1,1,0,598,12
DemocracyClub/WhoCanIVoteFor,2017-11-27,3,2,0,601,12
DemocracyClub/WhoCanIVoteFor,2018-01-01,4,1,0,605,12
DemocracyClub/WhoCanIVoteFor,2018-01-08,3,1,0,608,12
DemocracyClub/WhoCanIVoteFor,2018-02-05,1,1,0,609,12
DemocracyClub/WhoCanIVoteFor,2018-02-12,1,1,0,610,12
DemocracyClub/WhoCanIVoteFor,2018-02-19,1,1,0,611,12
DemocracyClub/WhoCanIVoteFor,2018-02-26,6,1,0,617,12
DemocracyClub/WhoCanIVoteFor,2018-03-12,5,1,0,622,12
DemocracyClub/WhoCanIVoteFor,2018-03-19,1,1,0,623,12
DemocracyClub/WhoCanIVoteFor,2018-03-26,2,2,0,625,12
DemocracyClub/WhoCanIVoteFor,2018-04-16,35,1,0,660,12
DemocracyClub/WhoCanIVoteFor,2018-04-23,17,2,0,677,12
DemocracyClub/WhoCanIVoteFor,2018-04-30,11,2,0,688,12
DemocracyClub/WhoCanIVoteFor,2018-05-07,2,1,0,690,12
DemocracyClub/WhoCanIVoteFor,2018-05-21,3,1,0,693,12
DemocracyClub/WhoCanIVoteFor,2018-05-28,1,1,0,694,12
DemocracyClub/WhoCanIVoteFor,2018-08-06,1,1,0,695,12
DemocracyClub/WhoCanIVoteFor,2018-08-20,4,2,0,699,12
DemocracyClub/WhoCanIVoteFor,2018-08-27,23,2,1,722,13
DemocracyClub/WhoCanIVoteFor,2018-09-10,2,1,0,724,13
DemocracyClub/WhoCanIVoteFor,2018-09-24,7,2,0,731,13
DemocracyClub/WhoCanIVoteFor,2018-10-01,5,2,0,736,13
DemocracyClub/WhoCanIVoteFor,2018-10-08,3,1,0,739,13
DemocracyClub/WhoCanIVoteFor,2018-10-15,4,2,0,743,13
DemocracyClub/WhoCanIVoteFor,2018-10-22,7,1,0,750,13
DemocracyClub/WhoCanIVoteFor,2018-10-29,12,2,0,762,13
DemocracyClub/WhoCanIVoteFor,2018-11-05,4,2,0,766,13
DemocracyClub/WhoCanIVoteFor,2018-11-12,4,3,0,770,13
DemocracyClub/WhoCanIVoteFor,2018-11-19,2,1,0,772,13
DemocracyClub/WhoCanIVoteFor,2018-11-26,1,1,0,773,13
DemocracyClub/WhoCanIVoteFor,2018-12-03,4,1,0,777,13
DemocracyClub/WhoCanIVoteFor,2018-12-10,3,2,0,780,13
DemocracyClub/WhoCanIVoteFor,2018-12-17,12,1,0,792,13
DemocracyClub/WhoCanIVoteFor,2018-12-24,1,1,0,793,13
DemocracyClub/WhoCanIVoteFor,2018-12-31,6,2,0,799,13
DemocracyClub/WhoCanIVoteFor,2019-01-07,4,2,0,803,13
DemocracyClub/WhoCanIVoteFor,2019-01-14,12,2,0,815,13
DemocracyClub/WhoCanIVoteFor,2019-01-21,4,2,0,819,13
DemocracyClub/WhoCanIVoteFor,2019-01-28,2,2,0,821,13
DemocracyClub/WhoCanIVoteFor,2019-02-11,4,2,0,825,13
DemocracyClub/WhoCanIVoteFor,2019-02-25,1,1,0,826,13
DemocracyClub/WhoCanIVoteFor,2019-03-04,3,2,0,829,13
DemocracyClub/WhoCanIVoteFor,2019-03-18,22,2,0,851,13
DemocracyClub/WhoCanIVoteFor,2019-03-25,9,3,0,860,13
DemocracyClub/WhoCanIVoteFor,2019-04-01,5,3,0,865,13
DemocracyClub/WhoCanIVoteFor,2019-04-08,15,4,0,880,13
DemocracyClub/WhoCanIVoteFor,2019-04-15,10,3,0,890,13
DemocracyClub/WhoCanIVoteFor,2019-04-22,31,2,0,921,13
DemocracyClub/WhoCanIVoteFor,2019-04-29,25,5,2,946,15
DemocracyClub/WhoCanIVoteFor,2019-05-06,10,2,0,956,15
DemocracyClub/WhoCanIVoteFor,2019-05-13,8,1,0,964,15
DemocracyClub/WhoCanIVoteFor,2019-05-20,12,1,0,976,15
DemocracyClub/WhoCanIVoteFor,2019-06-10,1,1,0,977,15
DemocracyClub/WhoCanIVoteFor,2019-07-22,2,1,0,979,15
DemocracyClub/WhoCanIVoteFor,2019-07-29,2,2,0,981,15
DemocracyClub/WhoCanIVoteFor,2019-08-05,3,2,1,984,16
DemocracyClub/WhoCanIVoteFor,2019-08-12,7,2,0,991,16
DemocracyClub/WhoCanIVoteFor,2019-08-19,9,1,0,1000,16
DemocracyClub/WhoCanIVoteFor,2019-09-02,1,1,0,1001,16
DemocracyClub/WhoCanIVoteFor,2019-09-09,2,1,0,1003,16
DemocracyClub/WhoCanIVoteFor,2019-09-16,4,2,0,1007,16
DemocracyClub/WhoCanIVoteFor,2019-09-23,5,3,0,1012,16
DemocracyClub/WhoCanIVoteFor,2019-09-30,6,1,0,1018,16
DemocracyClub/WhoCanIVoteFor,2019-10-07,6,2,0,1024,16
DemocracyClub/WhoCanIVoteFor,2019-10-14,1,1,0,1025,16
DemocracyClub/WhoCanIVoteFor,2019-10-21,4,2,0,1029,16
DemocracyClub/WhoCanIVoteFor,2019-10-28,17,4,0,1046,16
DemocracyClub/WhoCanIVoteFor,2019-11-04,20,2,0,1066,16
DemocracyClub/WhoCanIVoteFor,2019-11-11,2,1,0,1068,16
DemocracyClub/WhoCanIVoteFor,2019-11-18,15,1,0,1083,16
DemocracyClub/WhoCanIVoteFor,2019-11-25,25,2,0,1108,16
DemocracyClub/WhoCanIVoteFor,2019-12-02,11,1,0,1119,16
DemocracyClub/WhoCanIVoteFor,2019-12-09,20,1,0,1139,16
DemocracyClub/WhoCanIVoteFor,2020-01-13,2,1,0,1141,16
DemocracyClub/WhoCanIVoteFor,2020-02-10,11,1,0,1152,16
DemocracyClub/WhoCanIVoteFor,2020-02-17,2,1,0,1154,16
DemocracyClub/WhoCanIVoteFor,2020-02-24,2,1,0,1156,16
DemocracyClub/WhoCanIVoteFor,2020-03-16,10,1,0,1166,16
DemocracyClub/WhoCanIVoteFor,2020-04-06,6,1,0,1172,16
DemocracyClub/WhoCanIVoteFor,2020-05-04,1,1,1,1173,17
DemocracyClub/WhoCanIVoteFor,2020-06-01,1,1,0,1174,17
DemocracyClub/WhoCanIVoteFor,2020-07-13,1,1,0,1175,17
DemocracyClub/WhoCanIVoteFor,2020-08-24,1,1,0,1176,17
DemocracyClub/WhoCanIVoteFor,2020-09-21,7,1,0,1183,17
DemocracyClub/WhoCanIVoteFor,2020-09-28,2,2,0,1185,17
DemocracyClub/WhoCanIVoteFor,2020-10-05,1,1,0,1186,17
DemocracyClub/WhoCanIVoteFor,2020-10-12,2,1,0,1188,17
DemocracyClub/WhoCanIVoteFor,2020-11-02,41,3,1,1229,18
DemocracyClub/WhoCanIVoteFor,2020-11-23,1,1,1,1230,19
DemocracyClub/WhoCanIVoteFor,2020-12-14,1,1,0,1231,19
DemocracyClub/WhoCanIVoteFor,2020-12-28,1,1,0,1232,19
DemocracyClub/WhoCanIVoteFor,2021-01-04,17,3,0,1249,19
DemocracyClub/WhoCanIVoteFor,2021-01-11,17,1,1,1266,20
DemocracyClub/WhoCanIVoteFor,2021-01-18,14,5,2,1280,22
DemocracyClub/WhoCanIVoteFor,2021-01-25,12,6,1,1292,23
DemocracyClub/WhoCanIVoteFor,2021-02-01,14,3,0,1306,23
DemocracyClub/WhoCanIVoteFor,2021-02-08,21,4,0,1327,23
DemocracyClub/WhoCanIVoteFor,2021-02-15,15,3,0,1342,23
DemocracyClub/WhoCanIVoteFor,2021-02-22,12,3,0,1354,23
DemocracyClub/WhoCanIVoteFor,2021-03-01,9,5,0,1363,23
DemocracyClub/WhoCanIVoteFor,2021-03-08,12,4,0,1375,23
DemocracyClub/WhoCanIVoteFor,2021-03-15,1,1,0,1376,23
DemocracyClub/WhoCanIVoteFor,2021-03-22,58,5,0,1434,23
DemocracyClub/WhoCanIVoteFor,2021-03-29,24,4,0,1458,23
DemocracyClub/WhoCanIVoteFor,2021-04-05,4,2,0,1462,23
DemocracyClub/WhoCanIVoteFor,2021-04-12,19,6,1,1481,24
DemocracyClub/WhoCanIVoteFor,2021-04-19,54,5,0,1535,24
DemocracyClub/WhoCanIVoteFor,2021-04-26,25,4,0,1560,24
DemocracyClub/WhoCanIVoteFor,2021-05-03,28,4,0,1588,24
DemocracyClub/WhoCanIVoteFor,2021-05-10,12,5,0,1600,24
DemocracyClub/WhoCanIVoteFor,2021-05-24,2,2,0,1602,24
DemocracyClub/WhoCanIVoteFor,2021-05-31,6,3,0,1608,24
DemocracyClub/WhoCanIVoteFor,2021-06-07,6,3,0,1614,24
DemocracyClub/WhoCanIVoteFor,2021-06-14,9,3,0,1623,24
DemocracyClub/WhoCanIVoteFor,2021-06-21,1,1,0,1624,24
DemocracyClub/WhoCanIVoteFor,2021-07-05,24,4,0,1648,24
DemocracyClub/WhoCanIVoteFor,2021-07-12,3,2,0,1651,24
DemocracyClub/WhoCanIVoteFor,2021-07-19,2,1,0,1653,24
DemocracyClub/WhoCanIVoteFor,2021-08-09,2,2,0,1655,24
DemocracyClub/WhoCanIVoteFor,2021-08-16,11,4,0,1666,24
DemocracyClub/WhoCanIVoteFor,2021-09-06,3,2,1,1669,25
DemocracyClub/WhoCanIVoteFor,2021-09-13,51,4,0,1720,25
DemocracyClub/WhoCanIVoteFor,2021-09-20,10,2,0,1730,25
DemocracyClub/WhoCanIVoteFor,2021-09-27,14,3,0,1744,25
DemocracyClub/WhoCanIVoteFor,2021-10-04,3,1,0,1747,25
DemocracyClub/WhoCanIVoteFor,2021-10-18,12,4,0,1759,25
DemocracyClub/WhoCanIVoteFor,2021-10-25,7,1,0,1766,25
DemocracyClub/WhoCanIVoteFor,2021-11-01,21,3,0,1787,25
DemocracyClub/WhoCanIVoteFor,2021-11-08,15,1,0,1802,25
DemocracyClub/WhoCanIVoteFor,2021-11-15,6,1,0,1808,25
DemocracyClub/WhoCanIVoteFor,2021-11-22,4,3,0,1812,25
DemocracyClub/WhoCanIVoteFor,2021-11-29,9,3,0,1821,25
DemocracyClub/WhoCanIVoteFor,2021-12-06,2,1,0,1823,25
DemocracyClub/WhoCanIVoteFor,2021-12-13,10,3,0,1833,25
DemocracyClub/WhoCanIVoteFor,2021-12-20,8,2,0,1841,25
DemocracyClub/WhoCanIVoteFor,2022-01-03,7,2,0,1848,25
DemocracyClub/WhoCanIVoteFor,2022-01-10,4,3,0,1852,25
DemocracyClub/WhoCanIVoteFor,2022-01-17,6,1,0,1858,25
DemocracyClub/WhoCanIVoteFor,2022-01-24,3,2,0,1861,25
DemocracyClub/WhoCanIVoteFor,2022-01-31,2,1,0,1863,25
DemocracyClub/WhoCanIVoteFor,2022-02-07,15,2,0,1878,25
DemocracyClub/WhoCanIVoteFor,2022-02-14,2,1,0,1880,25
DemocracyClub/WhoCanIVoteFor,2022-02-21,6,1,0,1886,25
DemocracyClub/WhoCanIVoteFor,2022-02-28,15,2,0,1901,25
DemocracyClub/WhoCanIVoteFor,2022-03-07,8,2,0,1909,25
DemocracyClub/WhoCanIVoteFor,2022-03-14,7,2,0,1916,25
DemocracyClub/WhoCanIVoteFor,2022-03-21,11,2,0,1927,25
DemocracyClub/WhoCanIVoteFor,2022-03-28,8,1,0,1935,25
DemocracyClub/WhoCanIVoteFor,2022-04-04,53,4,0,1988,25
DemocracyClub/WhoCanIVoteFor,2022-04-11,44,4,1,2032,26
DemocracyClub/WhoCanIVoteFor,2022-04-18,32,3,0,2064,26
DemocracyClub/WhoCanIVoteFor,2022-04-25,36,2,0,2100,26
DemocracyClub/WhoCanIVoteFor,2022-05-02,18,2,0,2118,26
DemocracyClub/WhoCanIVoteFor,2022-05-09,7,3,0,2125,26
DemocracyClub/WhoCanIVoteFor,2022-05-16,5,1,0,2130,26
DemocracyClub/WhoCanIVoteFor,2022-05-23,4,1,0,2134,26
DemocracyClub/WhoCanIVoteFor,2022-05-30,6,2,0,2140,26
DemocracyClub/WhoCanIVoteFor,2022-06-06,1,1,0,2141,26
DemocracyClub/WhoCanIVoteFor,2022-06-13,1,1,0,2142,26
DemocracyClub/WhoCanIVoteFor,2022-06-20,4,1,0,2146,26
DemocracyClub/WhoCanIVoteFor,2022-06-27,3,2,0,2149,26
DemocracyClub/WhoCanIVoteFor,2022-07-04,1,1,0,2150,26
DemocracyClub/WhoCanIVoteFor,2022-07-11,1,1,0,2151,26
DemocracyClub/WhoCanIVoteFor,2022-07-18,1,1,0,2152,26
DemocracyClub/WhoCanIVoteFor,2022-07-25,4,1,0,2156,26
DemocracyClub/WhoCanIVoteFor,2022-08-01,1,1,0,2157,26
DemocracyClub/WhoCanIVoteFor,2022-08-15,1,1,0,2158,26
DemocracyClub/WhoCanIVoteFor,2022-09-12,2,1,1,2160,27
DemocracyClub/WhoCanIVoteFor,2022-09-26,3,1,0,2163,27
DemocracyClub/WhoCanIVoteFor,2022-10-03,1,1,0,2164,27
DemocracyClub/WhoCanIVoteFor,2022-10-10,5,1,0,2169,27
DemocracyClub/WhoCanIVoteFor,2022-10-17,12,1,0,2181,27
DemocracyClub/WhoCanIVoteFor,2022-10-24,2,1,0,2183,27
DemocracyClub/WhoCanIVoteFor,2022-11-21,15,3,0,2198,27
DemocracyClub/WhoCanIVoteFor,2022-11-28,5,2,0,2203,27
DemocracyClub/WhoCanIVoteFor,2022-12-12,13,2,0,2216,27
DemocracyClub/WhoCanIVoteFor,2022-12-26,1,1,0,2217,27
DemocracyClub/WhoCanIVoteFor,2023-01-02,1,1,0,2218,27
DemocracyClub/WhoCanIVoteFor,2023-01-09,7,1,0,2225,27
DemocracyClub/WhoCanIVoteFor,2023-01-16,14,4,1,2239,28
DemocracyClub/WhoCanIVoteFor,2023-01-23,1,1,0,2240,28
DemocracyClub/WhoCanIVoteFor,2023-01-30,6,1,0,2246,28
DemocracyClub/WhoCanIVoteFor,2023-02-06,3,2,0,2249,28
DemocracyClub/WhoCanIVoteFor,2023-02-13,8,2,0,2257,28
DemocracyClub/WhoCanIVoteFor,2023-02-20,13,3,0,2270,28
DemocracyClub/WhoCanIVoteFor,2023-02-27,2,2,0,2272,28
DemocracyClub/WhoCanIVoteFor,2023-03-13,11,3,0,2283,28
DemocracyClub/WhoCanIVoteFor,2023-03-20,13,2,0,2296,28
DemocracyClub/WhoCanIVoteFor,2023-03-27,7,3,0,2303,28
DemocracyClub/WhoCanIVoteFor,2023-04-03,17,4,0,2320,28
DemocracyClub/WhoCanIVoteFor,2023-04-10,2,1,0,2322,28
DemocracyClub/WhoCanIVoteFor,2023-04-17,19,3,0,2341,28
DemocracyClub/WhoCanIVoteFor,2023-04-24,21,4,0,2362,28
DemocracyClub/WhoCanIVoteFor,2023-05-01,33,4,0,2395,28
DemocracyClub/WhoCanIVoteFor,2023-05-08,7,1,0,2402,28
DemocracyClub/WhoCanIVoteFor,2023-05-15,4,3,0,2406,28
DemocracyClub/WhoCanIVoteFor,2023-05-22,13,3,0,2419,28
DemocracyClub/WhoCanIVoteFor,2023-05-29,3,2,0,2422,28
DemocracyClub/WhoCanIVoteFor,2023-06-12,2,1,0,2424,28
DemocracyClub/WhoCanIVoteFor,2023-06-19,3,1,0,2427,28
DemocracyClub/WhoCanIVoteFor,2023-06-26,12,2,0,2439,28
DemocracyClub/WhoCanIVoteFor,2023-07-03,34,4,0,2473,28
DemocracyClub/WhoCanIVoteFor,2023-07-10,8,1,0,2481,28
DemocracyClub/WhoCanIVoteFor,2023-07-17,30,3,0,2511,28
DemocracyClub/WhoCanIVoteFor,2023-07-24,4,2,0,2515,28
DemocracyClub/WhoCanIVoteFor,2023-07-31,9,2,0,2524,28
DemocracyClub/WhoCanIVoteFor,2023-08-14,2,1,0,2526,28
DemocracyClub/WhoCanIVoteFor,2023-08-21,3,1,0,2529,28
DemocracyClub/WhoCanIVoteFor,2023-09-04,1,1,0,2530,28
DemocracyClub/WhoCanIVoteFor,2023-09-11,3,2,0,2533,28
DemocracyClub/WhoCanIVoteFor,2023-09-18,3,2,0,2536,28
DemocracyClub/WhoCanIVoteFor,2023-09-25,8,4,0,2544,28
DemocracyClub/WhoCanIVoteFor,2023-10-02,7,2,0,2551,28
DemocracyClub/WhoCanIVoteFor,2023-10-09,2,2,0,2553,28
DemocracyClub/WhoCanIVoteFor,2023-10-16,2,1,0,2555,28
DemocracyClub/WhoCanIVoteFor,2023-10-23,9,2,0,2564,28
DemocracyClub/WhoCanIVoteFor,2023-10-30,6,3,0,2570,28
DemocracyClub/WhoCanIVoteFor,2023-11-06,5,2,0,2575,28
DemocracyClub/WhoCanIVoteFor,2023-11-13,4,2,0,2579,28
DemocracyClub/WhoCanIVoteFor,2023-11-20,24,2,0,2603,28
DemocracyClub/WhoCanIVoteFor,2023-11-27,7,2,0,2610,28
DemocracyClub/WhoCanIVoteFor,2023-12-04,1,1,0,2611,28
DemocracyClub/WhoCanIVoteFor,2023-12-11,6,2,0,2617,28
DemocracyClub/WhoCanIVoteFor,2024-01-08,1,1,0,2618,28
DemocracyClub/WhoCanIVoteFor,2024-01-15,5,1,0,2623,28
DemocracyClub/WhoCanIVoteFor,2024-01-29,8,2,0,2631,28
DemocracyClub/WhoCanIVoteFor,2024-02-05,1,1,0,2632,28
DemocracyClub/WhoCanIVoteFor,2024-02-12,13,2,0,2645,28
DemocracyClub/WhoCanIVoteFor,2024-02-19,1,1,0,2646,28
DemocracyClub/WhoCanIVoteFor,2024-02-26,11,2,0,2657,28
DemocracyClub/WhoCanIVoteFor,2024-03-18,3,1,0,2660,28
DemocracyClub/WhoCanIVoteFor,2024-03-25,10,1,0,2670,28
DemocracyClub/WhoCanIVoteFor,2024-04-01,6,2,0,2676,28
DemocracyClub/WhoCanIVoteFor,2024-04-08,27,2,0,2703,28
DemocracyClub/WhoCanIVoteFor,2024-04-15,5,2,1,2708,29
DemocracyClub/WhoCanIVoteFor,2024-04-22,24,2,0,2732,29
DemocracyClub/WhoCanIVoteFor,2024-04-29,27,2,0,2759,29
DemocracyClub/WhoCanIVoteFor,2024-05-06,6,3,0,2765,29
DemocracyClub/WhoCanIVoteFor,2024-05-13,5,1,0,2770,29
DemocracyClub/WhoCanIVoteFor,2024-05-20,30,2,0,2800,29
DemocracyClub/WhoCanIVoteFor,2024-05-27,14,4,1,2814,30
DemocracyClub/WhoCanIVoteFor,2024-06-03,33,3,0,2847,30
DemocracyClub/WhoCanIVoteFor,2024-06-10,6,2,0,2853,30
DemocracyClub/WhoCanIVoteFor,2024-06-17,28,2,0,2881,30
DemocracyClub/WhoCanIVoteFor,2024-06-24,24,1,0,2905,30
DemocracyClub/WhoCanIVoteFor,2024-07-01,15,1,0,2920,30
DemocracyClub/WhoCanIVoteFor,2024-07-08,8,2,0,2928,30
DemocracyClub/WhoCanIVoteFor,2024-07-29,2,1,0,2930,30
DemocracyClub/WhoCanIVoteFor,2024-08-05,6,2,0,2936,30
DemocracyClub/WhoCanIVoteFor,2024-08-12,15,1,0,2951,30
DemocracyClub/WhoCanIVoteFor,2024-08-19,16,1,0,2967,30
DemocracyClub/WhoCanIVoteFor,2024-08-26,3,1,0,2970,30
DemocracyClub/WhoCanIVoteFor,2024-09-09,2,2,0,2972,30
DemocracyClub/WhoCanIVoteFor,2024-09-23,2,1,0,2974,30
DemocracyClub/WhoCanIVoteFor,2024-10-07,3,1,0,2977,30
DemocracyClub/WhoCanIVoteFor,2024-10-14,1,1,0,2978,30
DemocracyClub/WhoCanIVoteFor,2024-10-21,1,1,0,2979,30
DemocracyClub/WhoCanIVoteFor,2024-10-28,14,1,0,2993,30
DemocracyClub/WhoCanIVoteFor,2024-11-04,12,1,0,3005,30
DemocracyClub/WhoCanIVoteFor,2024-11-11,10,2,0,3015,30
DemocracyClub/WhoCanIVoteFor,2024-12-02,10,3,0,3025,30
DemocracyClub/WhoCanIVoteFor,2024-12-09,7,1,0,3032,30
DemocracyClub/WhoCanIVoteFor,2024-12-16,4,2,0,3036,30
DemocracyClub/WhoCanIVoteFor,2025-01-13,2,1,0,3038,30
DemocracyClub/WhoCanIVoteFor,2025-01-20,10,3,0,3048,30
DemocracyClub/WhoCanIVoteFor,2025-01-27,4,3,1,3052,31
DemocracyClub/WhoCanIVoteFor,2025-02-03,1,1,0,3053,31
DemocracyClub/WhoCanIVoteFor,2025-02-10,11,1,0,3064,31
DemocracyClub/WhoCanIVoteFor,2025-02-17,16,3,0,3080,31
DemocracyClub/WhoCanIVoteFor,2025-02-24,5,2,0,3085,31
DemocracyClub/WhoCanIVoteFor,2025-03-10,11,2,0,3096,31
DemocracyClub/WhoCanIVoteFor,2025-03-17,2,1,0,3098,31
DemocracyClub/WhoCanIVoteFor,2025-03-24,4,2,0,3102,31
DemocracyClub/WhoCanIVoteFor,2025-03-31,6,2,0,3108,31
DemocracyClub/WhoCanIVoteFor,2025-04-07,24,3,0,3132,31
DemocracyClub/WhoCanIVoteFor,2025-04-14,8,2,0,3140,31
DemocracyClub/WhoCanIVoteFor,2025-04-21,5,1,0,3145,31
DemocracyClub/WhoCanIVoteFor,2025-04-28,11,3,0,3156,31
DemocracyClub/WhoCanIVoteFor,2025-05-05,1,1,0,3157,31
DemocracyClub/WhoCanIVoteFor,2025-05-12,1,1,0,3158,31
DemocracyClub/WhoCanIVoteFor,2025-06-16,10,2,0,3168,31
DemocracyClub/WhoCanIVoteFor,2025-06-23,2,2,0,3170,31
DemocracyClub/WhoCanIVoteFor,2025-07-14,8,1,0,3178,31
DemocracyClub/WhoCanIVoteFor,2025-07-21,15,2,0,3193,31
DemocracyClub/WhoCanIVoteFor,2025-07-28,2,1,0,3195,31
DemocracyClub/WhoCanIVoteFor,2025-08-04,2,1,0,3197,31
DemocracyClub/WhoCanIVoteFor,2025-08-18,10,2,0,3207,31
DemocracyClub/WhoCanIVoteFor,2025-08-25,6,2,0,3213,31
DemocracyClub/WhoCanIVoteFor,2025-09-08,21,4,0,3234,31
DemocracyClub/WhoCanIVoteFor,2025-09-15,2,1,0,3236,31
DemocracyClub/WhoCanIVoteFor,2025-09-22,14,1,0,3250,31
DemocracyClub/WhoCanIVoteFor,2025-09-29,12,3,0,3262,31
DemocracyClub/WhoCanIVoteFor,2025-10-06,5,1,0,3267,31
DemocracyClub/WhoCanIVoteFor,2025-10-13,23,2,0,3290,31
DemocracyClub/WhoCanIVoteFor,2025-10-20,4,1,0,3294,31
DemocracyClub/WhoCanIVoteFor,2025-10-27,7,1,0,3301,31
DemocracyClub/WhoCanIVoteFor,2025-11-10,6,2,0,3307,31
DemocracyClub/WhoCanIVoteFor,2025-11-17,6,1,0,3313,31
DemocracyClub/WhoCanIVoteFor,2025-11-24,1,1,0,3314,31
DemocracyClub/WhoCanIVoteFor,2025-12-01,1,1,0,3315,31
DemocracyClub/WhoCanIVoteFor,2025-12-15,2,1,0,3317,31
DemocracyClub/WhoCanIVoteFor,2026-01-05,1,1,0,3318,31
DemocracyClub/WhoCanIVoteFor,2026-01-12,3,1,0,3321,31
DemocracyClub/WhoCanIVoteFor,2026-01-19,2,1,0,3323,31
DemocracyClub/WhoCanIVoteFor,2026-02-02,2,1,0,3325,31
DemocracyClub/WhoCanIVoteFor,2026-02-16,2,1,0,3327,31
DemocracyClub/WhoCanIVoteFor,2026-02-23,3,1,0,3330,31
DemocracyClub/WhoCanIVoteFor,2026-03-02,11,4,0,3341,31
DemocracyClub/WhoCanIVoteFor,2026-03-09,13,3,0,3354,31
DemocracyClub/WhoCanIVoteFor,2026-03-16,22,2,0,3376,31
DemocracyClub/WhoCanIVoteFor,2026-03-23,9,3,0,3385,31
DemocracyClub/WhoCanIVoteFor,2026-03-30,15,3,0,3400,31
DemocracyClub/WhoCanIVoteFor,2026-04-06,4,1,0,3404,31
DemocracyClub/WhoCanIVoteFor,2026-04-13,31,6,2,3435,33
DemocracyClub/WhoCanIVoteFor,2026-04-20,50,4,0,3485,33
DemocracyClub/WhoCanIVoteFor,2026-04-27,38,3,0,3523,33
DemocracyClub/WhoCanIVoteFor,2026-05-04,2,1,0,3525,33
ForumMagnum/ForumMagnum,2012-08-20,13,2,2,13,2
ForumMagnum/ForumMagnum,2012-08-27,13,2,0,26,2
ForumMagnum/ForumMagnum,2012-09-03,31,1,0,57,2
ForumMagnum/ForumMagnum,2012-09-10,29,2,1,86,3
ForumMagnum/ForumMagnum,2012-09-17,60,2,0,146,3
ForumMagnum/ForumMagnum,2012-09-24,73,3,2,219,5
ForumMagnum/ForumMagnum,2012-10-01,70,2,0,289,5
ForumMagnum/ForumMagnum,2012-10-08,28,2,0,317,5
ForumMagnum/ForumMagnum,2012-10-15,39,3,0,356,5
ForumMagnum/ForumMagnum,2012-10-22,9,1,0,365,5
ForumMagnum/ForumMagnum,2012-10-29,7,1,0,372,5
ForumMagnum/ForumMagnum,2012-11-12,14,2,1,386,6
ForumMagnum/ForumMagnum,2012-11-19,35,3,0,421,6
ForumMagnum/ForumMagnum,2012-11-26,14,4,2,435,8
ForumMagnum/ForumMagnum,2012-12-03,13,3,1,448,9
ForumMagnum/ForumMagnum,2012-12-10,29,4,1,477,10
ForumMagnum/ForumMagnum,2012-12-17,14,1,0,491,10
ForumMagnum/ForumMagnum,2012-12-24,4,1,0,495,10
ForumMagnum/ForumMagnum,2012-12-31,1,1,0,496,10
ForumMagnum/ForumMagnum,2013-01-07,15,2,1,511,11
ForumMagnum/ForumMagnum,2013-01-14,23,1,0,534,11
ForumMagnum/ForumMagnum,2013-01-28,3,2,0,537,11
ForumMagnum/ForumMagnum,2013-02-04,8,1,0,545,11
ForumMagnum/ForumMagnum,2013-02-11,5,1,0,550,11
ForumMagnum/ForumMagnum,2013-02-18,14,1,0,564,11
ForumMagnum/ForumMagnum,2013-02-25,11,1,0,575,11
ForumMagnum/ForumMagnum,2013-03-04,10,3,1,585,12
ForumMagnum/ForumMagnum,2013-03-11,16,3,1,601,13
ForumMagnum/ForumMagnum,2013-03-18,9,2,0,610,13
ForumMagnum/ForumMagnum,2013-03-25,2,2,1,612,14
ForumMagnum/ForumMagnum,2013-04-01,33,2,0,645,14
ForumMagnum/ForumMagnum,2013-04-08,19,3,1,664,15
ForumMagnum/ForumMagnum,2013-04-15,6,2,1,670,16
ForumMagnum/ForumMagnum,2013-04-22,5,2,0,675,16
ForumMagnum/ForumMagnum,2013-05-06,4,3,2,679,18
ForumMagnum/ForumMagnum,2013-05-13,2,2,2,681,20
ForumMagnum/ForumMagnum,2013-05-20,1,1,0,682,20
ForumMagnum/ForumMagnum,2013-06-10,2,1,0,684,20
ForumMagnum/ForumMagnum,2013-06-17,1,1,0,685,20
ForumMagnum/ForumMagnum,2013-06-24,2,2,1,687,21
ForumMagnum/ForumMagnum,2013-07-01,13,1,0,700,21
ForumMagnum/ForumMagnum,2013-07-08,3,2,1,703,22
ForumMagnum/ForumMagnum,2013-07-15,5,2,1,708,23
ForumMagnum/ForumMagnum,2013-07-22,1,1,0,709,23
ForumMagnum/ForumMagnum,2013-09-02,4,1,0,713,23
ForumMagnum/ForumMagnum,2013-09-30,11,1,0,724,23
ForumMagnum/ForumMagnum,2013-10-07,24,1,0,748,23
ForumMagnum/ForumMagnum,2013-10-14,12,1,0,760,23
ForumMagnum/ForumMagnum,2013-10-21,50,1,0,810,23
ForumMagnum/ForumMagnum,2013-10-28,29,4,2,839,25
ForumMagnum/ForumMagnum,2013-11-04,29,4,2,868,27
ForumMagnum/ForumMagnum,2013-11-11,41,4,0,909,27
ForumMagnum/ForumMagnum,2013-11-18,13,3,1,922,28
ForumMagnum/ForumMagnum,2013-11-25,2,1,0,924,28
ForumMagnum/ForumMagnum,2013-12-02,2,1,1,926,29
ForumMagnum/ForumMagnum,2013-12-09,7,3,2,933,31
ForumMagnum/ForumMagnum,2013-12-16,2,2,1,935,32
ForumMagnum/ForumMagnum,2013-12-30,4,3,1,939,33
ForumMagnum/ForumMagnum,2014-01-06,19,3,1,958,34
ForumMagnum/ForumMagnum,2014-01-13,4,1,0,962,34
ForumMagnum/ForumMagnum,2014-01-20,2,2,1,964,35
ForumMagnum/ForumMagnum,2014-01-27,2,2,1,966,36
ForumMagnum/ForumMagnum,2014-02-03,5,3,1,971,37
ForumMagnum/ForumMagnum,2014-02-10,2,1,0,973,37
ForumMagnum/ForumMagnum,2014-02-17,4,2,0,977,37
ForumMagnum/ForumMagnum,2014-02-24,3,2,0,980,37
ForumMagnum/ForumMagnum,2014-03-03,1,1,0,981,37
ForumMagnum/ForumMagnum,2014-03-17,5,3,1,986,38
ForumMagnum/ForumMagnum,2014-03-24,2,2,1,988,39
ForumMagnum/ForumMagnum,2014-03-31,1,1,1,989,40
ForumMagnum/ForumMagnum,2014-04-07,1,1,0,990,40
ForumMagnum/ForumMagnum,2014-04-14,4,2,1,994,41
ForumMagnum/ForumMagnum,2014-04-28,7,2,1,1001,42
ForumMagnum/ForumMagnum,2014-05-05,25,4,2,1026,44
ForumMagnum/ForumMagnum,2014-05-12,3,1,0,1029,44
ForumMagnum/ForumMagnum,2014-05-19,9,1,0,1038,44
ForumMagnum/ForumMagnum,2014-05-26,6,1,0,1044,44
ForumMagnum/ForumMagnum,2014-06-02,2,2,1,1046,45
ForumMagnum/ForumMagnum,2014-06-09,3,3,2,1049,47
ForumMagnum/ForumMagnum,2014-06-16,26,2,0,1075,47
ForumMagnum/ForumMagnum,2014-06-23,15,1,0,1090,47
ForumMagnum/ForumMagnum,2014-06-30,45,1,0,1135,47
ForumMagnum/ForumMagnum,2014-07-07,38,3,1,1173,48
ForumMagnum/ForumMagnum,2014-07-14,16,2,0,1189,48
ForumMagnum/ForumMagnum,2014-07-21,8,1,0,1197,48
ForumMagnum/ForumMagnum,2014-07-28,26,2,1,1223,49
ForumMagnum/ForumMagnum,2014-08-04,20,1,0,1243,49
ForumMagnum/ForumMagnum,2014-08-11,27,3,1,1270,50
ForumMagnum/ForumMagnum,2014-08-18,16,1,0,1286,50
ForumMagnum/ForumMagnum,2014-08-25,22,1,0,1308,50
ForumMagnum/ForumMagnum,2014-09-01,18,4,3,1326,53
ForumMagnum/ForumMagnum,2014-09-08,42,7,4,1368,57
ForumMagnum/ForumMagnum,2014-09-15,68,9,6,1436,63
ForumMagnum/ForumMagnum,2014-09-22,46,8,4,1482,67
ForumMagnum/ForumMagnum,2014-09-29,38,9,5,1520,72
ForumMagnum/ForumMagnum,2014-10-06,20,2,0,1540,72
ForumMagnum/ForumMagnum,2014-10-13,21,3,0,1561,72
ForumMagnum/ForumMagnum,2014-10-27,1,1,0,1562,72
ForumMagnum/ForumMagnum,2014-11-03,1,1,0,1563,72
ForumMagnum/ForumMagnum,2014-11-17,49,5,2,1612,74
ForumMagnum/ForumMagnum,2014-11-24,58,9,3,1670,77
ForumMagnum/ForumMagnum,2014-12-01,44,2,0,1714,77
ForumMagnum/ForumMagnum,2014-12-08,59,4,0,1773,77
ForumMagnum/ForumMagnum,2014-12-15,65,7,2,1838,79
ForumMagnum/ForumMagnum,2014-12-22,25,5,3,1863,82
ForumMagnum/ForumMagnum,2014-12-29,34,3,0,1897,82
ForumMagnum/ForumMagnum,2015-01-05,53,3,0,1950,82
ForumMagnum/ForumMagnum,2015-01-12,22,4,0,1972,82
ForumMagnum/ForumMagnum,2015-01-19,35,4,1,2007,83
ForumMagnum/ForumMagnum,2015-01-26,31,8,5,2038,88
ForumMagnum/ForumMagnum,2015-02-02,44,5,3,2082,91
ForumMagnum/ForumMagnum,2015-02-09,36,5,2,2118,93
ForumMagnum/ForumMagnum,2015-02-16,12,5,2,2130,95
ForumMagnum/ForumMagnum,2015-02-23,5,3,1,2135,96
ForumMagnum/ForumMagnum,2015-03-02,8,4,3,2143,99
ForumMagnum/ForumMagnum,2015-03-09,53,6,2,2196,101
ForumMagnum/ForumMagnum,2015-03-16,50,8,6,2246,107
ForumMagnum/ForumMagnum,2015-03-23,63,6,3,2309,110
ForumMagnum/ForumMagnum,2015-03-30,30,7,0,2339,110
ForumMagnum/ForumMagnum,2015-04-06,36,5,0,2375,110
ForumMagnum/ForumMagnum,2015-04-13,8,3,0,2383,110
ForumMagnum/ForumMagnum,2015-04-20,55,2,0,2438,110
ForumMagnum/ForumMagnum,2015-04-27,27,3,1,2465,111
ForumMagnum/ForumMagnum,2015-05-04,46,4,2,2511,113
ForumMagnum/ForumMagnum,2015-05-11,43,6,2,2554,115
ForumMagnum/ForumMagnum,2015-05-18,38,1,0,2592,115
ForumMagnum/ForumMagnum,2015-06-01,23,2,0,2615,115
ForumMagnum/ForumMagnum,2015-06-08,8,2,1,2623,116
ForumMagnum/ForumMagnum,2015-06-15,43,3,0,2666,116
ForumMagnum/ForumMagnum,2015-06-22,14,4,0,2680,116
ForumMagnum/ForumMagnum,2015-06-29,26,2,1,2706,117
ForumMagnum/ForumMagnum,2015-07-06,22,3,1,2728,118
ForumMagnum/ForumMagnum,2015-07-13,35,3,2,2763,120
ForumMagnum/ForumMagnum,2015-07-20,12,1,0,2775,120
ForumMagnum/ForumMagnum,2015-07-27,30,2,1,2805,121
ForumMagnum/ForumMagnum,2015-08-03,19,4,3,2824,124
ForumMagnum/ForumMagnum,2015-08-10,44,3,0,2868,124
ForumMagnum/ForumMagnum,2015-08-17,21,1,0,2889,124
ForumMagnum/ForumMagnum,2015-08-24,15,1,0,2904,124
ForumMagnum/ForumMagnum,2015-08-31,23,3,0,2927,124
ForumMagnum/ForumMagnum,2015-09-07,17,1,0,2944,124
ForumMagnum/ForumMagnum,2015-09-14,20,1,0,2964,124
ForumMagnum/ForumMagnum,2015-09-21,40,3,1,3004,125
ForumMagnum/ForumMagnum,2015-09-28,8,2,1,3012,126
ForumMagnum/ForumMagnum,2015-10-05,22,4,2,3034,128
ForumMagnum/ForumMagnum,2015-10-12,32,2,1,3066,129
ForumMagnum/ForumMagnum,2015-10-19,17,3,1,3083,130
ForumMagnum/ForumMagnum,2015-10-26,11,2,0,3094,130
ForumMagnum/ForumMagnum,2015-11-02,2,1,0,3096,130
ForumMagnum/ForumMagnum,2015-11-16,8,1,0,3104,130
ForumMagnum/ForumMagnum,2015-11-23,8,2,0,3112,130
ForumMagnum/ForumMagnum,2015-12-07,5,1,0,3117,130
ForumMagnum/ForumMagnum,2015-12-14,6,1,0,3123,130
ForumMagnum/ForumMagnum,2015-12-21,1,1,0,3124,130
ForumMagnum/ForumMagnum,2015-12-28,14,4,1,3138,131
ForumMagnum/ForumMagnum,2016-01-04,3,2,1,3141,132
ForumMagnum/ForumMagnum,2016-01-18,1,1,1,3142,133
ForumMagnum/ForumMagnum,2016-02-01,17,1,0,3159,133
ForumMagnum/ForumMagnum,2016-02-08,2,2,0,3161,133
ForumMagnum/ForumMagnum,2016-02-15,49,1,0,3210,133
ForumMagnum/ForumMagnum,2016-02-22,52,1,0,3262,133
ForumMagnum/ForumMagnum,2016-02-29,30,3,2,3292,135
ForumMagnum/ForumMagnum,2016-03-07,14,4,3,3306,138
ForumMagnum/ForumMagnum,2016-03-14,29,3,1,3335,139
ForumMagnum/ForumMagnum,2016-03-21,63,2,0,3398,139
ForumMagnum/ForumMagnum,2016-03-28,102,4,2,3500,141
ForumMagnum/ForumMagnum,2016-04-04,83,2,0,3583,141
ForumMagnum/ForumMagnum,2016-04-11,107,3,1,3690,142
ForumMagnum/ForumMagnum,2016-04-18,54,3,2,3744,144
ForumMagnum/ForumMagnum,2016-04-25,4,1,0,3748,144
ForumMagnum/ForumMagnum,2016-05-02,20,4,3,3768,147
ForumMagnum/ForumMagnum,2016-05-09,30,1,0,3798,147
ForumMagnum/ForumMagnum,2016-05-16,38,2,0,3836,147
ForumMagnum/ForumMagnum,2016-05-23,24,3,1,3860,148
ForumMagnum/ForumMagnum,2016-05-30,28,2,1,3888,149
ForumMagnum/ForumMagnum,2016-06-06,52,2,1,3940,150
ForumMagnum/ForumMagnum,2016-06-13,98,3,1,4038,151
ForumMagnum/ForumMagnum,2016-06-20,42,3,1,4080,152
ForumMagnum/ForumMagnum,2016-06-27,28,3,1,4108,153
ForumMagnum/ForumMagnum,2016-07-04,66,6,4,4174,157
ForumMagnum/ForumMagnum,2016-07-11,42,3,1,4216,158
ForumMagnum/ForumMagnum,2016-07-18,50,3,1,4266,159
ForumMagnum/ForumMagnum,2016-07-25,36,3,0,4302,159
ForumMagnum/ForumMagnum,2016-08-01,42,4,1,4344,160
ForumMagnum/ForumMagnum,2016-08-08,38,3,1,4382,161
ForumMagnum/ForumMagnum,2016-08-15,20,4,2,4402,163
ForumMagnum/ForumMagnum,2016-08-22,28,2,1,4430,164
ForumMagnum/ForumMagnum,2016-08-29,4,2,0,4434,164
ForumMagnum/ForumMagnum,2016-09-05,12,3,2,4446,166
ForumMagnum/ForumMagnum,2016-09-12,2,1,0,4448,166
ForumMagnum/ForumMagnum,2016-09-19,22,1,0,4470,166
ForumMagnum/ForumMagnum,2016-09-26,18,1,0,4488,166
ForumMagnum/ForumMagnum,2016-10-03,36,3,1,4524,167
ForumMagnum/ForumMagnum,2016-10-10,20,4,2,4544,169
ForumMagnum/ForumMagnum,2016-10-17,26,2,1,4570,170
ForumMagnum/ForumMagnum,2016-10-24,80,4,2,4650,172
ForumMagnum/ForumMagnum,2016-10-31,86,5,2,4736,174
ForumMagnum/ForumMagnum,2016-11-07,136,4,1,4872,175
ForumMagnum/ForumMagnum,2016-11-14,102,4,0,4974,175
ForumMagnum/ForumMagnum,2016-11-21,62,4,0,5036,175
ForumMagnum/ForumMagnum,2016-11-28,56,3,1,5092,176
ForumMagnum/ForumMagnum,2016-12-05,44,2,0,5136,176
ForumMagnum/ForumMagnum,2016-12-12,46,2,0,5182,176
ForumMagnum/ForumMagnum,2016-12-19,30,3,0,5212,176
ForumMagnum/ForumMagnum,2016-12-26,12,2,1,5224,177
ForumMagnum/ForumMagnum,2017-01-02,48,8,5,5272,182
ForumMagnum/ForumMagnum,2017-01-09,65,5,1,5337,183
ForumMagnum/ForumMagnum,2017-01-16,60,3,0,5397,183
ForumMagnum/ForumMagnum,2017-01-23,54,3,0,5451,183
ForumMagnum/ForumMagnum,2017-01-30,72,4,0,5523,183
ForumMagnum/ForumMagnum,2017-02-06,58,3,0,5581,183
ForumMagnum/ForumMagnum,2017-02-13,40,3,0,5621,183
ForumMagnum/ForumMagnum,2017-02-20,10,2,0,5631,183
ForumMagnum/ForumMagnum,2017-02-27,18,3,1,5649,184
ForumMagnum/ForumMagnum,2017-03-06,29,5,0,5678,184
ForumMagnum/ForumMagnum,2017-03-13,47,5,1,5725,185
ForumMagnum/ForumMagnum,2017-03-20,77,7,1,5802,186
ForumMagnum/ForumMagnum,2017-03-27,72,7,1,5874,187
ForumMagnum/ForumMagnum,2017-04-03,61,4,0,5935,187
ForumMagnum/ForumMagnum,2017-04-10,70,4,1,6005,188
ForumMagnum/ForumMagnum,2017-04-17,16,1,0,6021,188
ForumMagnum/ForumMagnum,2017-04-24,39,3,0,6060,188
ForumMagnum/ForumMagnum,2017-05-01,43,3,1,6103,189
ForumMagnum/ForumMagnum,2017-05-08,28,2,0,6131,189
ForumMagnum/ForumMagnum,2017-05-15,32,6,3,6163,192
ForumMagnum/ForumMagnum,2017-05-22,33,5,1,6196,193
ForumMagnum/ForumMagnum,2017-05-29,43,2,0,6239,193
ForumMagnum/ForumMagnum,2017-06-05,22,2,0,6261,193
ForumMagnum/ForumMagnum,2017-06-12,39,3,1,6300,194
ForumMagnum/ForumMagnum,2017-06-19,46,3,0,6346,194
ForumMagnum/ForumMagnum,2017-06-26,26,2,0,6372,194
ForumMagnum/ForumMagnum,2017-07-03,45,2,0,6417,194
ForumMagnum/ForumMagnum,2017-07-10,14,1,0,6431,194
ForumMagnum/ForumMagnum,2017-07-17,19,3,1,6450,195
ForumMagnum/ForumMagnum,2017-07-24,55,7,5,6505,200
ForumMagnum/ForumMagnum,2017-07-31,42,4,0,6547,200
ForumMagnum/ForumMagnum,2017-08-07,24,6,3,6571,203
ForumMagnum/ForumMagnum,2017-08-14,86,3,1,6657,204
ForumMagnum/ForumMagnum,2017-08-21,96,7,2,6753,206
ForumMagnum/ForumMagnum,2017-08-28,48,7,3,6801,209
ForumMagnum/ForumMagnum,2017-09-04,81,5,0,6882,209
ForumMagnum/ForumMagnum,2017-09-11,75,6,2,6957,211
ForumMagnum/ForumMagnum,2017-09-18,136,7,2,7093,213
ForumMagnum/ForumMagnum,2017-09-25,55,5,2,7148,215
ForumMagnum/ForumMagnum,2017-10-02,76,6,1,7224,216
ForumMagnum/ForumMagnum,2017-10-09,69,6,3,7293,219
ForumMagnum/ForumMagnum,2017-10-16,105,5,1,7398,220
ForumMagnum/ForumMagnum,2017-10-23,63,5,0,7461,220
ForumMagnum/ForumMagnum,2017-10-30,45,4,1,7506,221
ForumMagnum/ForumMagnum,2017-11-06,40,7,3,7546,224
ForumMagnum/ForumMagnum,2017-11-13,18,4,0,7564,224
ForumMagnum/ForumMagnum,2017-11-20,22,5,1,7586,225
ForumMagnum/ForumMagnum,2017-11-27,11,3,0,7597,225
ForumMagnum/ForumMagnum,2017-12-04,1,1,0,7598,225
ForumMagnum/ForumMagnum,2017-12-11,4,1,0,7602,225
ForumMagnum/ForumMagnum,2017-12-18,10,1,0,7612,225
ForumMagnum/ForumMagnum,2017-12-25,40,5,0,7652,225
ForumMagnum/ForumMagnum,2018-01-01,90,6,1,7742,226
ForumMagnum/ForumMagnum,2018-01-08,38,7,2,7780,228
ForumMagnum/ForumMagnum,2018-01-15,28,5,1,7808,229
ForumMagnum/ForumMagnum,2018-01-22,124,12,2,7932,231
ForumMagnum/ForumMagnum,2018-01-29,116,11,2,8048,233
ForumMagnum/ForumMagnum,2018-02-05,73,6,1,8121,234
ForumMagnum/ForumMagnum,2018-02-12,115,7,1,8236,235
ForumMagnum/ForumMagnum,2018-02-19,23,6,1,8259,236
ForumMagnum/ForumMagnum,2018-02-26,54,6,0,8313,236
ForumMagnum/ForumMagnum,2018-03-05,59,6,1,8372,237
ForumMagnum/ForumMagnum,2018-03-12,34,5,0,8406,237
ForumMagnum/ForumMagnum,2018-03-19,68,6,2,8474,239
ForumMagnum/ForumMagnum,2018-03-26,61,6,0,8535,239
ForumMagnum/ForumMagnum,2018-04-02,11,4,0,8546,239
ForumMagnum/ForumMagnum,2018-04-09,16,5,0,8562,239
ForumMagnum/ForumMagnum,2018-04-16,18,8,0,8580,239
ForumMagnum/ForumMagnum,2018-04-23,37,8,0,8617,239
ForumMagnum/ForumMagnum,2018-04-30,35,6,2,8652,241
ForumMagnum/ForumMagnum,2018-05-07,65,8,3,8717,244
ForumMagnum/ForumMagnum,2018-05-14,31,7,0,8748,244
ForumMagnum/ForumMagnum,2018-05-21,32,6,0,8780,244
ForumMagnum/ForumMagnum,2018-05-28,215,11,0,8995,244
ForumMagnum/ForumMagnum,2018-06-04,81,5,0,9076,244
ForumMagnum/ForumMagnum,2018-06-11,34,4,0,9110,244
ForumMagnum/ForumMagnum,2018-06-18,18,2,1,9128,245
ForumMagnum/ForumMagnum,2018-06-25,46,5,1,9174,246
ForumMagnum/ForumMagnum,2018-07-02,68,8,2,9242,248
ForumMagnum/ForumMagnum,2018-07-09,90,5,1,9332,249
ForumMagnum/ForumMagnum,2018-07-16,61,5,0,9393,249
ForumMagnum/ForumMagnum,2018-07-23,58,6,1,9451,250
ForumMagnum/ForumMagnum,2018-07-30,49,4,0,9500,250
ForumMagnum/ForumMagnum,2018-08-06,57,4,0,9557,250
ForumMagnum/ForumMagnum,2018-08-13,43,5,0,9600,250
ForumMagnum/ForumMagnum,2018-08-20,108,6,1,9708,251
ForumMagnum/ForumMagnum,2018-08-27,148,5,0,9856,251
ForumMagnum/ForumMagnum,2018-09-03,120,7,0,9976,251
ForumMagnum/ForumMagnum,2018-09-10,64,5,0,10040,251
ForumMagnum/ForumMagnum,2018-09-17,67,5,0,10107,251
ForumMagnum/ForumMagnum,2018-09-24,73,5,0,10180,251
ForumMagnum/ForumMagnum,2018-10-01,87,4,0,10267,251
ForumMagnum/ForumMagnum,2018-10-08,115,5,0,10382,251
ForumMagnum/ForumMagnum,2018-10-15,137,5,0,10519,251
ForumMagnum/ForumMagnum,2018-10-22,70,5,0,10589,251
ForumMagnum/ForumMagnum,2018-10-29,98,5,0,10687,251
ForumMagnum/ForumMagnum,2018-11-05,61,6,0,10748,251
ForumMagnum/ForumMagnum,2018-11-12,107,4,0,10855,251
ForumMagnum/ForumMagnum,2018-11-19,92,6,1,10947,252
ForumMagnum/ForumMagnum,2018-11-26,179,6,0,11126,252
ForumMagnum/ForumMagnum,2018-12-03,200,5,0,11326,252
ForumMagnum/ForumMagnum,2018-12-10,68,5,0,11394,252
ForumMagnum/ForumMagnum,2018-12-17,23,5,0,11417,252
ForumMagnum/ForumMagnum,2018-12-24,18,2,0,11435,252
ForumMagnum/ForumMagnum,2018-12-31,83,4,0,11518,252
ForumMagnum/ForumMagnum,2019-01-07,82,5,0,11600,252
ForumMagnum/ForumMagnum,2019-01-14,6,3,0,11606,252
ForumMagnum/ForumMagnum,2019-01-21,40,5,0,11646,252
ForumMagnum/ForumMagnum,2019-01-28,94,4,0,11740,252
ForumMagnum/ForumMagnum,2019-02-04,100,5,0,11840,252
ForumMagnum/ForumMagnum,2019-02-11,110,6,2,11950,254
ForumMagnum/ForumMagnum,2019-02-18,114,5,0,12064,254
ForumMagnum/ForumMagnum,2019-02-25,203,6,1,12267,255
ForumMagnum/ForumMagnum,2019-03-04,123,5,0,12390,255
ForumMagnum/ForumMagnum,2019-03-11,92,6,0,12482,255
ForumMagnum/ForumMagnum,2019-03-18,123,7,0,12605,255
ForumMagnum/ForumMagnum,2019-03-25,103,5,0,12708,255
ForumMagnum/ForumMagnum,2019-04-01,130,7,0,12838,255
ForumMagnum/ForumMagnum,2019-04-08,86,5,0,12924,255
ForumMagnum/ForumMagnum,2019-04-15,72,4,0,12996,255
ForumMagnum/ForumMagnum,2019-04-22,109,6,0,13105,255
ForumMagnum/ForumMagnum,2019-04-29,79,5,0,13184,255
ForumMagnum/ForumMagnum,2019-05-06,65,6,0,13249,255
ForumMagnum/ForumMagnum,2019-05-13,70,5,0,13319,255
ForumMagnum/ForumMagnum,2019-05-20,118,6,0,13437,255
ForumMagnum/ForumMagnum,2019-05-27,100,6,0,13537,255
ForumMagnum/ForumMagnum,2019-06-03,86,5,0,13623,255
ForumMagnum/ForumMagnum,2019-06-10,159,5,0,13782,255
ForumMagnum/ForumMagnum,2019-06-17,52,5,0,13834,255
ForumMagnum/ForumMagnum,2019-06-24,16,2,0,13850,255
ForumMagnum/ForumMagnum,2019-07-01,86,5,1,13936,256
ForumMagnum/ForumMagnum,2019-07-08,132,5,0,14068,256
ForumMagnum/ForumMagnum,2019-07-15,90,5,0,14158,256
ForumMagnum/ForumMagnum,2019-07-22,122,7,1,14280,257
ForumMagnum/ForumMagnum,2019-07-29,123,4,0,14403,257
ForumMagnum/ForumMagnum,2019-08-05,209,4,0,14612,257
ForumMagnum/ForumMagnum,2019-08-12,174,4,0,14786,257
ForumMagnum/ForumMagnum,2019-08-19,83,3,0,14869,257
ForumMagnum/ForumMagnum,2019-08-26,101,3,0,14970,257
ForumMagnum/ForumMagnum,2019-09-02,100,4,0,15070,257
ForumMagnum/ForumMagnum,2019-09-09,121,4,0,15191,257
ForumMagnum/ForumMagnum,2019-09-16,55,4,0,15246,257
ForumMagnum/ForumMagnum,2019-09-23,94,4,0,15340,257
ForumMagnum/ForumMagnum,2019-09-30,40,3,0,15380,257
ForumMagnum/ForumMagnum,2019-10-07,144,5,0,15524,257
ForumMagnum/ForumMagnum,2019-10-14,23,4,0,15547,257
ForumMagnum/ForumMagnum,2019-10-21,104,3,0,15651,257
ForumMagnum/ForumMagnum,2019-10-28,72,6,2,15723,259
ForumMagnum/ForumMagnum,2019-11-04,131,6,0,15854,259
ForumMagnum/ForumMagnum,2019-11-11,42,4,0,15896,259
ForumMagnum/ForumMagnum,2019-11-18,103,6,0,15999,259
ForumMagnum/ForumMagnum,2019-11-25,138,5,0,16137,259
ForumMagnum/ForumMagnum,2019-12-02,132,5,1,16269,260
ForumMagnum/ForumMagnum,2019-12-09,111,5,0,16380,260
ForumMagnum/ForumMagnum,2019-12-16,96,4,0,16476,260
ForumMagnum/ForumMagnum,2019-12-23,11,2,0,16487,260
ForumMagnum/ForumMagnum,2019-12-30,158,4,0,16645,260
ForumMagnum/ForumMagnum,2020-01-06,137,4,0,16782,260
ForumMagnum/ForumMagnum,2020-01-13,83,4,0,16865,260
ForumMagnum/ForumMagnum,2020-01-20,103,3,0,16968,260
ForumMagnum/ForumMagnum,2020-01-27,132,5,0,17100,260
ForumMagnum/ForumMagnum,2020-02-03,70,4,0,17170,260
ForumMagnum/ForumMagnum,2020-02-10,58,5,0,17228,260
ForumMagnum/ForumMagnum,2020-02-17,71,4,0,17299,260
ForumMagnum/ForumMagnum,2020-02-24,47,5,0,17346,260
ForumMagnum/ForumMagnum,2020-03-02,14,3,0,17360,260
ForumMagnum/ForumMagnum,2020-03-09,85,5,0,17445,260
ForumMagnum/ForumMagnum,2020-03-16,60,4,0,17505,260
ForumMagnum/ForumMagnum,2020-03-23,90,5,1,17595,261
ForumMagnum/ForumMagnum,2020-03-30,51,5,1,17646,262
ForumMagnum/ForumMagnum,2020-04-06,103,6,1,17749,263
ForumMagnum/ForumMagnum,2020-04-13,100,7,0,17849,263
ForumMagnum/ForumMagnum,2020-04-20,99,6,0,17948,263
ForumMagnum/ForumMagnum,2020-04-27,62,6,0,18010,263
ForumMagnum/ForumMagnum,2020-05-04,70,7,0,18080,263
ForumMagnum/ForumMagnum,2020-05-11,94,6,0,18174,263
ForumMagnum/ForumMagnum,2020-05-18,120,5,0,18294,263
ForumMagnum/ForumMagnum,2020-05-25,86,5,0,18380,263
ForumMagnum/ForumMagnum,2020-06-01,39,4,0,18419,263
ForumMagnum/ForumMagnum,2020-06-08,50,7,1,18469,264
ForumMagnum/ForumMagnum,2020-06-15,57,4,0,18526,264
ForumMagnum/ForumMagnum,2020-06-22,71,4,0,18597,264
ForumMagnum/ForumMagnum,2020-06-29,94,6,0,18691,264
ForumMagnum/ForumMagnum,2020-07-06,152,5,0,18843,264
ForumMagnum/ForumMagnum,2020-07-13,99,5,0,18942,264
ForumMagnum/ForumMagnum,2020-07-20,111,6,0,19053,264
ForumMagnum/ForumMagnum,2020-07-27,134,8,0,19187,264
ForumMagnum/ForumMagnum,2020-08-03,121,7,0,19308,264
ForumMagnum/ForumMagnum,2020-08-10,14,3,0,19322,264
ForumMagnum/ForumMagnum,2020-08-17,89,8,0,19411,264
ForumMagnum/ForumMagnum,2020-08-24,38,5,0,19449,264
ForumMagnum/ForumMagnum,2020-08-31,11,4,1,19460,265
ForumMagnum/ForumMagnum,2020-09-07,79,4,0,19539,265
ForumMagnum/ForumMagnum,2020-09-14,91,4,0,19630,265
ForumMagnum/ForumMagnum,2020-09-21,75,5,0,19705,265
ForumMagnum/ForumMagnum,2020-09-28,42,4,0,19747,265
ForumMagnum/ForumMagnum,2020-10-05,58,5,0,19805,265
ForumMagnum/ForumMagnum,2020-10-12,41,5,0,19846,265
ForumMagnum/ForumMagnum,2020-10-19,69,7,0,19915,265
ForumMagnum/ForumMagnum,2020-10-26,115,6,0,20030,265
ForumMagnum/ForumMagnum,2020-11-02,100,7,0,20130,265
ForumMagnum/ForumMagnum,2020-11-09,69,7,1,20199,266
ForumMagnum/ForumMagnum,2020-11-16,116,8,0,20315,266
ForumMagnum/ForumMagnum,2020-11-23,185,8,2,20500,268
ForumMagnum/ForumMagnum,2020-11-30,198,8,0,20698,268
ForumMagnum/ForumMagnum,2020-12-07,177,8,1,20875,269
ForumMagnum/ForumMagnum,2020-12-14,128,7,0,21003,269
ForumMagnum/ForumMagnum,2020-12-21,68,3,0,21071,269
ForumMagnum/ForumMagnum,2020-12-28,73,3,0,21144,269
ForumMagnum/ForumMagnum,2021-01-04,93,4,0,21237,269
ForumMagnum/ForumMagnum,2021-01-11,108,3,0,21345,269
ForumMagnum/ForumMagnum,2021-01-18,117,4,0,21462,269
ForumMagnum/ForumMagnum,2021-01-25,67,3,0,21529,269
ForumMagnum/ForumMagnum,2021-02-01,23,3,0,21552,269
ForumMagnum/ForumMagnum,2021-02-08,76,6,0,21628,269
ForumMagnum/ForumMagnum,2021-02-15,52,4,0,21680,269
ForumMagnum/ForumMagnum,2021-02-22,12,3,0,21692,269
ForumMagnum/ForumMagnum,2021-03-01,20,4,1,21712,270
ForumMagnum/ForumMagnum,2021-03-08,20,6,0,21732,270
ForumMagnum/ForumMagnum,2021-03-15,5,3,0,21737,270
ForumMagnum/ForumMagnum,2021-03-22,23,4,0,21760,270
ForumMagnum/ForumMagnum,2021-03-29,73,5,0,21833,270
ForumMagnum/ForumMagnum,2021-04-05,51,5,0,21884,270
ForumMagnum/ForumMagnum,2021-04-12,13,2,0,21897,270
ForumMagnum/ForumMagnum,2021-04-19,27,4,0,21924,270
ForumMagnum/ForumMagnum,2021-04-26,9,3,0,21933,270
ForumMagnum/ForumMagnum,2021-05-03,42,5,0,21975,270
ForumMagnum/ForumMagnum,2021-05-10,45,3,0,22020,270
ForumMagnum/ForumMagnum,2021-05-17,51,3,0,22071,270
ForumMagnum/ForumMagnum,2021-05-24,45,5,1,22116,271
ForumMagnum/ForumMagnum,2021-05-31,30,4,2,22146,273
ForumMagnum/ForumMagnum,2021-06-07,40,5,0,22186,273
ForumMagnum/ForumMagnum,2021-06-14,29,4,0,22215,273
ForumMagnum/ForumMagnum,2021-06-21,40,5,1,22255,274
ForumMagnum/ForumMagnum,2021-06-28,23,4,1,22278,275
ForumMagnum/ForumMagnum,2021-07-05,23,6,0,22301,275
ForumMagnum/ForumMagnum,2021-07-12,31,7,0,22332,275
ForumMagnum/ForumMagnum,2021-07-19,29,5,1,22361,276
ForumMagnum/ForumMagnum,2021-07-26,49,9,0,22410,276
ForumMagnum/ForumMagnum,2021-08-02,29,8,0,22439,276
ForumMagnum/ForumMagnum,2021-08-09,50,8,0,22489,276
ForumMagnum/ForumMagnum,2021-08-16,49,6,0,22538,276
ForumMagnum/ForumMagnum,2021-08-23,71,6,0,22609,276
ForumMagnum/ForumMagnum,2021-08-30,18,5,0,22627,276
ForumMagnum/ForumMagnum,2021-09-06,49,6,1,22676,277
ForumMagnum/ForumMagnum,2021-09-13,66,8,0,22742,277
ForumMagnum/ForumMagnum,2021-09-20,89,8,0,22831,277
ForumMagnum/ForumMagnum,2021-09-27,42,8,2,22873,279
ForumMagnum/ForumMagnum,2021-10-04,57,7,0,22930,279
ForumMagnum/ForumMagnum,2021-10-11,59,7,0,22989,279
ForumMagnum/ForumMagnum,2021-10-18,87,7,0,23076,279
ForumMagnum/ForumMagnum,2021-10-25,57,7,0,23133,279
ForumMagnum/ForumMagnum,2021-11-01,65,7,0,23198,279
ForumMagnum/ForumMagnum,2021-11-08,69,7,0,23267,279
ForumMagnum/ForumMagnum,2021-11-15,60,7,0,23327,279
ForumMagnum/ForumMagnum,2021-11-22,88,7,0,23415,279
ForumMagnum/ForumMagnum,2021-11-29,148,7,2,23563,281
ForumMagnum/ForumMagnum,2021-12-06,145,6,0,23708,281
ForumMagnum/ForumMagnum,2021-12-13,110,9,0,23818,281
ForumMagnum/ForumMagnum,2021-12-20,67,6,0,23885,281
ForumMagnum/ForumMagnum,2021-12-27,79,5,0,23964,281
ForumMagnum/ForumMagnum,2022-01-03,43,7,0,24007,281
ForumMagnum/ForumMagnum,2022-01-10,143,9,0,24150,281
ForumMagnum/ForumMagnum,2022-01-17,109,8,1,24259,282
ForumMagnum/ForumMagnum,2022-01-24,93,7,0,24352,282
ForumMagnum/ForumMagnum,2022-01-31,106,6,0,24458,282
ForumMagnum/ForumMagnum,2022-02-07,33,6,0,24491,282
ForumMagnum/ForumMagnum,2022-02-14,68,5,0,24559,282
ForumMagnum/ForumMagnum,2022-02-21,59,8,0,24618,282
ForumMagnum/ForumMagnum,2022-02-28,78,5,0,24696,282
ForumMagnum/ForumMagnum,2022-03-07,65,3,0,24761,282
ForumMagnum/ForumMagnum,2022-03-14,37,7,1,24798,283
ForumMagnum/ForumMagnum,2022-03-21,47,7,0,24845,283
ForumMagnum/ForumMagnum,2022-03-28,104,9,0,24949,283
ForumMagnum/ForumMagnum,2022-04-04,54,6,0,25003,283
ForumMagnum/ForumMagnum,2022-04-11,59,6,1,25062,284
ForumMagnum/ForumMagnum,2022-04-18,50,4,0,25112,284
ForumMagnum/ForumMagnum,2022-04-25,49,6,0,25161,284
ForumMagnum/ForumMagnum,2022-05-02,83,6,0,25244,284
ForumMagnum/ForumMagnum,2022-05-09,106,8,2,25350,286
ForumMagnum/ForumMagnum,2022-05-16,69,7,0,25419,286
ForumMagnum/ForumMagnum,2022-05-23,72,10,2,25491,288
ForumMagnum/ForumMagnum,2022-05-30,104,12,2,25595,290
ForumMagnum/ForumMagnum,2022-06-06,49,9,2,25644,292
ForumMagnum/ForumMagnum,2022-06-13,55,6,1,25699,293
ForumMagnum/ForumMagnum,2022-06-20,82,9,1,25781,294
ForumMagnum/ForumMagnum,2022-06-27,107,8,0,25888,294
ForumMagnum/ForumMagnum,2022-07-04,154,8,0,26042,294
ForumMagnum/ForumMagnum,2022-07-11,144,8,0,26186,294
ForumMagnum/ForumMagnum,2022-07-18,87,9,0,26273,294
ForumMagnum/ForumMagnum,2022-07-25,61,6,0,26334,294
ForumMagnum/ForumMagnum,2022-08-01,91,11,0,26425,294
ForumMagnum/ForumMagnum,2022-08-08,95,9,0,26520,294
ForumMagnum/ForumMagnum,2022-08-15,146,7,0,26666,294
ForumMagnum/ForumMagnum,2022-08-22,197,8,0,26863,294
ForumMagnum/ForumMagnum,2022-08-29,119,8,0,26982,294
ForumMagnum/ForumMagnum,2022-09-05,171,9,1,27153,295
ForumMagnum/ForumMagnum,2022-09-12,179,11,0,27332,295
ForumMagnum/ForumMagnum,2022-09-19,127,8,0,27459,295
ForumMagnum/ForumMagnum,2022-09-26,176,10,1,27635,296
ForumMagnum/ForumMagnum,2022-10-03,156,9,0,27791,296
ForumMagnum/ForumMagnum,2022-10-10,152,10,0,27943,296
ForumMagnum/ForumMagnum,2022-10-17,144,7,0,28087,296
ForumMagnum/ForumMagnum,2022-10-24,173,9,0,28260,296
ForumMagnum/ForumMagnum,2022-10-31,191,9,1,28451,297
ForumMagnum/ForumMagnum,2022-11-07,200,10,0,28651,297
ForumMagnum/ForumMagnum,2022-11-14,146,11,1,28797,298
ForumMagnum/ForumMagnum,2022-11-21,106,7,0,28903,298
ForumMagnum/ForumMagnum,2022-11-28,211,9,0,29114,298
ForumMagnum/ForumMagnum,2022-12-05,69,8,0,29183,298
ForumMagnum/ForumMagnum,2022-12-12,147,11,0,29330,298
ForumMagnum/ForumMagnum,2022-12-19,111,9,0,29441,298
ForumMagnum/ForumMagnum,2022-12-26,132,10,0,29573,298
ForumMagnum/ForumMagnum,2023-01-02,98,10,0,29671,298
ForumMagnum/ForumMagnum,2023-01-09,163,9,2,29834,300
ForumMagnum/ForumMagnum,2023-01-16,201,9,0,30035,300
ForumMagnum/ForumMagnum,2023-01-23,192,11,0,30227,300
ForumMagnum/ForumMagnum,2023-01-30,145,9,0,30372,300
ForumMagnum/ForumMagnum,2023-02-06,136,9,0,30508,300
ForumMagnum/ForumMagnum,2023-02-13,74,8,0,30582,300
ForumMagnum/ForumMagnum,2023-02-20,54,10,0,30636,300
ForumMagnum/ForumMagnum,2023-02-27,83,10,0,30719,300
ForumMagnum/ForumMagnum,2023-03-06,156,8,0,30875,300
ForumMagnum/ForumMagnum,2023-03-13,184,9,0,31059,300
ForumMagnum/ForumMagnum,2023-03-20,107,9,0,31166,300
ForumMagnum/ForumMagnum,2023-03-27,136,9,0,31302,300
ForumMagnum/ForumMagnum,2023-04-03,182,10,0,31484,300
ForumMagnum/ForumMagnum,2023-04-10,120,8,0,31604,300
ForumMagnum/ForumMagnum,2023-04-17,143,7,0,31747,300
ForumMagnum/ForumMagnum,2023-04-24,211,9,0,31958,300
ForumMagnum/ForumMagnum,2023-05-01,169,9,0,32127,300
ForumMagnum/ForumMagnum,2023-05-08,184,9,0,32311,300
ForumMagnum/ForumMagnum,2023-05-15,175,7,0,32486,300
ForumMagnum/ForumMagnum,2023-05-22,218,8,1,32704,301
ForumMagnum/ForumMagnum,2023-05-29,192,8,0,32896,301
ForumMagnum/ForumMagnum,2023-06-05,186,9,0,33082,301
ForumMagnum/ForumMagnum,2023-06-12,181,8,0,33263,301
ForumMagnum/ForumMagnum,2023-06-19,187,9,0,33450,301
ForumMagnum/ForumMagnum,2023-06-26,101,7,0,33551,301
ForumMagnum/ForumMagnum,2023-07-03,119,8,0,33670,301
ForumMagnum/ForumMagnum,2023-07-10,76,6,1,33746,302
ForumMagnum/ForumMagnum,2023-07-17,71,8,1,33817,303
ForumMagnum/ForumMagnum,2023-07-24,94,8,0,33911,303
ForumMagnum/ForumMagnum,2023-07-31,128,9,0,34039,303
ForumMagnum/ForumMagnum,2023-08-07,118,9,0,34157,303
ForumMagnum/ForumMagnum,2023-08-14,120,9,0,34277,303
ForumMagnum/ForumMagnum,2023-08-21,42,8,1,34319,304
ForumMagnum/ForumMagnum,2023-08-28,107,11,2,34426,306
ForumMagnum/ForumMagnum,2023-09-04,99,12,0,34525,306
ForumMagnum/ForumMagnum,2023-09-11,149,11,0,34674,306
ForumMagnum/ForumMagnum,2023-09-18,132,8,0,34806,306
ForumMagnum/ForumMagnum,2023-09-25,95,8,0,34901,306
ForumMagnum/ForumMagnum,2023-10-02,256,12,0,35157,306
ForumMagnum/ForumMagnum,2023-10-09,99,8,0,35256,306
ForumMagnum/ForumMagnum,2023-10-16,169,12,1,35425,307
ForumMagnum/ForumMagnum,2023-10-23,178,15,0,35603,307
ForumMagnum/ForumMagnum,2023-10-30,358,15,1,35961,308
ForumMagnum/ForumMagnum,2023-11-06,312,12,1,36273,309
ForumMagnum/ForumMagnum,2023-11-13,334,14,0,36607,309
ForumMagnum/ForumMagnum,2023-11-20,144,8,0,36751,309
ForumMagnum/ForumMagnum,2023-11-27,360,12,0,37111,309
ForumMagnum/ForumMagnum,2023-12-04,222,12,0,37333,309
ForumMagnum/ForumMagnum,2023-12-11,158,10,0,37491,309
ForumMagnum/ForumMagnum,2023-12-18,144,10,0,37635,309
ForumMagnum/ForumMagnum,2023-12-25,81,6,0,37716,309
ForumMagnum/ForumMagnum,2024-01-01,69,8,0,37785,309
ForumMagnum/ForumMagnum,2024-01-08,105,10,0,37890,309
ForumMagnum/ForumMagnum,2024-01-15,147,7,0,38037,309
ForumMagnum/ForumMagnum,2024-01-22,163,12,0,38200,309
ForumMagnum/ForumMagnum,2024-01-29,205,12,0,38405,309
ForumMagnum/ForumMagnum,2024-02-05,229,9,0,38634,309
ForumMagnum/ForumMagnum,2024-02-12,189,10,0,38823,309
ForumMagnum/ForumMagnum,2024-02-19,147,7,0,38970,309
ForumMagnum/ForumMagnum,2024-02-26,159,10,0,39129,309
ForumMagnum/ForumMagnum,2024-03-04,144,9,1,39273,310
ForumMagnum/ForumMagnum,2024-03-11,160,10,0,39433,310
ForumMagnum/ForumMagnum,2024-03-18,74,9,0,39507,310
ForumMagnum/ForumMagnum,2024-03-25,176,11,0,39683,310
ForumMagnum/ForumMagnum,2024-04-01,172,12,0,39855,310
ForumMagnum/ForumMagnum,2024-04-08,102,8,0,39957,310
ForumMagnum/ForumMagnum,2024-04-15,152,7,0,40109,310
ForumMagnum/ForumMagnum,2024-04-22,185,9,0,40294,310
ForumMagnum/ForumMagnum,2024-04-29,160,10,0,40454,310
ForumMagnum/ForumMagnum,2024-05-06,176,10,0,40630,310
ForumMagnum/ForumMagnum,2024-05-13,159,8,0,40789,310
ForumMagnum/ForumMagnum,2024-05-20,117,7,0,40906,310
ForumMagnum/ForumMagnum,2024-05-27,96,6,0,41002,310
ForumMagnum/ForumMagnum,2024-06-03,96,8,0,41098,310
ForumMagnum/ForumMagnum,2024-06-10,102,8,0,41200,310
ForumMagnum/ForumMagnum,2024-06-17,102,8,0,41302,310
ForumMagnum/ForumMagnum,2024-06-24,117,7,0,41419,310
ForumMagnum/ForumMagnum,2024-07-01,88,8,0,41507,310
ForumMagnum/ForumMagnum,2024-07-08,17,6,1,41524,311
ForumMagnum/ForumMagnum,2024-07-15,85,9,0,41609,311
ForumMagnum/ForumMagnum,2024-07-22,73,6,0,41682,311
ForumMagnum/ForumMagnum,2024-07-29,63,10,0,41745,311
ForumMagnum/ForumMagnum,2024-08-05,75,6,0,41820,311
ForumMagnum/ForumMagnum,2024-08-12,80,7,0,41900,311
ForumMagnum/ForumMagnum,2024-08-19,121,9,0,42021,311
ForumMagnum/ForumMagnum,2024-08-26,274,11,0,42295,311
ForumMagnum/ForumMagnum,2024-09-02,108,10,0,42403,311
ForumMagnum/ForumMagnum,2024-09-09,75,8,0,42478,311
ForumMagnum/ForumMagnum,2024-09-16,107,10,0,42585,311
ForumMagnum/ForumMagnum,2024-09-23,160,8,0,42745,311
ForumMagnum/ForumMagnum,2024-09-30,122,9,0,42867,311
ForumMagnum/ForumMagnum,2024-10-07,70,6,0,42937,311
ForumMagnum/ForumMagnum,2024-10-14,80,7,0,43017,311
ForumMagnum/ForumMagnum,2024-10-21,170,8,0,43187,311
ForumMagnum/ForumMagnum,2024-10-28,215,10,0,43402,311
ForumMagnum/ForumMagnum,2024-11-04,121,10,0,43523,311
ForumMagnum/ForumMagnum,2024-11-11,89,9,0,43612,311
ForumMagnum/ForumMagnum,2024-11-18,93,9,0,43705,311
ForumMagnum/ForumMagnum,2024-11-25,167,11,0,43872,311
ForumMagnum/ForumMagnum,2024-12-02,175,11,0,44047,311
ForumMagnum/ForumMagnum,2024-12-09,157,10,0,44204,311
ForumMagnum/ForumMagnum,2024-12-16,211,12,1,44415,312
ForumMagnum/ForumMagnum,2024-12-23,63,8,0,44478,312
ForumMagnum/ForumMagnum,2024-12-30,98,8,0,44576,312
ForumMagnum/ForumMagnum,2025-01-06,183,9,0,44759,312
ForumMagnum/ForumMagnum,2025-01-13,179,10,0,44938,312
ForumMagnum/ForumMagnum,2025-01-20,37,6,0,44975,312
ForumMagnum/ForumMagnum,2025-01-27,93,7,0,45068,312
ForumMagnum/ForumMagnum,2025-02-03,106,7,0,45174,312
ForumMagnum/ForumMagnum,2025-02-10,144,8,0,45318,312
ForumMagnum/ForumMagnum,2025-02-17,101,6,0,45419,312
ForumMagnum/ForumMagnum,2025-02-24,158,6,0,45577,312
ForumMagnum/ForumMagnum,2025-03-03,93,5,0,45670,312
ForumMagnum/ForumMagnum,2025-03-10,129,10,0,45799,312
ForumMagnum/ForumMagnum,2025-03-17,124,10,0,45923,312
ForumMagnum/ForumMagnum,2025-03-24,172,9,0,46095,312
ForumMagnum/ForumMagnum,2025-03-31,150,8,0,46245,312
ForumMagnum/ForumMagnum,2025-04-07,199,7,0,46444,312
ForumMagnum/ForumMagnum,2025-04-14,167,7,0,46611,312
ForumMagnum/ForumMagnum,2025-04-21,144,7,0,46755,312
ForumMagnum/ForumMagnum,2025-04-28,119,7,1,46874,313
ForumMagnum/ForumMagnum,2025-05-05,143,4,0,47017,313
ForumMagnum/ForumMagnum,2025-05-12,142,7,0,47159,313
ForumMagnum/ForumMagnum,2025-05-19,121,6,0,47280,313
ForumMagnum/ForumMagnum,2025-05-26,143,6,0,47423,313
ForumMagnum/ForumMagnum,2025-06-02,100,6,0,47523,313
ForumMagnum/ForumMagnum,2025-06-09,93,7,0,47616,313
ForumMagnum/ForumMagnum,2025-06-16,136,6,0,47752,313
ForumMagnum/ForumMagnum,2025-06-23,185,6,0,47937,313
ForumMagnum/ForumMagnum,2025-06-30,105,5,0,48042,313
ForumMagnum/ForumMagnum,2025-07-07,99,6,1,48141,314
ForumMagnum/ForumMagnum,2025-07-14,56,4,0,48197,314
ForumMagnum/ForumMagnum,2025-07-21,73,4,0,48270,314
ForumMagnum/ForumMagnum,2025-07-28,108,6,0,48378,314
ForumMagnum/ForumMagnum,2025-08-04,85,6,0,48463,314
ForumMagnum/ForumMagnum,2025-08-11,54,3,0,48517,314
ForumMagnum/ForumMagnum,2025-08-18,76,6,0,48593,314
ForumMagnum/ForumMagnum,2025-08-25,55,4,0,48648,314
ForumMagnum/ForumMagnum,2025-09-01,101,6,0,48749,314
ForumMagnum/ForumMagnum,2025-09-08,122,4,0,48871,314
ForumMagnum/ForumMagnum,2025-09-15,141,4,0,49012,314
ForumMagnum/ForumMagnum,2025-09-22,210,6,0,49222,314
ForumMagnum/ForumMagnum,2025-09-29,154,6,0,49376,314
ForumMagnum/ForumMagnum,2025-10-06,112,6,0,49488,314
ForumMagnum/ForumMagnum,2025-10-13,62,3,0,49550,314
ForumMagnum/ForumMagnum,2025-10-20,90,3,1,49640,315
ForumMagnum/ForumMagnum,2025-10-27,97,3,0,49737,315
ForumMagnum/ForumMagnum,2025-11-03,193,5,1,49930,316
ForumMagnum/ForumMagnum,2025-11-10,74,6,0,50004,316
ForumMagnum/ForumMagnum,2025-11-17,69,5,0,50073,316
ForumMagnum/ForumMagnum,2025-11-24,44,5,0,50117,316
ForumMagnum/ForumMagnum,2025-12-01,69,6,0,50186,316
ForumMagnum/ForumMagnum,2025-12-08,27,6,0,50213,316
ForumMagnum/ForumMagnum,2025-12-15,101,7,0,50314,316
ForumMagnum/ForumMagnum,2025-12-22,96,6,1,50410,317
ForumMagnum/ForumMagnum,2025-12-29,22,6,1,50432,318
ForumMagnum/ForumMagnum,2026-01-05,56,6,1,50488,319
ForumMagnum/ForumMagnum,2026-01-12,97,6,0,50585,319
ForumMagnum/ForumMagnum,2026-01-19,83,6,0,50668,319
ForumMagnum/ForumMagnum,2026-01-26,131,4,0,50799,319
ForumMagnum/ForumMagnum,2026-02-02,129,6,1,50928,320
ForumMagnum/ForumMagnum,2026-02-09,210,10,4,51138,324
ForumMagnum/ForumMagnum,2026-02-16,93,8,0,51231,324
ForumMagnum/ForumMagnum,2026-02-23,114,5,0,51345,324
ForumMagnum/ForumMagnum,2026-03-02,181,6,1,51526,325
ForumMagnum/ForumMagnum,2026-03-09,155,5,0,51681,325
ForumMagnum/ForumMagnum,2026-03-16,134,8,0,51815,325
ForumMagnum/ForumMagnum,2026-03-23,104,4,0,51919,325
ForumMagnum/ForumMagnum,2026-03-30,181,5,0,52100,325
ForumMagnum/ForumMagnum,2026-04-06,36,3,0,52136,325
ForumMagnum/ForumMagnum,2026-04-13,42,5,1,52178,326
ForumMagnum/ForumMagnum,2026-04-20,9,2,0,52187,326
ForumMagnum/ForumMagnum,2026-04-27,35,3,0,52222,326
civiform/civiform,2021-01-04,4,3,3,4,3
civiform/civiform,2021-01-11,5,3,1,9,4
civiform/civiform,2021-01-18,9,4,1,18,5
civiform/civiform,2021-01-25,10,5,1,28,6
civiform/civiform,2021-02-01,9,3,1,37,7
civiform/civiform,2021-02-08,26,7,2,63,9
civiform/civiform,2021-02-15,23,7,0,86,9
civiform/civiform,2021-02-22,31,7,0,117,9
civiform/civiform,2021-03-01,32,7,0,149,9
civiform/civiform,2021-03-08,30,10,3,179,12
civiform/civiform,2021-03-15,23,6,1,202,13
civiform/civiform,2021-03-22,32,10,2,234,15
civiform/civiform,2021-03-29,19,7,0,253,15
civiform/civiform,2021-04-05,44,7,1,297,16
civiform/civiform,2021-04-12,31,9,0,328,16
civiform/civiform,2021-04-19,37,9,1,365,17
civiform/civiform,2021-04-26,40,6,0,405,17
civiform/civiform,2021-05-03,50,8,0,455,17
civiform/civiform,2021-05-10,59,8,0,514,17
civiform/civiform,2021-05-17,52,7,1,566,18
civiform/civiform,2021-05-24,16,7,0,582,18
civiform/civiform,2021-05-31,21,9,2,603,20
civiform/civiform,2021-06-07,28,9,1,631,21
civiform/civiform,2021-06-14,31,9,0,662,21
civiform/civiform,2021-06-21,48,7,0,710,21
civiform/civiform,2021-06-28,29,8,0,739,21
civiform/civiform,2021-07-26,1,1,1,740,22
civiform/civiform,2021-08-02,2,1,1,742,23
civiform/civiform,2021-08-09,7,5,2,749,25
civiform/civiform,2021-08-16,1,1,0,750,25
civiform/civiform,2021-08-23,4,3,0,754,25
civiform/civiform,2021-08-30,4,2,0,758,25
civiform/civiform,2021-09-06,1,1,0,759,25
civiform/civiform,2021-09-13,2,2,0,761,25
civiform/civiform,2021-09-20,1,1,1,762,26
civiform/civiform,2021-09-27,3,3,0,765,26
civiform/civiform,2021-10-04,6,5,0,771,26
civiform/civiform,2021-10-11,2,2,0,773,26
civiform/civiform,2021-10-18,3,3,0,776,26
civiform/civiform,2021-10-25,6,3,0,782,26
civiform/civiform,2021-11-01,6,2,0,788,26
civiform/civiform,2021-11-08,9,4,1,797,27
civiform/civiform,2021-11-15,5,5,1,802,28
civiform/civiform,2021-11-22,3,2,1,805,29
civiform/civiform,2021-11-29,6,3,0,811,29
civiform/civiform,2021-12-06,2,2,0,813,29
civiform/civiform,2021-12-13,4,4,0,817,29
civiform/civiform,2021-12-20,4,1,0,821,29
civiform/civiform,2022-01-03,7,4,1,828,30
civiform/civiform,2022-01-10,9,3,0,837,30
civiform/civiform,2022-01-17,8,3,0,845,30
civiform/civiform,2022-01-24,13,4,0,858,30
civiform/civiform,2022-01-31,12,2,0,870,30
civiform/civiform,2022-02-07,7,5,1,877,31
civiform/civiform,2022-02-14,13,4,0,890,31
civiform/civiform,2022-02-21,17,4,1,907,32
civiform/civiform,2022-02-28,10,4,0,917,32
civiform/civiform,2022-03-07,12,6,1,929,33
civiform/civiform,2022-03-14,36,5,1,965,34
civiform/civiform,2022-03-21,54,7,1,1019,35
civiform/civiform,2022-03-28,44,7,1,1063,36
civiform/civiform,2022-04-04,7,3,1,1070,37
civiform/civiform,2022-04-11,21,8,1,1091,38
civiform/civiform,2022-04-18,22,8,3,1113,41
civiform/civiform,2022-04-25,33,8,2,1146,43
civiform/civiform,2022-05-02,44,11,3,1190,46
civiform/civiform,2022-05-09,27,9,0,1217,46
civiform/civiform,2022-05-16,21,8,0,1238,46
civiform/civiform,2022-05-23,45,11,0,1283,46
civiform/civiform,2022-05-30,35,6,0,1318,46
civiform/civiform,2022-06-06,34,8,0,1352,46
civiform/civiform,2022-06-13,44,9,0,1396,46
civiform/civiform,2022-06-20,22,5,0,1418,46
civiform/civiform,2022-06-27,35,8,1,1453,47
civiform/civiform,2022-07-04,11,5,0,1464,47
civiform/civiform,2022-07-11,39,12,2,1503,49
civiform/civiform,2022-07-18,30,6,0,1533,49
civiform/civiform,2022-07-25,40,8,0,1573,49
civiform/civiform,2022-08-01,33,8,0,1606,49
civiform/civiform,2022-08-08,37,8,0,1643,49
civiform/civiform,2022-08-15,64,8,0,1707,49
civiform/civiform,2022-08-22,38,10,0,1745,49
civiform/civiform,2022-08-29,42,9,0,1787,49
civiform/civiform,2022-09-05,20,7,0,1807,49
civiform/civiform,2022-09-12,35,10,1,1842,50
civiform/civiform,2022-09-19,41,9,0,1883,50
civiform/civiform,2022-09-26,54,8,0,1937,50
civiform/civiform,2022-10-03,15,7,1,1952,51
civiform/civiform,2022-10-10,21,7,0,1973,51
civiform/civiform,2022-10-17,29,5,0,2002,51
civiform/civiform,2022-10-24,25,8,1,2027,52
civiform/civiform,2022-10-31,15,7,0,2042,52
civiform/civiform,2022-11-07,23,7,0,2065,52
civiform/civiform,2022-11-14,30,6,0,2095,52
civiform/civiform,2022-11-21,18,4,0,2113,52
civiform/civiform,2022-11-28,14,4,0,2127,52
civiform/civiform,2022-12-05,16,5,1,2143,53
civiform/civiform,2022-12-12,36,6,0,2179,53
civiform/civiform,2022-12-19,27,5,0,2206,53
civiform/civiform,2022-12-26,13,4,0,2219,53
civiform/civiform,2023-01-02,10,5,0,2229,53
civiform/civiform,2023-01-09,21,9,0,2250,53
civiform/civiform,2023-01-16,11,5,0,2261,53
civiform/civiform,2023-01-23,24,7,2,2285,55
civiform/civiform,2023-01-30,31,10,1,2316,56
civiform/civiform,2023-02-06,28,12,3,2344,59
civiform/civiform,2023-02-13,30,11,1,2374,60
civiform/civiform,2023-02-20,18,6,0,2392,60
civiform/civiform,2023-02-27,25,8,0,2417,60
civiform/civiform,2023-03-06,23,9,0,2440,60
civiform/civiform,2023-03-13,40,9,0,2480,60
civiform/civiform,2023-03-20,26,7,0,2506,60
civiform/civiform,2023-03-27,44,9,0,2550,60
civiform/civiform,2023-04-03,30,8,0,2580,60
civiform/civiform,2023-04-10,31,9,0,2611,60
civiform/civiform,2023-04-17,7,4,0,2618,60
civiform/civiform,2023-04-24,16,6,0,2634,60
civiform/civiform,2023-05-01,53,7,0,2687,60
civiform/civiform,2023-05-08,26,7,0,2713,60
civiform/civiform,2023-05-15,40,9,1,2753,61
civiform/civiform,2023-05-22,44,8,0,2797,61
civiform/civiform,2023-05-29,8,4,0,2805,61
civiform/civiform,2023-06-05,12,7,0,2817,61
civiform/civiform,2023-06-12,41,8,0,2858,61
civiform/civiform,2023-06-19,13,6,1,2871,62
civiform/civiform,2023-06-26,25,8,0,2896,62
civiform/civiform,2023-07-03,20,6,0,2916,62
civiform/civiform,2023-07-10,19,6,2,2935,64
civiform/civiform,2023-07-17,21,10,0,2956,64
civiform/civiform,2023-07-24,26,8,0,2982,64
civiform/civiform,2023-07-31,18,8,0,3000,64
civiform/civiform,2023-08-07,20,9,0,3020,64
civiform/civiform,2023-08-14,23,6,0,3043,64
civiform/civiform,2023-08-21,23,9,0,3066,64
civiform/civiform,2023-08-28,15,5,0,3081,64
civiform/civiform,2023-09-04,22,5,0,3103,64
civiform/civiform,2023-09-11,39,7,0,3142,64
civiform/civiform,2023-09-18,16,7,0,3158,64
civiform/civiform,2023-09-25,18,2,0,3176,64
civiform/civiform,2023-10-02,29,9,0,3205,64
civiform/civiform,2023-10-09,30,10,1,3235,65
civiform/civiform,2023-10-16,9,6,0,3244,65
civiform/civiform,2023-10-23,27,11,0,3271,65
civiform/civiform,2023-10-30,23,9,0,3294,65
civiform/civiform,2023-11-06,19,8,0,3313,65
civiform/civiform,2023-11-13,13,6,0,3326,65
civiform/civiform,2023-11-20,39,6,0,3365,65
civiform/civiform,2023-11-27,35,8,0,3400,65
civiform/civiform,2023-12-04,22,8,0,3422,65
civiform/civiform,2023-12-11,19,8,1,3441,66
civiform/civiform,2023-12-18,43,9,1,3484,67
civiform/civiform,2023-12-25,3,1,0,3487,67
civiform/civiform,2024-01-01,19,5,0,3506,67
civiform/civiform,2024-01-08,51,9,1,3557,68
civiform/civiform,2024-01-15,27,8,0,3584,68
civiform/civiform,2024-01-22,23,9,0,3607,68
civiform/civiform,2024-01-29,56,9,0,3663,68
civiform/civiform,2024-02-05,43,10,0,3706,68
civiform/civiform,2024-02-12,29,10,0,3735,68
civiform/civiform,2024-02-19,33,10,1,3768,69
civiform/civiform,2024-02-26,51,7,0,3819,69
civiform/civiform,2024-03-04,37,12,0,3856,69
civiform/civiform,2024-03-11,44,12,0,3900,69
civiform/civiform,2024-03-18,60,11,0,3960,69
civiform/civiform,2024-03-25,43,8,0,4003,69
civiform/civiform,2024-04-01,38,11,0,4041,69
civiform/civiform,2024-04-08,45,9,1,4086,70
civiform/civiform,2024-04-15,20,8,1,4106,71
civiform/civiform,2024-04-22,28,9,0,4134,71
civiform/civiform,2024-04-29,57,14,0,4191,71
civiform/civiform,2024-05-06,32,9,0,4223,71
civiform/civiform,2024-05-13,19,6,1,4242,72
civiform/civiform,2024-05-20,38,6,1,4280,73
civiform/civiform,2024-05-27,38,10,0,4318,73
civiform/civiform,2024-06-03,47,11,0,4365,73
civiform/civiform,2024-06-10,44,13,0,4409,73
civiform/civiform,2024-06-17,36,10,0,4445,73
civiform/civiform,2024-06-24,49,8,0,4494,73
civiform/civiform,2024-07-01,35,8,0,4529,73
civiform/civiform,2024-07-08,39,8,0,4568,73
civiform/civiform,2024-07-15,42,8,0,4610,73
civiform/civiform,2024-07-22,40,12,1,4650,74
civiform/civiform,2024-07-29,38,9,0,4688,74
civiform/civiform,2024-08-05,50,14,0,4738,74
civiform/civiform,2024-08-12,32,8,0,4770,74
civiform/civiform,2024-08-19,27,8,0,4797,74
civiform/civiform,2024-08-26,30,10,0,4827,74
civiform/civiform,2024-09-02,39,11,0,4866,74
civiform/civiform,2024-09-09,43,12,0,4909,74
civiform/civiform,2024-09-16,43,12,0,4952,74
civiform/civiform,2024-09-23,39,7,0,4991,74
civiform/civiform,2024-09-30,33,10,0,5024,74
civiform/civiform,2024-10-07,25,6,0,5049,74
civiform/civiform,2024-10-14,43,12,2,5092,76
civiform/civiform,2024-10-21,59,10,0,5151,76
civiform/civiform,2024-10-28,42,9,0,5193,76
civiform/civiform,2024-11-04,49,10,1,5242,77
civiform/civiform,2024-11-11,46,10,0,5288,77
civiform/civiform,2024-11-18,27,10,0,5315,77
civiform/civiform,2024-11-25,18,6,1,5333,78
civiform/civiform,2024-12-02,46,12,0,5379,78
civiform/civiform,2024-12-09,17,8,0,5396,78
civiform/civiform,2024-12-16,19,9,0,5415,78
civiform/civiform,2024-12-23,2,2,0,5417,78
civiform/civiform,2024-12-30,8,1,0,5425,78
civiform/civiform,2025-01-06,15,7,0,5440,78
civiform/civiform,2025-01-13,33,10,2,5473,80
civiform/civiform,2025-01-20,35,10,1,5508,81
civiform/civiform,2025-01-27,13,8,0,5521,81
civiform/civiform,2025-02-03,33,9,1,5554,82
civiform/civiform,2025-02-10,20,10,0,5574,82
civiform/civiform,2025-02-17,22,8,1,5596,83
civiform/civiform,2025-02-24,33,9,0,5629,83
civiform/civiform,2025-03-03,64,12,0,5693,83
civiform/civiform,2025-03-10,38,10,1,5731,84
civiform/civiform,2025-03-17,32,11,0,5763,84
civiform/civiform,2025-03-24,48,11,1,5811,85
civiform/civiform,2025-03-31,17,7,0,5828,85
civiform/civiform,2025-04-07,68,11,0,5896,85
civiform/civiform,2025-04-14,17,8,0,5913,85
civiform/civiform,2025-04-21,40,11,0,5953,85
civiform/civiform,2025-04-28,37,11,0,5990,85
civiform/civiform,2025-05-05,36,9,0,6026,85
civiform/civiform,2025-05-12,48,10,1,6074,86
civiform/civiform,2025-05-19,31,10,0,6105,86
civiform/civiform,2025-05-26,51,7,1,6156,87
civiform/civiform,2025-06-02,21,11,1,6177,88
civiform/civiform,2025-06-09,35,12,1,6212,89
civiform/civiform,2025-06-16,31,10,0,6243,89
civiform/civiform,2025-06-23,34,10,0,6277,89
civiform/civiform,2025-06-30,54,11,1,6331,90
civiform/civiform,2025-07-07,25,7,0,6356,90
civiform/civiform,2025-07-14,18,7,0,6374,90
civiform/civiform,2025-07-21,59,10,0,6433,90
civiform/civiform,2025-07-28,24,7,0,6457,90
civiform/civiform,2025-08-04,47,9,0,6504,90
civiform/civiform,2025-08-11,47,13,0,6551,90
civiform/civiform,2025-08-18,19,10,1,6570,91
civiform/civiform,2025-08-25,38,9,1,6608,92
civiform/civiform,2025-09-01,25,8,0,6633,92
civiform/civiform,2025-09-08,15,9,0,6648,92
civiform/civiform,2025-09-15,67,11,1,6715,93
civiform/civiform,2025-09-22,19,7,0,6734,93
civiform/civiform,2025-09-29,8,3,0,6742,93
civiform/civiform,2025-10-06,16,9,1,6758,94
civiform/civiform,2025-10-13,64,6,1,6822,95
civiform/civiform,2025-10-20,25,9,0,6847,95
civiform/civiform,2025-10-27,30,10,0,6877,95
civiform/civiform,2025-11-03,40,11,1,6917,96
civiform/civiform,2025-11-10,41,9,0,6958,96
civiform/civiform,2025-11-17,42,10,0,7000,96
civiform/civiform,2025-11-24,13,7,0,7013,96
civiform/civiform,2025-12-01,62,10,0,7075,96
civiform/civiform,2025-12-08,49,11,0,7124,96
civiform/civiform,2025-12-15,49,9,0,7173,96
civiform/civiform,2025-12-22,11,3,0,7184,96
civiform/civiform,2025-12-29,19,3,0,7203,96
civiform/civiform,2026-01-05,25,10,0,7228,96
civiform/civiform,2026-01-12,50,10,1,7278,97
civiform/civiform,2026-01-19,47,10,0,7325,97
civiform/civiform,2026-01-26,21,8,0,7346,97
civiform/civiform,2026-02-02,40,13,0,7386,97
civiform/civiform,2026-02-09,41,10,0,7427,97
civiform/civiform,2026-02-16,71,9,0,7498,97
civiform/civiform,2026-02-23,56,6,0,7554,97
civiform/civiform,2026-03-02,45,10,0,7599,97
civiform/civiform,2026-03-09,13,5,0,7612,97
civiform/civiform,2026-03-16,24,8,0,7636,97
civiform/civiform,2026-03-23,25,8,0,7661,97
civiform/civiform,2026-03-30,55,8,0,7716,97
civiform/civiform,2026-04-06,14,5,0,7730,97
civiform/civiform,2026-04-13,15,5,0,7745,97
civiform/civiform,2026-04-20,16,5,0,7761,97
civiform/civiform,2026-04-27,7,3,0,7768,97
civiform/civiform,2026-05-04,31,4,0,7799,97
codeforamerica/asap_pdf,2025-01-27,9,1,1,9,1
codeforamerica/asap_pdf,2025-02-03,12,1,0,21,1
codeforamerica/asap_pdf,2025-02-10,18,2,1,39,2
codeforamerica/asap_pdf,2025-02-17,29,2,0,68,2
codeforamerica/asap_pdf,2025-02-24,37,3,1,105,3
codeforamerica/asap_pdf,2025-03-03,78,4,1,183,4
codeforamerica/asap_pdf,2025-03-10,2,1,0,185,4
codeforamerica/asap_pdf,2025-03-17,45,4,0,230,4
codeforamerica/asap_pdf,2025-03-24,38,3,0,268,4
codeforamerica/asap_pdf,2025-03-31,44,2,0,312,4
codeforamerica/asap_pdf,2025-04-07,16,2,0,328,4
codeforamerica/asap_pdf,2025-04-14,7,2,0,335,4
codeforamerica/asap_pdf,2025-04-21,5,3,0,340,4
codeforamerica/asap_pdf,2025-04-28,16,3,0,356,4
codeforamerica/asap_pdf,2025-05-05,24,3,0,380,4
codeforamerica/asap_pdf,2025-05-12,26,3,0,406,4
codeforamerica/asap_pdf,2025-05-19,31,3,0,437,4
codeforamerica/asap_pdf,2025-06-02,13,2,0,450,4
codeforamerica/asap_pdf,2025-06-09,2,2,0,452,4
codeforamerica/asap_pdf,2025-06-16,11,2,0,463,4
codeforamerica/asap_pdf,2025-06-23,3,2,0,466,4
codeforamerica/asap_pdf,2025-06-30,18,2,0,484,4
codeforamerica/asap_pdf,2025-07-07,2,2,0,486,4
codeforamerica/asap_pdf,2025-07-14,6,3,0,492,4
codeforamerica/asap_pdf,2025-07-21,16,2,0,508,4
codeforamerica/asap_pdf,2025-07-28,10,3,0,518,4
codeforamerica/asap_pdf,2025-08-04,4,1,0,522,4
codeforamerica/asap_pdf,2025-08-11,28,2,0,550,4
codeforamerica/asap_pdf,2025-08-18,8,1,0,558,4
codeforamerica/asap_pdf,2025-09-01,5,1,0,563,4
codeforamerica/asap_pdf,2025-09-15,6,1,0,569,4
codeforamerica/asap_pdf,2025-09-22,3,1,0,572,4
codeforamerica/asap_pdf,2025-09-29,9,1,0,581,4
codeforamerica/asap_pdf,2025-10-06,2,1,0,583,4
codeforamerica/asap_pdf,2025-10-13,5,1,0,588,4
codeforamerica/asap_pdf,2025-10-27,4,1,0,592,4
codeforamerica/asap_pdf,2026-01-12,5,2,0,597,4
codeforamerica/asap_pdf,2026-01-26,2,1,0,599,4
codeforamerica/asap_pdf,2026-04-06,4,2,1,603,5
codeforamerica/cmr-maryland-eligibility-determination,2025-03-03,1,1,1,1,1
codeforamerica/cmr-maryland-eligibility-determination,2025-03-17,21,1,0,22,1
codeforamerica/cmr-maryland-eligibility-determination,2025-03-24,19,1,0,41,1
codeforamerica/cmr-maryland-eligibility-determination,2025-10-06,2,1,0,43,1
codeforamerica/cmr-maryland-eligibility-determination,2025-10-20,1,1,0,44,1
codeforamerica/cmr-maryland-eligibility-determination,2025-11-24,2,1,0,46,1
codeforamerica/cmr-maryland-eligibility-determination,2025-12-01,2,1,0,48,1
codeforamerica/cmr-maryland-eligibility-determination,2026-01-26,1,1,0,49,1
codeforamerica/document-transfer-service,2024-05-06,3,1,1,3,1
codeforamerica/document-transfer-service,2024-06-17,1,1,0,4,1
codeforamerica/document-transfer-service,2024-07-08,1,1,0,5,1
codeforamerica/document-transfer-service,2024-07-15,2,1,0,7,1
codeforamerica/document-transfer-service,2024-08-05,1,1,0,8,1
codeforamerica/document-transfer-service,2024-08-26,1,1,0,9,1
codeforamerica/document-transfer-service,2024-09-30,1,1,0,10,1
codeforamerica/document-transfer-service,2025-01-27,1,1,0,11,1
codeforamerica/document-transfer-service,2025-06-30,2,1,0,13,1
codeforamerica/form-flow,2022-09-19,12,4,4,12,4
codeforamerica/form-flow,2022-09-26,16,5,1,28,5
codeforamerica/form-flow,2022-10-03,11,3,0,39,5
codeforamerica/form-flow,2022-10-10,5,3,0,44,5
codeforamerica/form-flow,2022-10-17,8,6,1,52,6
codeforamerica/form-flow,2022-10-24,9,3,0,61,6
codeforamerica/form-flow,2022-10-31,7,3,0,68,6
codeforamerica/form-flow,2022-11-07,4,3,0,72,6
codeforamerica/form-flow,2022-11-14,13,5,0,85,6
codeforamerica/form-flow,2022-11-28,12,4,0,97,6
codeforamerica/form-flow,2022-12-05,7,3,0,104,6
codeforamerica/form-flow,2022-12-12,17,5,0,121,6
codeforamerica/form-flow,2022-12-19,12,5,2,133,8
codeforamerica/form-flow,2023-01-02,14,5,0,147,8
codeforamerica/form-flow,2023-01-09,7,4,0,154,8
codeforamerica/form-flow,2023-01-16,5,3,0,159,8
codeforamerica/form-flow,2023-01-23,11,5,1,170,9
codeforamerica/form-flow,2023-01-30,12,7,0,182,9
codeforamerica/form-flow,2023-02-06,6,6,1,188,10
codeforamerica/form-flow,2023-02-13,5,5,0,193,10
codeforamerica/form-flow,2023-02-20,1,1,0,194,10
codeforamerica/form-flow,2023-02-27,7,5,0,201,10
codeforamerica/form-flow,2023-03-06,15,7,0,216,10
codeforamerica/form-flow,2023-03-13,5,3,0,221,10
codeforamerica/form-flow,2023-03-20,10,6,0,231,10
codeforamerica/form-flow,2023-03-27,5,4,0,236,10
codeforamerica/form-flow,2023-04-03,6,4,0,242,10
codeforamerica/form-flow,2023-04-10,7,5,0,249,10
codeforamerica/form-flow,2023-04-17,7,5,1,256,11
codeforamerica/form-flow,2023-04-24,11,6,0,267,11
codeforamerica/form-flow,2023-05-01,9,4,0,276,11
codeforamerica/form-flow,2023-05-08,6,2,0,282,11
codeforamerica/form-flow,2023-05-15,19,7,0,301,11
codeforamerica/form-flow,2023-05-22,8,3,0,309,11
codeforamerica/form-flow,2023-05-29,8,5,0,317,11
codeforamerica/form-flow,2023-06-05,9,4,0,326,11
codeforamerica/form-flow,2023-06-12,25,9,0,351,11
codeforamerica/form-flow,2023-06-19,9,5,0,360,11
codeforamerica/form-flow,2023-06-26,15,5,0,375,11
codeforamerica/form-flow,2023-07-03,17,3,0,392,11
codeforamerica/form-flow,2023-07-10,9,5,0,401,11
codeforamerica/form-flow,2023-07-17,19,5,0,420,11
codeforamerica/form-flow,2023-07-24,11,6,1,431,12
codeforamerica/form-flow,2023-07-31,10,6,0,441,12
codeforamerica/form-flow,2023-08-07,4,4,0,445,12
codeforamerica/form-flow,2023-08-14,4,3,1,449,13
codeforamerica/form-flow,2023-08-21,12,5,0,461,13
codeforamerica/form-flow,2023-08-28,9,5,0,470,13
codeforamerica/form-flow,2023-09-04,7,4,0,477,13
codeforamerica/form-flow,2023-09-11,9,5,0,486,13
codeforamerica/form-flow,2023-09-25,33,7,1,519,14
codeforamerica/form-flow,2023-10-02,14,5,0,533,14
codeforamerica/form-flow,2023-10-09,15,6,0,548,14
codeforamerica/form-flow,2023-10-16,4,3,0,552,14
codeforamerica/form-flow,2023-10-23,10,5,1,562,15
codeforamerica/form-flow,2023-10-30,6,6,0,568,15
codeforamerica/form-flow,2023-11-06,5,3,0,573,15
codeforamerica/form-flow,2023-11-13,12,3,0,585,15
codeforamerica/form-flow,2023-11-20,4,3,0,589,15
codeforamerica/form-flow,2023-11-27,27,5,0,616,15
codeforamerica/form-flow,2023-12-04,8,4,0,624,15
codeforamerica/form-flow,2023-12-11,10,6,0,634,15
codeforamerica/form-flow,2023-12-18,7,3,0,641,15
codeforamerica/form-flow,2024-01-01,3,1,0,644,15
codeforamerica/form-flow,2024-01-08,4,2,0,648,15
codeforamerica/form-flow,2024-01-15,2,2,0,650,15
codeforamerica/form-flow,2024-01-22,6,3,0,656,15
codeforamerica/form-flow,2024-01-29,7,5,1,663,16
codeforamerica/form-flow,2024-02-05,2,2,0,665,16
codeforamerica/form-flow,2024-02-12,11,6,0,676,16
codeforamerica/form-flow,2024-02-19,10,3,0,686,16
codeforamerica/form-flow,2024-02-26,1,1,0,687,16
codeforamerica/form-flow,2024-03-04,7,2,0,694,16
codeforamerica/form-flow,2024-03-11,1,1,0,695,16
codeforamerica/form-flow,2024-03-18,4,2,0,699,16
codeforamerica/form-flow,2024-03-25,1,1,0,700,16
codeforamerica/form-flow,2024-04-01,1,1,0,701,16
codeforamerica/form-flow,2024-04-08,3,1,0,704,16
codeforamerica/form-flow,2024-04-15,5,1,0,709,16
codeforamerica/form-flow,2024-04-22,8,3,0,717,16
codeforamerica/form-flow,2024-04-29,4,2,0,721,16
codeforamerica/form-flow,2024-05-06,4,3,0,725,16
codeforamerica/form-flow,2024-05-13,1,1,0,726,16
codeforamerica/form-flow,2024-05-20,1,1,0,727,16
codeforamerica/form-flow,2024-06-03,5,1,0,732,16
codeforamerica/form-flow,2024-06-10,2,2,0,734,16
codeforamerica/form-flow,2024-06-17,1,1,0,735,16
codeforamerica/form-flow,2024-07-15,1,1,0,736,16
codeforamerica/form-flow,2024-07-22,8,3,1,744,17
codeforamerica/form-flow,2024-07-29,9,3,0,753,17
codeforamerica/form-flow,2024-08-19,9,3,0,762,17
codeforamerica/form-flow,2024-08-26,1,1,0,763,17
codeforamerica/form-flow,2024-09-02,5,3,0,768,17
codeforamerica/form-flow,2024-09-16,4,2,0,772,17
codeforamerica/form-flow,2024-10-07,6,3,0,778,17
codeforamerica/form-flow,2024-10-21,6,3,0,784,17
codeforamerica/form-flow,2024-10-28,3,1,0,787,17
codeforamerica/form-flow,2024-11-11,2,1,0,789,17
codeforamerica/form-flow,2024-11-18,4,3,0,793,17
codeforamerica/form-flow,2024-11-25,3,3,0,796,17
codeforamerica/form-flow,2024-12-09,8,4,0,804,17
codeforamerica/form-flow,2024-12-16,9,3,0,813,17
codeforamerica/form-flow,2025-01-06,3,3,0,816,17
codeforamerica/form-flow,2025-01-13,1,1,0,817,17
codeforamerica/form-flow,2025-01-20,3,3,0,820,17
codeforamerica/form-flow,2025-01-27,8,3,0,828,17
codeforamerica/form-flow,2025-02-03,8,3,0,836,17
codeforamerica/form-flow,2025-02-10,12,3,0,848,17
codeforamerica/form-flow,2025-02-17,5,3,0,853,17
codeforamerica/form-flow,2025-02-24,4,3,0,857,17
codeforamerica/form-flow,2025-03-03,3,3,0,860,17
codeforamerica/form-flow,2025-03-10,1,1,0,861,17
codeforamerica/form-flow,2025-03-17,12,4,0,873,17
codeforamerica/form-flow,2025-03-24,2,1,0,875,17
codeforamerica/form-flow,2025-03-31,5,3,0,880,17
codeforamerica/form-flow,2025-04-07,1,1,0,881,17
codeforamerica/form-flow,2025-04-14,7,3,0,888,17
codeforamerica/form-flow,2025-04-21,7,1,0,895,17
codeforamerica/form-flow,2025-04-28,5,1,0,900,17
codeforamerica/form-flow,2025-05-05,5,2,0,905,17
codeforamerica/form-flow,2025-05-12,4,1,0,909,17
codeforamerica/form-flow,2025-05-19,25,4,0,934,17
codeforamerica/form-flow,2025-05-26,6,2,0,940,17
codeforamerica/form-flow,2025-06-02,12,4,0,952,17
codeforamerica/form-flow,2025-06-09,14,4,0,966,17
codeforamerica/form-flow,2025-06-16,15,5,1,981,18
codeforamerica/form-flow,2025-06-23,11,3,0,992,18
codeforamerica/form-flow,2025-06-30,4,1,0,996,18
codeforamerica/form-flow,2025-07-07,10,2,0,1006,18
codeforamerica/form-flow,2025-07-14,12,3,0,1018,18
codeforamerica/form-flow,2025-07-21,8,4,0,1026,18
codeforamerica/form-flow,2025-07-28,3,2,0,1029,18
codeforamerica/form-flow,2025-08-04,10,3,0,1039,18
codeforamerica/form-flow,2025-08-11,4,2,0,1043,18
codeforamerica/form-flow,2025-08-18,6,1,0,1049,18
codeforamerica/form-flow,2025-08-25,9,3,0,1058,18
codeforamerica/form-flow,2025-09-01,5,2,0,1063,18
codeforamerica/form-flow,2025-09-08,4,1,0,1067,18
codeforamerica/form-flow,2025-09-15,10,1,0,1077,18
codeforamerica/form-flow,2025-09-22,7,2,0,1084,18
codeforamerica/form-flow,2025-09-29,9,2,0,1093,18
codeforamerica/form-flow,2025-10-06,3,1,0,1096,18
codeforamerica/form-flow,2025-10-13,8,1,0,1104,18
codeforamerica/form-flow,2025-10-20,8,1,0,1112,18
codeforamerica/form-flow,2025-10-27,8,2,0,1120,18
codeforamerica/form-flow,2025-11-03,16,4,0,1136,18
codeforamerica/form-flow,2025-11-10,14,4,0,1150,18
codeforamerica/form-flow,2025-11-17,15,3,0,1165,18
codeforamerica/form-flow,2025-12-01,20,5,0,1185,18
codeforamerica/form-flow,2025-12-08,21,4,0,1206,18
codeforamerica/form-flow,2025-12-15,17,3,0,1223,18
codeforamerica/form-flow,2025-12-22,6,1,0,1229,18
codeforamerica/form-flow,2026-01-05,12,3,0,1241,18
codeforamerica/form-flow,2026-01-12,8,1,0,1249,18
codeforamerica/form-flow,2026-01-19,7,2,0,1256,18
codeforamerica/form-flow,2026-01-26,24,5,1,1280,19
codeforamerica/form-flow,2026-02-02,1,1,0,1281,19
codeforamerica/form-flow,2026-02-09,4,1,0,1285,19
codeforamerica/form-flow,2026-02-23,8,1,0,1293,19
codeforamerica/form-flow,2026-03-02,7,1,0,1300,19
codeforamerica/form-flow,2026-03-09,3,1,0,1303,19
codeforamerica/form-flow,2026-03-16,10,1,0,1313,19
codeforamerica/form-flow,2026-03-23,4,1,0,1317,19
codeforamerica/form-flow,2026-03-30,11,2,0,1328,19
codeforamerica/form-flow,2026-04-06,4,1,0,1332,19
codeforamerica/honeycrisp-gem,2018-07-23,5,2,2,5,2
codeforamerica/honeycrisp-gem,2018-07-30,1,1,1,6,3
codeforamerica/honeycrisp-gem,2018-08-06,2,1,0,8,3
codeforamerica/honeycrisp-gem,2018-08-27,1,1,1,9,4
codeforamerica/honeycrisp-gem,2018-09-03,3,1,0,12,4
codeforamerica/honeycrisp-gem,2018-10-01,1,1,0,13,4
codeforamerica/honeycrisp-gem,2018-10-08,3,1,0,16,4
codeforamerica/honeycrisp-gem,2018-10-29,3,1,0,19,4
codeforamerica/honeycrisp-gem,2018-11-05,1,1,1,20,5
codeforamerica/honeycrisp-gem,2018-11-19,2,2,0,22,5
codeforamerica/honeycrisp-gem,2018-11-26,1,1,0,23,5
codeforamerica/honeycrisp-gem,2018-12-03,2,1,0,25,5
codeforamerica/honeycrisp-gem,2018-12-17,5,3,1,30,6
codeforamerica/honeycrisp-gem,2018-12-31,4,3,0,34,6
codeforamerica/honeycrisp-gem,2019-01-07,2,2,0,36,6
codeforamerica/honeycrisp-gem,2019-01-14,5,2,0,41,6
codeforamerica/honeycrisp-gem,2019-01-21,6,2,1,47,7
codeforamerica/honeycrisp-gem,2019-01-28,4,4,2,51,9
codeforamerica/honeycrisp-gem,2019-02-04,6,2,0,57,9
codeforamerica/honeycrisp-gem,2019-02-11,6,3,0,63,9
codeforamerica/honeycrisp-gem,2019-02-25,2,2,0,65,9
codeforamerica/honeycrisp-gem,2019-03-04,2,2,0,67,9
codeforamerica/honeycrisp-gem,2019-03-18,2,1,0,69,9
codeforamerica/honeycrisp-gem,2019-03-25,2,1,0,71,9
codeforamerica/honeycrisp-gem,2019-04-01,3,2,0,74,9
codeforamerica/honeycrisp-gem,2019-05-20,6,2,1,80,10
codeforamerica/honeycrisp-gem,2019-06-03,2,2,1,82,11
codeforamerica/honeycrisp-gem,2019-06-17,2,2,1,84,12
codeforamerica/honeycrisp-gem,2019-06-24,5,3,2,89,14
codeforamerica/honeycrisp-gem,2019-07-01,4,2,0,93,14
codeforamerica/honeycrisp-gem,2019-07-15,4,2,0,97,14
codeforamerica/honeycrisp-gem,2019-07-22,2,1,0,99,14
codeforamerica/honeycrisp-gem,2019-08-26,1,1,0,100,14
codeforamerica/honeycrisp-gem,2019-10-07,8,6,4,108,18
codeforamerica/honeycrisp-gem,2019-10-21,1,1,0,109,18
codeforamerica/honeycrisp-gem,2019-10-28,1,1,0,110,18
codeforamerica/honeycrisp-gem,2019-11-04,2,1,0,112,18
codeforamerica/honeycrisp-gem,2019-11-11,7,4,2,119,20
codeforamerica/honeycrisp-gem,2019-12-09,5,4,1,124,21
codeforamerica/honeycrisp-gem,2019-12-16,4,1,0,128,21
codeforamerica/honeycrisp-gem,2020-01-13,5,1,0,133,21
codeforamerica/honeycrisp-gem,2020-01-27,2,2,1,135,22
codeforamerica/honeycrisp-gem,2020-02-24,3,3,1,138,23
codeforamerica/honeycrisp-gem,2020-05-04,3,1,0,141,23
codeforamerica/honeycrisp-gem,2020-05-18,1,1,0,142,23
codeforamerica/honeycrisp-gem,2020-05-25,18,4,2,160,25
codeforamerica/honeycrisp-gem,2020-06-01,2,2,1,162,26
codeforamerica/honeycrisp-gem,2020-06-15,6,3,0,168,26
codeforamerica/honeycrisp-gem,2020-06-29,6,2,0,174,26
codeforamerica/honeycrisp-gem,2020-08-31,8,3,0,182,26
codeforamerica/honeycrisp-gem,2020-09-14,1,1,0,183,26
codeforamerica/honeycrisp-gem,2020-09-21,1,1,0,184,26
codeforamerica/honeycrisp-gem,2020-10-26,5,2,1,189,27
codeforamerica/honeycrisp-gem,2020-11-09,7,2,0,196,27
codeforamerica/honeycrisp-gem,2020-12-14,4,2,0,200,27
codeforamerica/honeycrisp-gem,2020-12-21,1,1,0,201,27
codeforamerica/honeycrisp-gem,2021-01-04,4,3,0,205,27
codeforamerica/honeycrisp-gem,2021-01-18,1,1,0,206,27
codeforamerica/honeycrisp-gem,2021-01-25,2,2,1,208,28
codeforamerica/honeycrisp-gem,2021-02-01,3,2,0,211,28
codeforamerica/honeycrisp-gem,2021-02-08,2,1,0,213,28
codeforamerica/honeycrisp-gem,2021-02-22,9,3,2,222,30
codeforamerica/honeycrisp-gem,2021-03-01,3,1,0,225,30
codeforamerica/honeycrisp-gem,2021-03-08,1,1,0,226,30
codeforamerica/honeycrisp-gem,2021-03-15,2,2,0,228,30
codeforamerica/honeycrisp-gem,2021-03-22,5,1,0,233,30
codeforamerica/honeycrisp-gem,2021-03-29,32,3,0,265,30
codeforamerica/honeycrisp-gem,2021-05-17,2,1,0,267,30
codeforamerica/honeycrisp-gem,2021-06-14,1,1,1,268,31
codeforamerica/honeycrisp-gem,2021-07-26,1,1,1,269,32
codeforamerica/honeycrisp-gem,2021-08-02,4,3,1,273,33
codeforamerica/honeycrisp-gem,2021-08-16,1,1,0,274,33
codeforamerica/honeycrisp-gem,2021-08-23,2,2,0,276,33
codeforamerica/honeycrisp-gem,2021-09-06,1,1,0,277,33
codeforamerica/honeycrisp-gem,2021-09-13,4,1,0,281,33
codeforamerica/honeycrisp-gem,2022-02-07,2,2,0,283,33
codeforamerica/honeycrisp-gem,2022-05-02,2,2,0,285,33
codeforamerica/honeycrisp-gem,2022-05-09,1,1,0,286,33
codeforamerica/honeycrisp-gem,2022-08-29,3,2,1,289,34
codeforamerica/honeycrisp-gem,2022-09-05,2,1,0,291,34
codeforamerica/honeycrisp-gem,2023-08-21,9,2,1,300,35
codeforamerica/honeycrisp-gem,2024-02-26,9,1,0,309,35
codeforamerica/honeycrisp-gem,2024-03-04,8,3,0,317,35
codeforamerica/honeycrisp-gem,2024-03-11,6,2,0,323,35
codeforamerica/honeycrisp-gem,2024-05-13,4,2,0,327,35
codeforamerica/honeycrisp-gem,2024-05-27,3,1,0,330,35
codeforamerica/honeycrisp-gem,2024-06-03,6,3,1,336,36
codeforamerica/honeycrisp-gem,2024-06-17,3,2,0,339,36
codeforamerica/honeycrisp-gem,2024-06-24,13,1,0,352,36
codeforamerica/honeycrisp-gem,2024-07-08,2,1,0,354,36
codeforamerica/honeycrisp-gem,2024-08-05,2,2,0,356,36
codeforamerica/honeycrisp-gem,2025-01-20,1,1,0,357,36
codeforamerica/honeycrisp-gem,2025-02-03,31,3,1,388,37
codeforamerica/honeycrisp-gem,2025-07-14,21,2,0,409,37
codeforamerica/honeycrisp-gem,2025-07-28,2,1,0,411,37
codeforamerica/honeycrisp-gem,2026-01-05,4,1,1,415,38
codeforamerica/pya,2025-05-19,3,1,1,3,1
codeforamerica/pya,2025-05-26,8,1,0,11,1
codeforamerica/pya,2025-06-02,19,2,1,30,2
codeforamerica/pya,2025-06-09,15,4,2,45,4
codeforamerica/pya,2025-06-16,7,4,1,52,5
codeforamerica/pya,2025-06-23,3,1,0,55,5
codeforamerica/pya,2025-06-30,11,2,0,66,5
codeforamerica/pya,2025-07-07,3,3,0,69,5
codeforamerica/pya,2025-07-14,5,2,0,74,5
codeforamerica/pya,2025-07-21,4,3,0,78,5
codeforamerica/pya,2025-07-28,29,3,0,107,5
codeforamerica/pya,2025-08-04,14,5,0,121,5
codeforamerica/pya,2025-08-11,9,2,0,130,5
codeforamerica/pya,2025-08-18,5,1,0,135,5
codeforamerica/pya,2025-08-25,9,2,0,144,5
codeforamerica/pya,2025-09-01,4,1,0,148,5
codeforamerica/pya,2025-09-08,10,1,0,158,5
codeforamerica/pya,2025-09-15,2,1,0,160,5
codeforamerica/pya,2025-10-20,6,3,2,166,7
codeforamerica/pya,2025-10-27,1,1,0,167,7
codeforamerica/pya,2025-11-10,15,2,1,182,8
codeforamerica/pya,2025-11-17,16,3,0,198,8
codeforamerica/pya,2025-11-24,3,1,0,201,8
codeforamerica/pya,2025-12-01,2,2,0,203,8
codeforamerica/pya,2025-12-08,7,2,0,210,8
codeforamerica/pya,2025-12-15,4,1,0,214,8
codeforamerica/pya,2025-12-22,1,1,0,215,8
codeforamerica/pya,2026-01-12,1,1,0,216,8
codeforamerica/pya,2026-01-19,2,1,0,218,8
codeforamerica/pya,2026-01-26,2,2,0,220,8
codeforamerica/pya,2026-02-09,1,1,0,221,8
codeforamerica/pya,2026-02-16,3,1,0,224,8
codeforamerica/pya,2026-03-02,4,2,0,228,8
codeforamerica/pya,2026-03-09,5,1,0,233,8
codeforamerica/pya,2026-03-16,2,1,0,235,8
codeforamerica/pya,2026-03-23,5,2,1,240,9
codeforamerica/pya,2026-03-30,13,2,0,253,9
codeforamerica/pya,2026-04-06,1,1,0,254,9
codeforamerica/pya,2026-04-13,2,1,0,256,9
codeforamerica/pya,2026-04-20,1,1,0,257,9
codeforamerica/pya,2026-04-27,1,1,0,258,9
codeforamerica/recordtrac,2013-03-25,17,3,3,17,3
codeforamerica/recordtrac,2013-04-01,37,3,0,54,3
codeforamerica/recordtrac,2013-04-08,18,3,0,72,3
codeforamerica/recordtrac,2013-04-15,87,3,0,159,3
codeforamerica/recordtrac,2013-04-22,48,4,1,207,4
codeforamerica/recordtrac,2013-04-29,20,3,0,227,4
codeforamerica/recordtrac,2013-05-06,48,3,0,275,4
codeforamerica/recordtrac,2013-05-13,50,4,1,325,5
codeforamerica/recordtrac,2013-05-20,39,2,0,364,5
codeforamerica/recordtrac,2013-05-27,63,3,0,427,5
codeforamerica/recordtrac,2013-06-03,62,3,0,489,5
codeforamerica/recordtrac,2013-06-10,37,2,0,526,5
codeforamerica/recordtrac,2013-06-17,22,2,0,548,5
codeforamerica/recordtrac,2013-06-24,50,3,0,598,5
codeforamerica/recordtrac,2013-07-01,28,2,0,626,5
codeforamerica/recordtrac,2013-07-08,56,3,1,682,6
codeforamerica/recordtrac,2013-07-15,51,4,0,733,6
codeforamerica/recordtrac,2013-07-22,29,3,0,762,6
codeforamerica/recordtrac,2013-07-29,65,3,0,827,6
codeforamerica/recordtrac,2013-08-05,35,4,1,862,7
codeforamerica/recordtrac,2013-08-12,29,4,0,891,7
codeforamerica/recordtrac,2013-08-19,54,4,0,945,7
codeforamerica/recordtrac,2013-08-26,96,4,0,1041,7
codeforamerica/recordtrac,2013-09-02,56,4,0,1097,7
codeforamerica/recordtrac,2013-09-09,102,4,0,1199,7
codeforamerica/recordtrac,2013-09-16,74,3,0,1273,7
codeforamerica/recordtrac,2013-09-23,127,4,1,1400,8
codeforamerica/recordtrac,2013-09-30,48,5,0,1448,8
codeforamerica/recordtrac,2013-10-07,61,3,0,1509,8
codeforamerica/recordtrac,2013-10-14,10,3,0,1519,8
codeforamerica/recordtrac,2013-10-21,80,5,1,1599,9
codeforamerica/recordtrac,2013-10-28,72,4,1,1671,10
codeforamerica/recordtrac,2013-11-04,32,3,0,1703,10
codeforamerica/recordtrac,2013-11-11,20,2,0,1723,10
codeforamerica/recordtrac,2013-11-18,3,2,0,1726,10
codeforamerica/recordtrac,2014-01-20,2,1,0,1728,10
codeforamerica/recordtrac,2014-01-27,1,1,1,1729,11
codeforamerica/recordtrac,2014-02-03,35,1,0,1764,11
codeforamerica/recordtrac,2014-02-10,4,1,0,1768,11
codeforamerica/recordtrac,2014-02-17,2,1,1,1770,12
codeforamerica/recordtrac,2014-02-24,7,2,0,1777,12
codeforamerica/recordtrac,2014-03-03,29,3,1,1806,13
codeforamerica/recordtrac,2014-03-10,37,2,0,1843,13
codeforamerica/recordtrac,2014-03-17,9,1,0,1852,13
codeforamerica/recordtrac,2014-03-24,27,2,0,1879,13
codeforamerica/recordtrac,2014-03-31,19,2,1,1898,14
codeforamerica/recordtrac,2014-04-07,10,1,0,1908,14
codeforamerica/recordtrac,2014-04-14,4,1,0,1912,14
codeforamerica/recordtrac,2014-04-21,29,1,0,1941,14
codeforamerica/recordtrac,2014-04-28,2,1,0,1943,14
codeforamerica/recordtrac,2014-05-05,23,1,0,1966,14
codeforamerica/recordtrac,2014-05-12,17,4,2,1983,16
codeforamerica/recordtrac,2014-05-19,17,3,1,2000,17
codeforamerica/recordtrac,2014-05-26,10,3,1,2010,18
codeforamerica/recordtrac,2014-06-02,13,4,0,2023,18
codeforamerica/recordtrac,2014-06-09,17,2,0,2040,18
codeforamerica/recordtrac,2014-06-16,9,2,0,2049,18
codeforamerica/recordtrac,2014-06-23,45,5,2,2094,20
codeforamerica/recordtrac,2014-06-30,9,3,0,2103,20
codeforamerica/recordtrac,2014-07-07,33,1,0,2136,20
codeforamerica/recordtrac,2014-07-14,27,3,0,2163,20
codeforamerica/recordtrac,2014-07-21,21,3,0,2184,20
codeforamerica/recordtrac,2014-07-28,48,2,0,2232,20
codeforamerica/recordtrac,2014-08-04,49,4,0,2281,20
codeforamerica/recordtrac,2014-08-11,25,3,0,2306,20
codeforamerica/recordtrac,2014-08-18,73,2,0,2379,20
codeforamerica/recordtrac,2014-08-25,125,2,0,2504,20
codeforamerica/recordtrac,2014-09-01,1,1,1,2505,21
codeforamerica/recordtrac,2014-09-08,5,1,0,2510,21
codeforamerica/recordtrac,2014-10-06,2,2,1,2512,22
codeforamerica/recordtrac,2014-10-27,3,1,0,2515,22
codeforamerica/recordtrac,2015-04-06,8,1,1,2523,23
codeforamerica/recordtrac,2015-04-13,3,1,0,2526,23
codeforamerica/recordtrac,2015-04-20,7,1,0,2533,23
codeforamerica/recordtrac,2015-04-27,6,1,0,2539,23
codeforamerica/recordtrac,2015-05-04,1,1,0,2540,23
codeforamerica/recordtrac,2015-05-18,7,2,0,2547,23
codeforamerica/recordtrac,2015-06-01,1,1,0,2548,23
codeforamerica/recordtrac,2015-06-08,1,1,0,2549,23
codeforamerica/recordtrac,2015-07-06,1,1,0,2550,23
codeforamerica/recordtrac,2015-08-10,2,1,0,2552,23
codeforamerica/recordtrac,2015-08-24,1,1,0,2553,23
codeforamerica/recordtrac,2015-08-31,2,1,0,2555,23
codeforamerica/recordtrac,2015-09-07,1,1,0,2556,23
codeforamerica/recordtrac,2015-09-14,10,1,0,2566,23
codeforamerica/recordtrac,2016-03-07,1,1,1,2567,24
codeforamerica/recordtrac,2016-03-14,1,1,1,2568,25
codeforamerica/recordtrac,2017-04-17,1,1,1,2569,26
codeforamerica/recordtrac,2021-03-29,1,1,0,2570,26
codeforamerica/tax-benefits-backend,2024-04-08,1,1,1,1,1
codeforamerica/tax-benefits-backend,2024-04-15,2,1,0,3,1
codeforamerica/tax-benefits-backend,2024-04-22,2,1,0,5,1
codeforamerica/tax-benefits-backend,2024-05-06,1,1,0,6,1
codeforamerica/tax-benefits-backend,2024-09-23,1,1,0,7,1
codeforamerica/tax-benefits-backend,2024-09-30,2,1,0,9,1
codeforamerica/tax-benefits-backend,2024-10-14,1,1,0,10,1
codeforamerica/tax-benefits-backend,2024-11-11,3,1,0,13,1
codeforamerica/tax-benefits-backend,2024-11-18,1,1,0,14,1
codeforamerica/tax-benefits-backend,2024-11-25,2,1,0,16,1
codeforamerica/tax-benefits-backend,2024-12-02,1,1,0,17,1
codeforamerica/tax-benefits-backend,2024-12-16,1,1,0,18,1
codeforamerica/tax-benefits-backend,2025-01-06,4,1,0,22,1
codeforamerica/tax-benefits-backend,2025-01-13,3,1,0,25,1
codeforamerica/tax-benefits-backend,2025-01-20,3,1,0,28,1
codeforamerica/tax-benefits-backend,2025-01-27,2,1,0,30,1
codeforamerica/tax-benefits-backend,2025-02-03,1,1,0,31,1
codeforamerica/tax-benefits-backend,2025-03-10,1,1,0,32,1
codeforamerica/tax-benefits-backend,2025-03-17,1,1,0,33,1
codeforamerica/tax-benefits-backend,2025-03-31,1,1,0,34,1
codeforamerica/tax-benefits-backend,2025-06-02,2,2,2,36,3
codeforamerica/tax-benefits-backend,2025-06-09,6,4,1,42,4
codeforamerica/tax-benefits-backend,2025-06-16,3,1,0,45,4
codeforamerica/tax-benefits-backend,2025-06-23,6,1,0,51,4
codeforamerica/tax-benefits-backend,2025-06-30,7,2,0,58,4
codeforamerica/tax-benefits-backend,2025-07-07,1,1,0,59,4
codeforamerica/tax-benefits-backend,2025-07-14,2,1,0,61,4
codeforamerica/tax-benefits-backend,2025-07-21,6,5,2,67,6
codeforamerica/tax-benefits-backend,2025-07-28,8,3,0,75,6
codeforamerica/tax-benefits-backend,2025-08-04,11,5,1,86,7
codeforamerica/tax-benefits-backend,2025-08-11,7,2,0,93,7
codeforamerica/tax-benefits-backend,2025-08-18,2,1,0,95,7
codeforamerica/tax-benefits-backend,2025-08-25,1,1,0,96,7
codeforamerica/tax-benefits-backend,2025-09-01,4,1,0,100,7
codeforamerica/tax-benefits-backend,2025-09-08,7,3,0,107,7
codeforamerica/tax-benefits-backend,2025-09-15,4,1,0,111,7
codeforamerica/tax-benefits-backend,2025-09-22,2,1,0,113,7
codeforamerica/tax-benefits-backend,2025-10-13,1,1,0,114,7
codeforamerica/tax-benefits-backend,2025-10-20,1,1,0,115,7
codeforamerica/tax-benefits-backend,2025-10-27,3,2,1,118,8
codeforamerica/tax-benefits-backend,2025-11-10,1,1,0,119,8
codeforamerica/tax-benefits-backend,2025-11-17,7,2,0,126,8
codeforamerica/tax-benefits-backend,2025-12-01,1,1,0,127,8
codeforamerica/tax-benefits-backend,2025-12-08,6,1,0,133,8
codeforamerica/tax-benefits-backend,2025-12-15,2,1,0,135,8
codeforamerica/tax-benefits-backend,2026-01-12,2,2,0,137,8
codeforamerica/tax-benefits-backend,2026-01-19,4,1,0,141,8
codeforamerica/tax-benefits-backend,2026-01-26,1,1,0,142,8
codeforamerica/tax-benefits-backend,2026-02-02,1,1,0,143,8
codeforamerica/tax-benefits-backend,2026-02-09,4,3,1,147,9
codeforamerica/tax-benefits-backend,2026-02-16,3,2,0,150,9
codeforamerica/tax-benefits-backend,2026-02-23,5,4,0,155,9
codeforamerica/tax-benefits-backend,2026-03-02,6,2,0,161,9
codeforamerica/tax-benefits-backend,2026-03-09,3,2,0,164,9
codeforamerica/tax-benefits-backend,2026-03-16,2,2,0,166,9
codeforamerica/tax-benefits-backend,2026-03-23,6,2,0,172,9
codeforamerica/tax-benefits-backend,2026-03-30,2,1,0,174,9
codeforamerica/tax-benefits-backend,2026-04-06,8,2,0,182,9
codeforamerica/tax-benefits-backend,2026-04-20,4,3,1,186,10
codeforamerica/tax-benefits-backend,2026-04-27,3,2,1,189,11
codeforamerica/tax-benefits-backend,2026-05-04,1,1,0,190,11
codeforamerica/tofu-modules-aws-serverless-database,2024-08-05,1,1,1,1,1
codeforamerica/tofu-modules-aws-serverless-database,2024-08-12,1,1,0,2,1
codeforamerica/tofu-modules-aws-serverless-database,2024-10-07,1,1,0,3,1
codeforamerica/tofu-modules-aws-serverless-database,2024-11-11,1,1,0,4,1
codeforamerica/tofu-modules-aws-serverless-database,2024-12-02,3,2,1,7,2
codeforamerica/tofu-modules-aws-serverless-database,2025-03-24,2,1,0,9,2
codeforamerica/tofu-modules-aws-serverless-database,2025-04-21,10,2,0,19,2
codeforamerica/tofu-modules-aws-serverless-database,2025-05-05,3,2,0,22,2
codeforamerica/tofu-modules-aws-serverless-database,2025-07-21,3,2,0,25,2
codeforamerica/tofu-modules-aws-serverless-database,2025-12-15,2,2,0,27,2
codeforamerica/tofu-modules-aws-serverless-database,2026-01-19,4,2,0,31,2
codeforamerica/tofu-modules-aws-serverless-database,2026-02-16,3,3,1,34,3
codeforamerica/tofu-modules-aws-serverless-database,2026-02-23,3,2,0,37,3
codeforamerica/tofu-modules-aws-serverless-database,2026-03-09,2,2,0,39,3
codeforamerica/tofu-modules-aws-serverless-database,2026-03-23,1,1,0,40,3
codeforamerica/vita-min,2019-11-04,13,1,1,13,1
codeforamerica/vita-min,2019-11-11,2,1,0,15,1
codeforamerica/vita-min,2019-12-02,12,2,1,27,2
codeforamerica/vita-min,2019-12-09,13,2,0,40,2
codeforamerica/vita-min,2019-12-16,5,3,1,45,3
codeforamerica/vita-min,2019-12-30,2,2,0,47,3
codeforamerica/vita-min,2020-01-06,11,2,0,58,3
codeforamerica/vita-min,2020-01-13,20,2,0,78,3
codeforamerica/vita-min,2020-01-20,15,2,0,93,3
codeforamerica/vita-min,2020-01-27,22,3,1,115,4
codeforamerica/vita-min,2020-02-03,33,3,0,148,4
codeforamerica/vita-min,2020-02-10,34,3,0,182,4
codeforamerica/vita-min,2020-02-17,42,3,0,224,4
codeforamerica/vita-min,2020-02-24,32,3,0,256,4
codeforamerica/vita-min,2020-03-02,17,3,0,273,4
codeforamerica/vita-min,2020-03-09,14,3,0,287,4
codeforamerica/vita-min,2020-03-16,24,3,0,311,4
codeforamerica/vita-min,2020-03-23,39,3,0,350,4
codeforamerica/vita-min,2020-03-30,34,4,1,384,5
codeforamerica/vita-min,2020-04-06,17,4,0,401,5
codeforamerica/vita-min,2020-04-13,24,4,0,425,5
codeforamerica/vita-min,2020-04-20,104,8,4,529,9
codeforamerica/vita-min,2020-04-27,65,7,1,594,10
codeforamerica/vita-min,2020-05-04,87,7,0,681,10
codeforamerica/vita-min,2020-05-11,43,8,0,724,10
codeforamerica/vita-min,2020-05-18,56,8,0,780,10
codeforamerica/vita-min,2020-05-25,47,8,0,827,10
codeforamerica/vita-min,2020-06-01,24,8,2,851,12
codeforamerica/vita-min,2020-06-08,80,9,1,931,13
codeforamerica/vita-min,2020-06-15,37,8,1,968,14
codeforamerica/vita-min,2020-06-22,49,10,0,1017,14
codeforamerica/vita-min,2020-06-29,39,9,1,1056,15
codeforamerica/vita-min,2020-07-06,32,8,0,1088,15
codeforamerica/vita-min,2020-07-13,25,5,0,1113,15
codeforamerica/vita-min,2020-07-20,7,3,0,1120,15
codeforamerica/vita-min,2020-07-27,13,5,0,1133,15
codeforamerica/vita-min,2020-08-03,29,6,1,1162,16
codeforamerica/vita-min,2020-08-10,19,4,0,1181,16
codeforamerica/vita-min,2020-08-17,27,4,0,1208,16
codeforamerica/vita-min,2020-08-24,22,3,0,1230,16
codeforamerica/vita-min,2020-08-31,22,5,0,1252,16
codeforamerica/vita-min,2020-09-07,25,3,0,1277,16
codeforamerica/vita-min,2020-09-14,21,4,0,1298,16
codeforamerica/vita-min,2020-09-21,34,7,2,1332,18
codeforamerica/vita-min,2020-09-28,26,5,0,1358,18
codeforamerica/vita-min,2020-10-05,44,8,3,1402,21
codeforamerica/vita-min,2020-10-12,36,5,0,1438,21
codeforamerica/vita-min,2020-10-19,17,7,1,1455,22
codeforamerica/vita-min,2020-10-26,34,6,0,1489,22
codeforamerica/vita-min,2020-11-02,13,3,0,1502,22
codeforamerica/vita-min,2020-11-09,23,7,1,1525,23
codeforamerica/vita-min,2020-11-16,19,6,0,1544,23
codeforamerica/vita-min,2020-11-23,14,5,0,1558,23
codeforamerica/vita-min,2020-11-30,19,6,0,1577,23
codeforamerica/vita-min,2020-12-07,32,6,0,1609,23
codeforamerica/vita-min,2020-12-14,44,10,1,1653,24
codeforamerica/vita-min,2020-12-21,13,3,0,1666,24
codeforamerica/vita-min,2021-01-04,22,7,0,1688,24
codeforamerica/vita-min,2021-01-11,46,7,1,1734,25
codeforamerica/vita-min,2021-01-18,41,7,0,1775,25
codeforamerica/vita-min,2021-01-25,59,7,0,1834,25
codeforamerica/vita-min,2021-02-01,51,6,0,1885,25
codeforamerica/vita-min,2021-02-08,74,7,0,1959,25
codeforamerica/vita-min,2021-02-15,37,5,0,1996,25
codeforamerica/vita-min,2021-02-22,50,5,0,2046,25
codeforamerica/vita-min,2021-03-01,49,5,0,2095,25
codeforamerica/vita-min,2021-03-08,29,5,0,2124,25
codeforamerica/vita-min,2021-03-15,23,7,1,2147,26
codeforamerica/vita-min,2021-03-22,54,6,0,2201,26
codeforamerica/vita-min,2021-03-29,30,6,1,2231,27
codeforamerica/vita-min,2021-04-05,49,7,1,2280,28
codeforamerica/vita-min,2021-04-12,33,9,1,2313,29
codeforamerica/vita-min,2021-04-19,20,6,0,2333,29
codeforamerica/vita-min,2021-04-26,18,5,0,2351,29
codeforamerica/vita-min,2021-05-03,36,7,0,2387,29
codeforamerica/vita-min,2021-05-10,37,7,0,2424,29
codeforamerica/vita-min,2021-05-17,24,8,0,2448,29
codeforamerica/vita-min,2021-05-24,19,6,0,2467,29
codeforamerica/vita-min,2021-05-31,8,6,0,2475,29
codeforamerica/vita-min,2021-06-07,15,6,0,2490,29
codeforamerica/vita-min,2021-06-14,44,8,1,2534,30
codeforamerica/vita-min,2021-06-21,10,5,0,2544,30
codeforamerica/vita-min,2021-06-28,51,5,0,2595,30
codeforamerica/vita-min,2021-07-05,27,5,0,2622,30
codeforamerica/vita-min,2021-07-12,53,10,1,2675,31
codeforamerica/vita-min,2021-07-19,60,10,0,2735,31
codeforamerica/vita-min,2021-07-26,38,7,0,2773,31
codeforamerica/vita-min,2021-08-02,55,6,0,2828,31
codeforamerica/vita-min,2021-08-09,82,7,0,2910,31
codeforamerica/vita-min,2021-08-16,57,6,0,2967,31
codeforamerica/vita-min,2021-08-23,40,7,1,3007,32
codeforamerica/vita-min,2021-08-30,29,8,0,3036,32
codeforamerica/vita-min,2021-09-06,32,8,0,3068,32
codeforamerica/vita-min,2021-09-13,50,10,0,3118,32
codeforamerica/vita-min,2021-09-20,43,8,2,3161,34
codeforamerica/vita-min,2021-09-27,25,6,0,3186,34
codeforamerica/vita-min,2021-10-04,16,8,0,3202,34
codeforamerica/vita-min,2021-10-11,20,7,0,3222,34
codeforamerica/vita-min,2021-10-18,43,6,0,3265,34
codeforamerica/vita-min,2021-10-25,17,6,0,3282,34
codeforamerica/vita-min,2021-11-01,29,7,0,3311,34
codeforamerica/vita-min,2021-11-08,18,5,0,3329,34
codeforamerica/vita-min,2021-11-15,26,7,0,3355,34
codeforamerica/vita-min,2021-11-29,19,8,0,3374,34
codeforamerica/vita-min,2021-12-06,25,5,0,3399,34
codeforamerica/vita-min,2021-12-13,17,5,0,3416,34
codeforamerica/vita-min,2021-12-20,21,7,0,3437,34
codeforamerica/vita-min,2022-01-03,9,5,0,3446,34
codeforamerica/vita-min,2022-01-10,13,6,0,3459,34
codeforamerica/vita-min,2022-01-17,30,6,0,3489,34
codeforamerica/vita-min,2022-01-24,31,7,0,3520,34
codeforamerica/vita-min,2022-01-31,32,7,0,3552,34
codeforamerica/vita-min,2022-02-07,33,7,0,3585,34
codeforamerica/vita-min,2022-02-14,39,8,0,3624,34
codeforamerica/vita-min,2022-02-21,16,6,0,3640,34
codeforamerica/vita-min,2022-02-28,20,8,0,3660,34
codeforamerica/vita-min,2022-03-07,25,6,0,3685,34
codeforamerica/vita-min,2022-03-14,34,8,0,3719,34
codeforamerica/vita-min,2022-03-21,21,6,0,3740,34
codeforamerica/vita-min,2022-03-28,15,5,0,3755,34
codeforamerica/vita-min,2022-04-04,25,5,1,3780,35
codeforamerica/vita-min,2022-04-11,27,8,0,3807,35
codeforamerica/vita-min,2022-04-18,43,7,0,3850,35
codeforamerica/vita-min,2022-04-25,58,9,0,3908,35
codeforamerica/vita-min,2022-05-02,42,9,1,3950,36
codeforamerica/vita-min,2022-05-09,56,7,0,4006,36
codeforamerica/vita-min,2022-05-16,23,5,0,4029,36
codeforamerica/vita-min,2022-05-23,23,6,0,4052,36
codeforamerica/vita-min,2022-05-30,16,6,0,4068,36
codeforamerica/vita-min,2022-06-06,12,4,0,4080,36
codeforamerica/vita-min,2022-06-13,17,6,0,4097,36
codeforamerica/vita-min,2022-06-20,23,6,0,4120,36
codeforamerica/vita-min,2022-06-27,23,5,0,4143,36
codeforamerica/vita-min,2022-07-11,17,7,0,4160,36
codeforamerica/vita-min,2022-07-18,29,8,0,4189,36
codeforamerica/vita-min,2022-07-25,17,7,0,4206,36
codeforamerica/vita-min,2022-08-01,13,5,0,4219,36
codeforamerica/vita-min,2022-08-08,9,2,0,4228,36
codeforamerica/vita-min,2022-08-15,12,4,0,4240,36
codeforamerica/vita-min,2022-08-22,14,8,0,4254,36
codeforamerica/vita-min,2022-08-29,8,5,0,4262,36
codeforamerica/vita-min,2022-09-05,19,8,0,4281,36
codeforamerica/vita-min,2022-09-12,16,6,0,4297,36
codeforamerica/vita-min,2022-09-19,15,5,0,4312,36
codeforamerica/vita-min,2022-09-26,24,6,1,4336,37
codeforamerica/vita-min,2022-10-03,23,7,0,4359,37
codeforamerica/vita-min,2022-10-10,16,6,0,4375,37
codeforamerica/vita-min,2022-10-17,17,6,0,4392,37
codeforamerica/vita-min,2022-10-24,25,6,0,4417,37
codeforamerica/vita-min,2022-10-31,7,5,0,4424,37
codeforamerica/vita-min,2022-11-07,22,10,3,4446,40
codeforamerica/vita-min,2022-11-14,19,8,0,4465,40
codeforamerica/vita-min,2022-11-28,13,5,0,4478,40
codeforamerica/vita-min,2022-12-05,7,4,0,4485,40
codeforamerica/vita-min,2022-12-12,10,4,0,4495,40
codeforamerica/vita-min,2022-12-19,5,3,0,4500,40
codeforamerica/vita-min,2023-01-02,6,4,0,4506,40
codeforamerica/vita-min,2023-01-09,13,8,0,4519,40
codeforamerica/vita-min,2023-01-16,19,8,0,4538,40
codeforamerica/vita-min,2023-01-23,25,7,0,4563,40
codeforamerica/vita-min,2023-01-30,20,8,0,4583,40
codeforamerica/vita-min,2023-02-06,8,3,0,4591,40
codeforamerica/vita-min,2023-02-13,13,4,0,4604,40
codeforamerica/vita-min,2023-02-20,19,8,0,4623,40
codeforamerica/vita-min,2023-02-27,14,7,0,4637,40
codeforamerica/vita-min,2023-03-06,23,9,0,4660,40
codeforamerica/vita-min,2023-03-13,10,5,0,4670,40
codeforamerica/vita-min,2023-03-20,11,6,0,4681,40
codeforamerica/vita-min,2023-03-27,7,4,0,4688,40
codeforamerica/vita-min,2023-04-03,10,5,0,4698,40
codeforamerica/vita-min,2023-04-10,6,3,1,4704,41
codeforamerica/vita-min,2023-04-17,10,6,0,4714,41
codeforamerica/vita-min,2023-04-24,4,4,0,4718,41
codeforamerica/vita-min,2023-05-01,14,6,0,4732,41
codeforamerica/vita-min,2023-05-08,2,2,1,4734,42
codeforamerica/vita-min,2023-05-15,3,3,0,4737,42
codeforamerica/vita-min,2023-05-22,11,3,0,4748,42
codeforamerica/vita-min,2023-05-29,6,2,0,4754,42
codeforamerica/vita-min,2023-06-05,3,2,0,4757,42
codeforamerica/vita-min,2023-06-12,10,4,0,4767,42
codeforamerica/vita-min,2023-06-19,9,4,0,4776,42
codeforamerica/vita-min,2023-06-26,4,2,0,4780,42
codeforamerica/vita-min,2023-07-03,7,5,0,4787,42
codeforamerica/vita-min,2023-07-10,6,4,0,4793,42
codeforamerica/vita-min,2023-07-17,4,2,0,4797,42
codeforamerica/vita-min,2023-07-24,4,3,0,4801,42
codeforamerica/vita-min,2023-07-31,6,4,0,4807,42
codeforamerica/vita-min,2023-08-07,12,4,1,4819,43
codeforamerica/vita-min,2023-08-14,11,5,0,4830,43
codeforamerica/vita-min,2023-08-21,5,3,0,4835,43
codeforamerica/vita-min,2023-08-28,6,3,0,4841,43
codeforamerica/vita-min,2023-09-04,1,1,0,4842,43
codeforamerica/vita-min,2023-09-11,8,4,0,4850,43
codeforamerica/vita-min,2023-09-25,14,5,0,4864,43
codeforamerica/vita-min,2023-10-02,13,3,0,4877,43
codeforamerica/vita-min,2023-10-09,6,3,0,4883,43
codeforamerica/vita-min,2023-10-16,7,5,1,4890,44
codeforamerica/vita-min,2023-10-23,33,7,1,4923,45
codeforamerica/vita-min,2023-10-30,25,6,0,4948,45
codeforamerica/vita-min,2023-11-06,16,9,2,4964,47
codeforamerica/vita-min,2023-11-13,34,8,0,4998,47
codeforamerica/vita-min,2023-11-20,16,7,1,5014,48
codeforamerica/vita-min,2023-11-27,33,7,0,5047,48
codeforamerica/vita-min,2023-12-04,26,8,0,5073,48
codeforamerica/vita-min,2023-12-11,31,8,2,5104,50
codeforamerica/vita-min,2023-12-18,48,8,0,5152,50
codeforamerica/vita-min,2023-12-25,9,2,0,5161,50
codeforamerica/vita-min,2024-01-01,24,8,0,5185,50
codeforamerica/vita-min,2024-01-08,50,9,0,5235,50
codeforamerica/vita-min,2024-01-15,46,7,0,5281,50
codeforamerica/vita-min,2024-01-22,50,7,0,5331,50
codeforamerica/vita-min,2024-01-29,51,7,0,5382,50
codeforamerica/vita-min,2024-02-05,41,9,0,5423,50
codeforamerica/vita-min,2024-02-12,34,5,0,5457,50
codeforamerica/vita-min,2024-02-19,11,4,0,5468,50
codeforamerica/vita-min,2024-02-26,28,7,0,5496,50
codeforamerica/vita-min,2024-03-04,30,7,0,5526,50
codeforamerica/vita-min,2024-03-11,22,6,0,5548,50
codeforamerica/vita-min,2024-03-18,35,8,0,5583,50
codeforamerica/vita-min,2024-03-25,19,5,1,5602,51
codeforamerica/vita-min,2024-04-01,16,6,0,5618,51
codeforamerica/vita-min,2024-04-08,34,6,0,5652,51
codeforamerica/vita-min,2024-04-15,7,4,0,5659,51
codeforamerica/vita-min,2024-04-22,8,5,0,5667,51
codeforamerica/vita-min,2024-04-29,2,1,0,5669,51
codeforamerica/vita-min,2024-05-06,4,2,0,5673,51
codeforamerica/vita-min,2024-05-13,5,2,0,5678,51
codeforamerica/vita-min,2024-05-20,14,4,0,5692,51
codeforamerica/vita-min,2024-05-27,1,1,0,5693,51
codeforamerica/vita-min,2024-06-03,17,4,0,5710,51
codeforamerica/vita-min,2024-06-10,11,4,0,5721,51
codeforamerica/vita-min,2024-06-17,7,6,0,5728,51
codeforamerica/vita-min,2024-06-24,8,3,0,5736,51
codeforamerica/vita-min,2024-07-01,9,4,0,5745,51
codeforamerica/vita-min,2024-07-08,28,5,1,5773,52
codeforamerica/vita-min,2024-07-15,11,3,0,5784,52
codeforamerica/vita-min,2024-07-22,28,7,2,5812,54
codeforamerica/vita-min,2024-07-29,13,5,0,5825,54
codeforamerica/vita-min,2024-08-05,24,6,0,5849,54
codeforamerica/vita-min,2024-08-12,9,3,0,5858,54
codeforamerica/vita-min,2024-08-19,10,5,0,5868,54
codeforamerica/vita-min,2024-08-26,13,7,1,5881,55
codeforamerica/vita-min,2024-09-02,15,6,0,5896,55
codeforamerica/vita-min,2024-09-09,22,9,3,5918,58
codeforamerica/vita-min,2024-09-16,14,8,0,5932,58
codeforamerica/vita-min,2024-09-23,20,9,0,5952,58
codeforamerica/vita-min,2024-09-30,23,8,0,5975,58
codeforamerica/vita-min,2024-10-07,26,14,4,6001,62
codeforamerica/vita-min,2024-10-14,24,10,0,6025,62
codeforamerica/vita-min,2024-10-21,20,11,1,6045,63
codeforamerica/vita-min,2024-10-28,30,10,0,6075,63
codeforamerica/vita-min,2024-11-04,18,12,1,6093,64
codeforamerica/vita-min,2024-11-11,27,12,0,6120,64
codeforamerica/vita-min,2024-11-18,31,14,0,6151,64
codeforamerica/vita-min,2024-11-25,23,12,0,6174,64
codeforamerica/vita-min,2024-12-02,84,14,0,6258,64
codeforamerica/vita-min,2024-12-09,67,17,0,6325,64
codeforamerica/vita-min,2024-12-16,53,15,1,6378,65
codeforamerica/vita-min,2024-12-23,26,11,0,6404,65
codeforamerica/vita-min,2024-12-30,4,4,0,6408,65
codeforamerica/vita-min,2025-01-06,34,12,0,6442,65
codeforamerica/vita-min,2025-01-13,41,13,0,6483,65
codeforamerica/vita-min,2025-01-20,50,16,0,6533,65
codeforamerica/vita-min,2025-01-27,51,16,0,6584,65
codeforamerica/vita-min,2025-02-03,41,15,0,6625,65
codeforamerica/vita-min,2025-02-10,41,15,0,6666,65
codeforamerica/vita-min,2025-02-17,31,14,0,6697,65
codeforamerica/vita-min,2025-02-24,33,14,0,6730,65
codeforamerica/vita-min,2025-03-03,36,12,0,6766,65
codeforamerica/vita-min,2025-03-10,30,10,0,6796,65
codeforamerica/vita-min,2025-03-17,28,12,0,6824,65
codeforamerica/vita-min,2025-03-24,19,10,0,6843,65
codeforamerica/vita-min,2025-03-31,20,9,0,6863,65
codeforamerica/vita-min,2025-04-07,34,10,0,6897,65
codeforamerica/vita-min,2025-04-14,33,11,0,6930,65
codeforamerica/vita-min,2025-04-21,22,8,0,6952,65
codeforamerica/vita-min,2025-04-28,12,7,0,6964,65
codeforamerica/vita-min,2025-05-05,5,3,0,6969,65
codeforamerica/vita-min,2025-05-12,3,2,0,6972,65
codeforamerica/vita-min,2025-05-19,3,2,0,6975,65
codeforamerica/vita-min,2025-05-26,5,3,0,6980,65
codeforamerica/vita-min,2025-06-02,2,2,0,6982,65
codeforamerica/vita-min,2025-06-09,6,6,0,6988,65
codeforamerica/vita-min,2025-06-16,3,3,0,6991,65
codeforamerica/vita-min,2025-06-23,3,3,0,6994,65
codeforamerica/vita-min,2025-06-30,2,2,0,6996,65
codeforamerica/vita-min,2025-07-07,5,4,0,7001,65
codeforamerica/vita-min,2025-07-14,2,2,0,7003,65
codeforamerica/vita-min,2025-07-21,6,4,0,7009,65
codeforamerica/vita-min,2025-07-28,3,3,0,7012,65
codeforamerica/vita-min,2025-08-04,2,2,0,7014,65
codeforamerica/vita-min,2025-08-11,3,2,0,7017,65
codeforamerica/vita-min,2025-08-18,2,2,0,7019,65
codeforamerica/vita-min,2025-08-25,3,3,0,7022,65
codeforamerica/vita-min,2025-09-08,2,1,0,7024,65
codeforamerica/vita-min,2025-09-15,3,3,0,7027,65
codeforamerica/vita-min,2025-09-22,14,5,0,7041,65
codeforamerica/vita-min,2025-09-29,9,4,0,7050,65
codeforamerica/vita-min,2025-10-13,8,5,0,7058,65
codeforamerica/vita-min,2025-10-20,8,4,0,7066,65
codeforamerica/vita-min,2025-10-27,4,3,0,7070,65
codeforamerica/vita-min,2025-11-03,1,1,0,7071,65
codeforamerica/vita-min,2025-11-10,4,2,0,7075,65
codeforamerica/vita-min,2025-11-17,7,4,0,7082,65
codeforamerica/vita-min,2025-11-24,2,1,0,7084,65
codeforamerica/vita-min,2025-12-01,4,1,0,7088,65
codeforamerica/vita-min,2025-12-08,8,4,0,7096,65
codeforamerica/vita-min,2025-12-15,4,4,0,7100,65
codeforamerica/vita-min,2025-12-22,2,2,0,7102,65
codeforamerica/vita-min,2026-01-05,3,3,0,7105,65
codeforamerica/vita-min,2026-01-12,14,4,0,7119,65
codeforamerica/vita-min,2026-01-19,9,3,0,7128,65
codeforamerica/vita-min,2026-01-26,4,2,0,7132,65
codeforamerica/vita-min,2026-02-02,8,3,0,7140,65
codeforamerica/vita-min,2026-02-09,8,4,0,7148,65
codeforamerica/vita-min,2026-02-16,9,4,0,7157,65
codeforamerica/vita-min,2026-02-23,3,3,0,7160,65
codeforamerica/vita-min,2026-03-02,9,4,0,7169,65
codeforamerica/vita-min,2026-03-09,10,4,0,7179,65
codeforamerica/vita-min,2026-03-16,8,3,0,7187,65
codeforamerica/vita-min,2026-03-23,10,2,0,7197,65
codeforamerica/vita-min,2026-03-30,5,3,1,7202,66
codeforamerica/vita-min,2026-04-06,11,4,0,7213,66
codeforamerica/vita-min,2026-04-13,8,4,0,7221,66
codeforamerica/vita-min,2026-04-20,8,3,0,7229,66
codeforamerica/vita-min,2026-04-27,3,1,0,7232,66
codeforjapan/BirdXplorer,2023-09-18,8,1,1,8,1
codeforjapan/BirdXplorer,2023-09-25,15,1,0,23,1
codeforjapan/BirdXplorer,2023-10-02,4,1,0,27,1
codeforjapan/BirdXplorer,2023-10-09,1,1,0,28,1
codeforjapan/BirdXplorer,2023-10-16,7,2,1,35,2
codeforjapan/BirdXplorer,2023-10-23,6,1,0,41,2
codeforjapan/BirdXplorer,2023-10-30,18,4,2,59,4
codeforjapan/BirdXplorer,2023-11-06,2,2,0,61,4
codeforjapan/BirdXplorer,2023-11-13,17,4,0,78,4
codeforjapan/BirdXplorer,2023-11-20,3,1,0,81,4
codeforjapan/BirdXplorer,2023-12-04,2,1,0,83,4
codeforjapan/BirdXplorer,2023-12-11,2,1,0,85,4
codeforjapan/BirdXplorer,2024-02-19,16,2,0,101,4
codeforjapan/BirdXplorer,2024-02-26,1,1,0,102,4
codeforjapan/BirdXplorer,2024-03-11,1,1,0,103,4
codeforjapan/BirdXplorer,2024-03-18,12,1,0,115,4
codeforjapan/BirdXplorer,2024-04-15,14,3,0,129,4
codeforjapan/BirdXplorer,2024-04-22,2,2,0,131,4
codeforjapan/BirdXplorer,2024-04-29,7,1,0,138,4
codeforjapan/BirdXplorer,2024-05-06,4,2,1,142,5
codeforjapan/BirdXplorer,2024-05-13,15,3,0,157,5
codeforjapan/BirdXplorer,2024-05-20,2,1,0,159,5
codeforjapan/BirdXplorer,2024-05-27,20,2,0,179,5
codeforjapan/BirdXplorer,2024-06-03,1,1,0,180,5
codeforjapan/BirdXplorer,2024-06-10,1,1,0,181,5
codeforjapan/BirdXplorer,2024-06-17,1,1,0,182,5
codeforjapan/BirdXplorer,2024-06-24,11,2,0,193,5
codeforjapan/BirdXplorer,2024-07-08,12,3,0,205,5
codeforjapan/BirdXplorer,2024-07-15,2,1,1,207,6
codeforjapan/BirdXplorer,2024-07-22,2,1,0,209,6
codeforjapan/BirdXplorer,2024-07-29,2,1,0,211,6
codeforjapan/BirdXplorer,2024-08-05,25,2,0,236,6
codeforjapan/BirdXplorer,2024-08-12,53,4,1,289,7
codeforjapan/BirdXplorer,2024-08-19,2,1,0,291,7
codeforjapan/BirdXplorer,2024-09-02,1,1,0,292,7
codeforjapan/BirdXplorer,2024-09-16,2,1,0,294,7
codeforjapan/BirdXplorer,2024-09-23,4,1,0,298,7
codeforjapan/BirdXplorer,2024-09-30,20,2,0,318,7
codeforjapan/BirdXplorer,2024-10-07,28,2,0,346,7
codeforjapan/BirdXplorer,2024-10-14,2,1,0,348,7
codeforjapan/BirdXplorer,2024-10-21,12,2,0,360,7
codeforjapan/BirdXplorer,2024-10-28,26,2,0,386,7
codeforjapan/BirdXplorer,2024-12-23,3,1,0,389,7
codeforjapan/BirdXplorer,2025-01-13,6,2,0,395,7
codeforjapan/BirdXplorer,2025-01-20,3,1,0,398,7
codeforjapan/BirdXplorer,2025-01-27,3,1,0,401,7
codeforjapan/BirdXplorer,2025-02-03,3,1,0,404,7
codeforjapan/BirdXplorer,2025-02-17,3,1,0,407,7
codeforjapan/BirdXplorer,2025-03-03,1,1,0,408,7
codeforjapan/BirdXplorer,2025-04-28,9,2,1,417,8
codeforjapan/BirdXplorer,2025-05-12,2,1,0,419,8
codeforjapan/BirdXplorer,2025-05-19,10,1,0,429,8
codeforjapan/BirdXplorer,2025-06-02,13,1,0,442,8
codeforjapan/BirdXplorer,2025-06-09,2,1,0,444,8
codeforjapan/BirdXplorer,2025-06-30,8,1,0,452,8
codeforjapan/BirdXplorer,2025-07-28,3,2,0,455,8
codeforjapan/BirdXplorer,2025-08-18,2,1,0,457,8
codeforjapan/BirdXplorer,2025-08-25,5,1,0,462,8
codeforjapan/BirdXplorer,2025-09-01,7,1,0,469,8
codeforjapan/BirdXplorer,2025-09-08,2,1,0,471,8
codeforjapan/BirdXplorer,2025-09-22,1,1,0,472,8
codeforjapan/BirdXplorer,2025-09-29,10,1,0,482,8
codeforjapan/BirdXplorer,2025-10-06,3,1,0,485,8
codeforjapan/BirdXplorer,2025-10-13,2,1,0,487,8
codeforjapan/BirdXplorer,2025-10-20,16,3,0,503,8
codeforjapan/BirdXplorer,2025-10-27,15,3,0,518,8
codeforjapan/BirdXplorer,2025-11-03,11,1,0,529,8
codeforjapan/BirdXplorer,2025-11-10,1,1,0,530,8
codeforjapan/BirdXplorer,2025-11-17,1,1,0,531,8
codeforjapan/BirdXplorer,2025-12-01,4,1,0,535,8
codeforjapan/BirdXplorer,2025-12-08,9,1,0,544,8
codeforjapan/BirdXplorer,2025-12-15,11,2,0,555,8
codeforjapan/BirdXplorer,2026-01-12,15,1,0,570,8
codeforjapan/BirdXplorer,2026-01-19,8,3,1,578,9
codeforjapan/BirdXplorer,2026-01-26,22,2,0,600,9
codeforjapan/BirdXplorer,2026-02-02,8,2,0,608,9
codeforjapan/BirdXplorer,2026-02-09,5,1,0,613,9
codeforjapan/BirdXplorer,2026-02-16,51,2,0,664,9
codeforjapan/BirdXplorer,2026-02-23,4,1,0,668,9
codeforjapan/BirdXplorer,2026-03-02,5,1,0,673,9
codeforjapan/BirdXplorer,2026-03-09,9,2,0,682,9
codeforjapan/BirdXplorer,2026-03-23,2,1,0,684,9
codeforjapan/BirdXplorer,2026-03-30,9,1,0,693,9
codeforjapan/BirdXplorer,2026-04-06,16,1,0,709,9
codeforjapan/BirdXplorer,2026-04-13,2,1,0,711,9
fvialibre/edia,2022-10-24,3,1,1,3,1
fvialibre/edia,2022-10-31,2,1,0,5,1
fvialibre/edia,2022-11-07,2,1,0,7,1
fvialibre/edia,2022-11-14,3,1,0,10,1
fvialibre/edia,2022-11-21,3,1,0,13,1
fvialibre/edia,2022-12-05,3,1,0,16,1
fvialibre/edia,2022-12-12,7,1,0,23,1
fvialibre/edia,2022-12-19,11,3,2,34,3
fvialibre/edia,2022-12-26,5,2,0,39,3
fvialibre/edia,2023-01-09,4,3,1,43,4
fvialibre/edia,2023-01-16,5,2,0,48,4
fvialibre/edia,2023-01-23,15,2,0,63,4
fvialibre/edia,2023-02-06,7,2,0,70,4
fvialibre/edia,2023-02-13,3,2,0,73,4
fvialibre/edia,2023-03-20,1,1,0,74,4
fvialibre/edia,2023-03-27,2,1,0,76,4
fvialibre/edia,2023-04-03,3,1,0,79,4
fvialibre/edia,2023-09-04,2,1,0,81,4
fvialibre/heseia-sentence-bias-dataset,2025-05-19,1,1,1,1,1
fvialibre/heseia-sentence-bias-dataset,2025-07-28,6,1,0,7,1
fvialibre/heseia-sentence-bias-dataset,2025-09-08,2,1,0,9,1
iiab/iiab,2017-05-22,8,2,2,8,2
iiab/iiab,2017-05-29,33,2,1,41,3
iiab/iiab,2017-06-05,16,3,0,57,3
iiab/iiab,2017-06-12,13,3,0,70,3
iiab/iiab,2017-06-19,19,3,1,89,4
iiab/iiab,2017-06-26,6,2,0,95,4
iiab/iiab,2017-07-03,25,3,0,120,4
iiab/iiab,2017-07-10,15,2,0,135,4
iiab/iiab,2017-07-17,17,3,0,152,4
iiab/iiab,2017-08-07,1,1,0,153,4
iiab/iiab,2017-08-14,1,1,0,154,4
iiab/iiab,2017-08-21,6,2,0,160,4
iiab/iiab,2017-08-28,16,4,0,176,4
iiab/iiab,2017-09-04,11,2,0,187,4
iiab/iiab,2017-09-11,24,3,0,211,4
iiab/iiab,2017-09-18,72,4,0,283,4
iiab/iiab,2017-09-25,73,5,1,356,5
iiab/iiab,2017-10-02,25,4,0,381,5
iiab/iiab,2017-10-09,48,4,0,429,5
iiab/iiab,2017-10-16,56,4,0,485,5
iiab/iiab,2017-10-23,221,4,0,706,5
iiab/iiab,2017-10-30,45,2,0,751,5
iiab/iiab,2017-11-06,196,3,1,947,6
iiab/iiab,2017-11-13,128,2,0,1075,6
iiab/iiab,2017-11-20,161,3,0,1236,6
iiab/iiab,2017-11-27,54,3,0,1290,6
iiab/iiab,2017-12-04,118,3,0,1408,6
iiab/iiab,2017-12-11,32,1,0,1440,6
iiab/iiab,2017-12-18,8,1,0,1448,6
iiab/iiab,2017-12-25,52,2,0,1500,6
iiab/iiab,2018-01-01,16,1,0,1516,6
iiab/iiab,2018-01-08,37,1,0,1553,6
iiab/iiab,2018-01-22,1,1,0,1554,6
iiab/iiab,2018-02-05,28,2,0,1582,6
iiab/iiab,2018-02-12,70,2,0,1652,6
iiab/iiab,2018-02-19,5,2,0,1657,6
iiab/iiab,2018-02-26,7,2,0,1664,6
iiab/iiab,2018-03-12,3,2,0,1667,6
iiab/iiab,2018-03-19,36,2,0,1703,6
iiab/iiab,2018-03-26,31,3,0,1734,6
iiab/iiab,2018-04-02,89,4,1,1823,7
iiab/iiab,2018-04-09,5,1,0,1828,7
iiab/iiab,2018-04-16,9,1,0,1837,7
iiab/iiab,2018-04-23,38,3,0,1875,7
iiab/iiab,2018-04-30,48,2,0,1923,7
iiab/iiab,2018-05-07,73,3,0,1996,7
iiab/iiab,2018-05-14,51,4,0,2047,7
iiab/iiab,2018-05-21,27,3,0,2074,7
iiab/iiab,2018-05-28,5,1,0,2079,7
iiab/iiab,2018-06-04,10,1,0,2089,7
iiab/iiab,2018-06-11,14,1,0,2103,7
iiab/iiab,2018-06-18,46,3,0,2149,7
iiab/iiab,2018-06-25,19,2,1,2168,8
iiab/iiab,2018-07-02,35,3,0,2203,8
iiab/iiab,2018-07-09,137,2,0,2340,8
iiab/iiab,2018-07-16,201,3,0,2541,8
iiab/iiab,2018-07-23,64,3,0,2605,8
iiab/iiab,2018-07-30,1,1,0,2606,8
iiab/iiab,2018-08-06,32,3,0,2638,8
iiab/iiab,2018-08-13,161,3,0,2799,8
iiab/iiab,2018-08-20,125,4,0,2924,8
iiab/iiab,2018-08-27,236,4,0,3160,8
iiab/iiab,2018-09-03,125,4,1,3285,9
iiab/iiab,2018-09-10,48,2,0,3333,9
iiab/iiab,2018-09-17,97,3,0,3430,9
iiab/iiab,2018-09-24,54,2,0,3484,9
iiab/iiab,2018-10-01,27,2,0,3511,9
iiab/iiab,2018-10-08,113,4,1,3624,10
iiab/iiab,2018-10-15,129,5,1,3753,11
iiab/iiab,2018-10-22,86,1,0,3839,11
iiab/iiab,2018-10-29,246,4,2,4085,13
iiab/iiab,2018-11-05,14,2,0,4099,13
iiab/iiab,2018-11-12,17,4,1,4116,14
iiab/iiab,2018-11-19,4,3,0,4120,14
iiab/iiab,2018-11-26,20,4,0,4140,14
iiab/iiab,2018-12-03,26,3,0,4166,14
iiab/iiab,2018-12-10,43,2,0,4209,14
iiab/iiab,2018-12-17,1,1,0,4210,14
iiab/iiab,2018-12-24,10,3,0,4220,14
iiab/iiab,2018-12-31,64,3,0,4284,14
iiab/iiab,2019-01-07,79,3,0,4363,14
iiab/iiab,2019-01-14,103,5,0,4466,14
iiab/iiab,2019-01-21,4,1,0,4470,14
iiab/iiab,2019-01-28,132,2,0,4602,14
iiab/iiab,2019-02-04,211,3,0,4813,14
iiab/iiab,2019-02-11,89,5,1,4902,15
iiab/iiab,2019-02-18,14,2,0,4916,15
iiab/iiab,2019-02-25,38,3,0,4954,15
iiab/iiab,2019-03-04,104,2,0,5058,15
iiab/iiab,2019-03-11,23,3,0,5081,15
iiab/iiab,2019-03-18,16,2,0,5097,15
iiab/iiab,2019-03-25,15,3,0,5112,15
iiab/iiab,2019-04-01,25,3,0,5137,15
iiab/iiab,2019-04-08,44,2,0,5181,15
iiab/iiab,2019-04-15,19,2,0,5200,15
iiab/iiab,2019-04-22,42,4,1,5242,16
iiab/iiab,2019-04-29,35,3,0,5277,16
iiab/iiab,2019-05-06,98,4,0,5375,16
iiab/iiab,2019-05-13,67,3,0,5442,16
iiab/iiab,2019-05-20,84,2,0,5526,16
iiab/iiab,2019-05-27,30,2,0,5556,16
iiab/iiab,2019-06-03,12,3,0,5568,16
iiab/iiab,2019-06-10,16,4,0,5584,16
iiab/iiab,2019-06-17,106,5,0,5690,16
iiab/iiab,2019-06-24,25,3,0,5715,16
iiab/iiab,2019-07-01,89,2,0,5804,16
iiab/iiab,2019-07-08,77,3,0,5881,16
iiab/iiab,2019-07-15,45,5,0,5926,16
iiab/iiab,2019-07-22,11,1,0,5937,16
iiab/iiab,2019-07-29,16,2,0,5953,16
iiab/iiab,2019-08-05,18,2,0,5971,16
iiab/iiab,2019-08-12,47,2,0,6018,16
iiab/iiab,2019-08-19,5,2,0,6023,16
iiab/iiab,2019-09-02,158,3,0,6181,16
iiab/iiab,2019-09-09,6,1,0,6187,16
iiab/iiab,2019-09-16,5,1,0,6192,16
iiab/iiab,2019-09-23,55,1,0,6247,16
iiab/iiab,2019-09-30,37,2,0,6284,16
iiab/iiab,2019-10-07,81,3,0,6365,16
iiab/iiab,2019-10-14,43,2,0,6408,16
iiab/iiab,2019-10-21,7,2,0,6415,16
iiab/iiab,2019-10-28,65,3,1,6480,17
iiab/iiab,2019-11-04,11,1,0,6491,17
iiab/iiab,2019-11-11,14,1,0,6505,17
iiab/iiab,2019-11-18,21,2,0,6526,17
iiab/iiab,2019-11-25,132,4,0,6658,17
iiab/iiab,2019-12-02,6,3,0,6664,17
iiab/iiab,2019-12-09,37,4,0,6701,17
iiab/iiab,2019-12-16,100,3,0,6801,17
iiab/iiab,2019-12-23,16,3,0,6817,17
iiab/iiab,2019-12-30,139,4,0,6956,17
iiab/iiab,2020-01-06,171,5,0,7127,17
iiab/iiab,2020-01-13,130,1,0,7257,17
iiab/iiab,2020-01-20,178,3,0,7435,17
iiab/iiab,2020-01-27,119,3,0,7554,17
iiab/iiab,2020-02-03,33,4,0,7587,17
iiab/iiab,2020-02-10,73,3,0,7660,17
iiab/iiab,2020-02-17,24,3,0,7684,17
iiab/iiab,2020-02-24,5,2,0,7689,17
iiab/iiab,2020-03-02,29,2,0,7718,17
iiab/iiab,2020-03-09,30,2,0,7748,17
iiab/iiab,2020-03-16,21,3,0,7769,17
iiab/iiab,2020-03-23,18,2,0,7787,17
iiab/iiab,2020-03-30,24,3,0,7811,17
iiab/iiab,2020-04-06,24,3,0,7835,17
iiab/iiab,2020-04-13,32,4,0,7867,17
iiab/iiab,2020-04-20,35,4,1,7902,18
iiab/iiab,2020-04-27,139,4,0,8041,18
iiab/iiab,2020-05-04,93,2,0,8134,18
iiab/iiab,2020-05-11,33,4,1,8167,19
iiab/iiab,2020-05-18,27,2,0,8194,19
iiab/iiab,2020-05-25,8,2,0,8202,19
iiab/iiab,2020-06-01,26,1,0,8228,19
iiab/iiab,2020-06-08,1,1,0,8229,19
iiab/iiab,2020-06-15,13,1,0,8242,19
iiab/iiab,2020-06-22,8,1,0,8250,19
iiab/iiab,2020-06-29,7,1,0,8257,19
iiab/iiab,2020-07-06,18,3,0,8275,19
iiab/iiab,2020-07-13,8,1,0,8283,19
iiab/iiab,2020-07-20,3,1,0,8286,19
iiab/iiab,2020-07-27,13,2,0,8299,19
iiab/iiab,2020-08-03,41,2,0,8340,19
iiab/iiab,2020-08-10,4,1,0,8344,19
iiab/iiab,2020-08-17,41,3,0,8385,19
iiab/iiab,2020-08-24,62,3,0,8447,19
iiab/iiab,2020-08-31,16,2,0,8463,19
iiab/iiab,2020-09-07,46,4,2,8509,21
iiab/iiab,2020-09-14,28,3,0,8537,21
iiab/iiab,2020-09-21,69,2,0,8606,21
iiab/iiab,2020-09-28,38,1,0,8644,21
iiab/iiab,2020-10-05,42,3,0,8686,21
iiab/iiab,2020-10-12,63,1,0,8749,21
iiab/iiab,2020-10-19,30,3,0,8779,21
iiab/iiab,2020-10-26,59,5,1,8838,22
iiab/iiab,2020-11-02,50,4,1,8888,23
iiab/iiab,2020-11-09,16,1,0,8904,23
iiab/iiab,2020-11-16,4,1,0,8908,23
iiab/iiab,2020-11-23,54,4,0,8962,23
iiab/iiab,2020-11-30,6,1,0,8968,23
iiab/iiab,2020-12-07,5,1,0,8973,23
iiab/iiab,2020-12-14,8,1,0,8981,23
iiab/iiab,2020-12-21,3,1,0,8984,23
iiab/iiab,2020-12-28,3,1,0,8987,23
iiab/iiab,2021-01-18,1,1,0,8988,23
iiab/iiab,2021-01-25,15,1,0,9003,23
iiab/iiab,2021-02-01,12,3,0,9015,23
iiab/iiab,2021-02-15,11,1,0,9026,23
iiab/iiab,2021-02-22,33,3,0,9059,23
iiab/iiab,2021-03-01,24,1,0,9083,23
iiab/iiab,2021-03-08,29,3,0,9112,23
iiab/iiab,2021-03-15,28,2,0,9140,23
iiab/iiab,2021-03-22,15,2,0,9155,23
iiab/iiab,2021-03-29,14,1,0,9169,23
iiab/iiab,2021-04-05,12,1,0,9181,23
iiab/iiab,2021-04-12,82,4,0,9263,23
iiab/iiab,2021-04-19,14,2,0,9277,23
iiab/iiab,2021-04-26,59,5,1,9336,24
iiab/iiab,2021-05-03,21,2,0,9357,24
iiab/iiab,2021-05-10,32,3,0,9389,24
iiab/iiab,2021-05-17,87,3,0,9476,24
iiab/iiab,2021-05-24,45,2,0,9521,24
iiab/iiab,2021-05-31,8,1,0,9529,24
iiab/iiab,2021-06-07,2,1,0,9531,24
iiab/iiab,2021-06-14,30,1,0,9561,24
iiab/iiab,2021-06-21,45,1,0,9606,24
iiab/iiab,2021-06-28,53,3,1,9659,25
iiab/iiab,2021-07-05,55,2,0,9714,25
iiab/iiab,2021-07-12,28,2,1,9742,26
iiab/iiab,2021-07-19,23,2,0,9765,26
iiab/iiab,2021-07-26,179,2,0,9944,26
iiab/iiab,2021-08-02,160,3,0,10104,26
iiab/iiab,2021-08-09,138,3,0,10242,26
iiab/iiab,2021-08-16,68,3,0,10310,26
iiab/iiab,2021-08-23,42,3,0,10352,26
iiab/iiab,2021-08-30,33,2,0,10385,26
iiab/iiab,2021-09-06,8,1,0,10393,26
iiab/iiab,2021-09-13,4,1,0,10397,26
iiab/iiab,2021-09-27,19,3,0,10416,26
iiab/iiab,2021-10-04,3,2,0,10419,26
iiab/iiab,2021-10-11,2,1,0,10421,26
iiab/iiab,2021-10-18,6,2,0,10427,26
iiab/iiab,2021-10-25,49,3,0,10476,26
iiab/iiab,2021-11-01,17,1,0,10493,26
iiab/iiab,2021-11-08,29,3,1,10522,27
iiab/iiab,2021-11-15,10,1,0,10532,27
iiab/iiab,2021-11-22,23,3,0,10555,27
iiab/iiab,2021-11-29,14,1,0,10569,27
iiab/iiab,2021-12-06,7,1,0,10576,27
iiab/iiab,2021-12-13,11,2,0,10587,27
iiab/iiab,2021-12-20,42,2,0,10629,27
iiab/iiab,2021-12-27,16,1,0,10645,27
iiab/iiab,2022-01-03,17,2,1,10662,28
iiab/iiab,2022-01-10,16,1,0,10678,28
iiab/iiab,2022-01-17,5,1,0,10683,28
iiab/iiab,2022-01-24,2,1,0,10685,28
iiab/iiab,2022-01-31,11,2,0,10696,28
iiab/iiab,2022-02-07,3,2,0,10699,28
iiab/iiab,2022-02-14,7,2,0,10706,28
iiab/iiab,2022-02-28,5,2,0,10711,28
iiab/iiab,2022-03-07,13,1,0,10724,28
iiab/iiab,2022-03-14,34,2,0,10758,28
iiab/iiab,2022-03-21,11,3,0,10769,28
iiab/iiab,2022-03-28,53,3,0,10822,28
iiab/iiab,2022-04-04,51,2,0,10873,28
iiab/iiab,2022-04-11,6,1,0,10879,28
iiab/iiab,2022-04-18,27,1,0,10906,28
iiab/iiab,2022-04-25,43,5,2,10949,30
iiab/iiab,2022-05-02,26,2,0,10975,30
iiab/iiab,2022-05-09,9,2,0,10984,30
iiab/iiab,2022-05-16,32,3,0,11016,30
iiab/iiab,2022-05-23,27,2,0,11043,30
iiab/iiab,2022-05-30,5,3,0,11048,30
iiab/iiab,2022-06-06,33,2,0,11081,30
iiab/iiab,2022-06-13,25,4,0,11106,30
iiab/iiab,2022-06-20,24,2,0,11130,30
iiab/iiab,2022-06-27,56,4,1,11186,31
iiab/iiab,2022-07-04,36,3,0,11222,31
iiab/iiab,2022-07-11,45,4,1,11267,32
iiab/iiab,2022-07-18,64,4,1,11331,33
iiab/iiab,2022-07-25,14,3,0,11345,33
iiab/iiab,2022-08-01,23,1,0,11368,33
iiab/iiab,2022-08-08,16,3,0,11384,33
iiab/iiab,2022-08-15,6,1,0,11390,33
iiab/iiab,2022-08-22,7,2,0,11397,33
iiab/iiab,2022-08-29,37,3,0,11434,33
iiab/iiab,2022-09-05,20,2,0,11454,33
iiab/iiab,2022-09-12,4,1,0,11458,33
iiab/iiab,2022-09-19,30,3,0,11488,33
iiab/iiab,2022-09-26,25,1,0,11513,33
iiab/iiab,2022-10-03,36,2,0,11549,33
iiab/iiab,2022-10-10,11,1,0,11560,33
iiab/iiab,2022-10-17,16,1,0,11576,33
iiab/iiab,2022-10-24,10,1,0,11586,33
iiab/iiab,2022-10-31,4,1,0,11590,33
iiab/iiab,2022-11-07,17,1,0,11607,33
iiab/iiab,2022-11-14,7,2,0,11614,33
iiab/iiab,2022-11-21,6,1,0,11620,33
iiab/iiab,2022-11-28,3,1,0,11623,33
iiab/iiab,2022-12-05,2,1,0,11625,33
iiab/iiab,2022-12-19,33,2,0,11658,33
iiab/iiab,2022-12-26,38,2,0,11696,33
iiab/iiab,2023-01-02,12,3,0,11708,33
iiab/iiab,2023-01-09,17,1,0,11725,33
iiab/iiab,2023-01-16,11,1,0,11736,33
iiab/iiab,2023-01-23,2,1,0,11738,33
iiab/iiab,2023-01-30,3,1,0,11741,33
iiab/iiab,2023-02-06,14,1,0,11755,33
iiab/iiab,2023-02-13,3,1,0,11758,33
iiab/iiab,2023-02-20,12,1,0,11770,33
iiab/iiab,2023-02-27,5,1,0,11775,33
iiab/iiab,2023-03-06,4,1,0,11779,33
iiab/iiab,2023-03-13,22,2,0,11801,33
iiab/iiab,2023-03-20,20,2,0,11821,33
iiab/iiab,2023-03-27,44,2,0,11865,33
iiab/iiab,2023-04-03,27,3,0,11892,33
iiab/iiab,2023-04-10,41,3,1,11933,34
iiab/iiab,2023-04-17,32,2,0,11965,34
iiab/iiab,2023-04-24,46,3,0,12011,34
iiab/iiab,2023-05-01,12,1,0,12023,34
iiab/iiab,2023-05-08,6,1,0,12029,34
iiab/iiab,2023-05-15,31,2,1,12060,35
iiab/iiab,2023-05-22,13,2,0,12073,35
iiab/iiab,2023-05-29,4,2,0,12077,35
iiab/iiab,2023-06-05,23,2,0,12100,35
iiab/iiab,2023-06-12,20,1,0,12120,35
iiab/iiab,2023-06-19,12,1,0,12132,35
iiab/iiab,2023-06-26,4,1,0,12136,35
iiab/iiab,2023-07-10,16,1,0,12152,35
iiab/iiab,2023-07-17,5,1,0,12157,35
iiab/iiab,2023-07-24,10,1,0,12167,35
iiab/iiab,2023-07-31,15,1,0,12182,35
iiab/iiab,2023-08-07,13,1,0,12195,35
iiab/iiab,2023-08-14,7,1,0,12202,35
iiab/iiab,2023-08-21,8,1,0,12210,35
iiab/iiab,2023-08-28,8,1,0,12218,35
iiab/iiab,2023-09-04,21,1,0,12239,35
iiab/iiab,2023-09-11,13,1,0,12252,35
iiab/iiab,2023-09-18,5,1,0,12257,35
iiab/iiab,2023-09-25,13,1,0,12270,35
iiab/iiab,2023-10-02,9,1,0,12279,35
iiab/iiab,2023-10-09,18,2,0,12297,35
iiab/iiab,2023-10-16,1,1,0,12298,35
iiab/iiab,2023-10-23,3,1,0,12301,35
iiab/iiab,2023-10-30,13,1,0,12314,35
iiab/iiab,2023-11-06,7,1,0,12321,35
iiab/iiab,2023-11-13,16,1,0,12337,35
iiab/iiab,2023-11-20,7,1,0,12344,35
iiab/iiab,2023-11-27,4,1,0,12348,35
iiab/iiab,2023-12-04,14,1,0,12362,35
iiab/iiab,2023-12-11,16,1,0,12378,35
iiab/iiab,2023-12-18,15,1,0,12393,35
iiab/iiab,2023-12-25,3,1,0,12396,35
iiab/iiab,2024-01-01,17,1,0,12413,35
iiab/iiab,2024-01-08,11,1,0,12424,35
iiab/iiab,2024-01-15,10,2,0,12434,35
iiab/iiab,2024-01-29,2,1,0,12436,35
iiab/iiab,2024-02-05,2,1,0,12438,35
iiab/iiab,2024-02-19,8,1,0,12446,35
iiab/iiab,2024-02-26,9,1,0,12455,35
iiab/iiab,2024-03-04,16,2,0,12471,35
iiab/iiab,2024-03-11,3,1,0,12474,35
iiab/iiab,2024-03-25,5,1,0,12479,35
iiab/iiab,2024-04-08,5,1,0,12484,35
iiab/iiab,2024-04-15,3,1,0,12487,35
iiab/iiab,2024-04-22,2,1,0,12489,35
iiab/iiab,2024-04-29,12,1,0,12501,35
iiab/iiab,2024-05-13,4,1,0,12505,35
iiab/iiab,2024-05-20,4,1,0,12509,35
iiab/iiab,2024-05-27,3,1,0,12512,35
iiab/iiab,2024-06-03,7,1,0,12519,35
iiab/iiab,2024-06-10,5,1,0,12524,35
iiab/iiab,2024-06-17,2,1,0,12526,35
iiab/iiab,2024-06-24,12,1,0,12538,35
iiab/iiab,2024-07-01,2,1,0,12540,35
iiab/iiab,2024-07-08,8,1,0,12548,35
iiab/iiab,2024-07-15,37,1,0,12585,35
iiab/iiab,2024-07-22,7,1,0,12592,35
iiab/iiab,2024-07-29,7,1,0,12599,35
iiab/iiab,2024-08-05,16,1,0,12615,35
iiab/iiab,2024-08-12,3,1,0,12618,35
iiab/iiab,2024-08-19,2,1,0,12620,35
iiab/iiab,2024-09-09,6,1,0,12626,35
iiab/iiab,2024-09-16,9,1,0,12635,35
iiab/iiab,2024-09-23,8,1,0,12643,35
iiab/iiab,2024-09-30,17,2,0,12660,35
iiab/iiab,2024-10-07,10,1,0,12670,35
iiab/iiab,2024-10-14,6,1,0,12676,35
iiab/iiab,2024-10-21,4,2,0,12680,35
iiab/iiab,2024-10-28,2,1,0,12682,35
iiab/iiab,2024-11-04,12,1,0,12694,35
iiab/iiab,2024-11-11,2,1,0,12696,35
iiab/iiab,2024-11-18,4,1,0,12700,35
iiab/iiab,2024-12-02,4,2,0,12704,35
iiab/iiab,2024-12-09,9,1,0,12713,35
iiab/iiab,2024-12-16,25,4,0,12738,35
iiab/iiab,2024-12-23,2,2,1,12740,36
iiab/iiab,2024-12-30,5,2,0,12745,36
iiab/iiab,2025-01-06,9,2,0,12754,36
iiab/iiab,2025-01-13,36,4,0,12790,36
iiab/iiab,2025-01-20,50,3,0,12840,36
iiab/iiab,2025-01-27,53,4,0,12893,36
iiab/iiab,2025-02-03,1,1,0,12894,36
iiab/iiab,2025-02-10,24,3,0,12918,36
iiab/iiab,2025-02-17,6,1,0,12924,36
iiab/iiab,2025-02-24,8,1,0,12932,36
iiab/iiab,2025-03-03,2,2,2,12934,38
iiab/iiab,2025-03-10,15,2,0,12949,38
iiab/iiab,2025-03-17,15,4,0,12964,38
iiab/iiab,2025-03-24,33,2,0,12997,38
iiab/iiab,2025-03-31,22,2,0,13019,38
iiab/iiab,2025-04-07,19,2,0,13038,38
iiab/iiab,2025-04-14,7,1,0,13045,38
iiab/iiab,2025-04-21,12,2,0,13057,38
iiab/iiab,2025-04-28,12,2,0,13069,38
iiab/iiab,2025-05-05,10,2,0,13079,38
iiab/iiab,2025-05-12,10,3,1,13089,39
iiab/iiab,2025-05-19,5,1,0,13094,39
iiab/iiab,2025-05-26,4,1,0,13098,39
iiab/iiab,2025-06-09,2,1,0,13100,39
iiab/iiab,2025-06-23,8,2,0,13108,39
iiab/iiab,2025-06-30,32,4,0,13140,39
iiab/iiab,2025-07-07,3,2,0,13143,39
iiab/iiab,2025-07-14,15,2,0,13158,39
iiab/iiab,2025-07-21,2,1,0,13160,39
iiab/iiab,2025-08-11,2,1,0,13162,39
iiab/iiab,2025-08-18,8,4,1,13170,40
iiab/iiab,2025-08-25,40,5,0,13210,40
iiab/iiab,2025-09-01,7,2,0,13217,40
iiab/iiab,2025-09-08,12,2,0,13229,40
iiab/iiab,2025-09-15,6,1,0,13235,40
iiab/iiab,2025-09-22,12,2,0,13247,40
iiab/iiab,2025-09-29,34,3,1,13281,41
iiab/iiab,2025-10-06,16,2,0,13297,41
iiab/iiab,2025-10-13,4,1,1,13301,42
iiab/iiab,2025-10-20,42,4,0,13343,42
iiab/iiab,2025-10-27,35,4,0,13378,42
iiab/iiab,2025-11-03,23,3,0,13401,42
iiab/iiab,2025-11-10,58,4,0,13459,42
iiab/iiab,2025-11-17,27,4,0,13486,42
iiab/iiab,2025-11-24,44,3,0,13530,42
iiab/iiab,2025-12-01,23,2,0,13553,42
iiab/iiab,2025-12-08,64,3,0,13617,42
iiab/iiab,2025-12-15,74,4,0,13691,42
iiab/iiab,2025-12-22,27,3,0,13718,42
iiab/iiab,2025-12-29,54,4,0,13772,42
iiab/iiab,2026-01-05,56,4,0,13828,42
iiab/iiab,2026-01-12,105,4,0,13933,42
iiab/iiab,2026-01-19,43,5,0,13976,42
iiab/iiab,2026-01-26,17,3,0,13993,42
iiab/iiab,2026-02-02,26,5,0,14019,42
iiab/iiab,2026-02-09,84,4,0,14103,42
iiab/iiab,2026-02-16,12,4,0,14115,42
iiab/iiab,2026-02-23,71,5,0,14186,42
iiab/iiab,2026-03-02,51,6,0,14237,42
iiab/iiab,2026-03-09,97,6,0,14334,42
iiab/iiab,2026-03-16,57,5,0,14391,42
iiab/iiab,2026-03-23,38,3,0,14429,42
iiab/iiab,2026-03-30,7,2,0,14436,42
iiab/iiab,2026-04-06,56,4,0,14492,42
iiab/iiab,2026-04-13,95,5,0,14587,42
iiab/iiab,2026-04-20,16,4,0,14603,42
iiab/iiab,2026-04-27,10,2,0,14613,42
iiab/iiab,2026-05-04,5,2,0,14618,42
luftdata/luftdata.se,2018-01-29,14,1,1,14,1
luftdata/luftdata.se,2018-02-05,33,4,3,47,4
luftdata/luftdata.se,2018-02-12,9,3,0,56,4
luftdata/luftdata.se,2018-02-19,27,2,0,83,4
luftdata/luftdata.se,2018-02-26,4,1,0,87,4
luftdata/luftdata.se,2018-03-05,22,2,0,109,4
luftdata/luftdata.se,2018-03-12,3,2,0,112,4
luftdata/luftdata.se,2018-03-19,8,2,0,120,4
luftdata/luftdata.se,2018-04-02,4,2,0,124,4
luftdata/luftdata.se,2018-04-09,3,1,0,127,4
luftdata/luftdata.se,2018-04-30,1,1,0,128,4
luftdata/luftdata.se,2018-05-28,1,1,0,129,4
luftdata/luftdata.se,2018-08-27,2,1,0,131,4
luftdata/luftdata.se,2018-09-10,2,1,0,133,4
luftdata/luftdata.se,2018-10-08,1,1,0,134,4
luftdata/luftdata.se,2018-10-15,1,1,0,135,4
luftdata/luftdata.se,2018-10-29,2,1,0,137,4
luftdata/luftdata.se,2018-11-19,1,1,0,138,4
luftdata/luftdata.se,2018-12-03,4,1,0,142,4
luftdata/luftdata.se,2018-12-10,1,1,0,143,4
luftdata/luftdata.se,2019-01-07,3,1,0,146,4
luftdata/luftdata.se,2019-04-15,2,1,0,148,4
luftdata/luftdata.se,2019-05-06,1,1,0,149,4
luftdata/luftdata.se,2019-05-20,5,1,0,154,4
luftdata/luftdata.se,2019-06-10,2,1,0,156,4
luftdata/luftdata.se,2019-06-17,1,1,0,157,4
luftdata/luftdata.se,2019-08-26,2,1,0,159,4
luftdata/luftdata.se,2020-01-06,9,2,0,168,4
luftdata/luftdata.se,2020-02-17,4,1,0,172,4
luftdata/luftdata.se,2020-04-20,5,1,0,177,4
luftdata/luftdata.se,2020-06-15,1,1,0,178,4
luftdata/luftdata.se,2020-11-30,1,1,0,179,4
luftdata/luftdata.se,2020-12-14,1,1,0,180,4
luftdata/luftdata.se,2021-01-25,4,1,0,184,4
luftdata/luftdata.se,2021-03-08,3,1,0,187,4
luftdata/luftdata.se,2021-04-19,1,1,0,188,4
luftdata/luftdata.se,2022-03-07,1,1,0,189,4
luftdata/luftdata.se,2022-03-14,1,1,0,190,4
luftdata/luftdata.se,2022-04-25,1,1,0,191,4
luftdata/luftdata.se,2022-05-09,1,1,0,192,4
luftdata/luftdata.se,2023-09-25,1,1,0,193,4
luftdata/luftdata.se,2023-10-02,1,1,0,194,4
luftdata/luftdata.se,2023-10-16,2,1,0,196,4
luftdata/luftdata.se,2023-10-23,1,1,0,197,4
luftdata/luftdata.se,2024-04-22,1,1,0,198,4
luftdata/luftdata.se,2024-07-29,4,1,0,202,4
luftdata/luftdata.se,2024-09-02,1,1,0,203,4
luftdata/luftdata.se,2025-04-07,3,1,0,206,4
markov-root/atlas,2026-01-05,3,1,1,3,1
markov-root/atlas,2026-01-26,7,1,0,10,1
markov-root/atlas,2026-02-02,20,2,1,30,2
markov-root/atlas,2026-02-09,2,1,0,32,2
markov-root/atlas,2026-02-16,2,1,0,34,2
markov-root/atlas,2026-02-23,6,1,0,40,2
markov-root/atlas,2026-03-02,1,1,0,41,2
markov-root/atlas,2026-03-23,7,2,1,48,3
mastodon/mastodon,2016-02-15,1,1,1,1,1
mastodon/mastodon,2016-02-22,29,1,0,30,1
mastodon/mastodon,2016-02-29,10,1,0,40,1
mastodon/mastodon,2016-03-07,11,1,0,51,1
mastodon/mastodon,2016-03-14,40,1,0,91,1
mastodon/mastodon,2016-03-21,42,1,0,133,1
mastodon/mastodon,2016-08-15,7,1,0,140,1
mastodon/mastodon,2016-08-22,8,1,0,148,1
mastodon/mastodon,2016-08-29,22,1,0,170,1
mastodon/mastodon,2016-09-05,33,1,0,203,1
mastodon/mastodon,2016-09-12,25,1,0,228,1
mastodon/mastodon,2016-09-19,38,1,0,266,1
mastodon/mastodon,2016-09-26,29,1,0,295,1
mastodon/mastodon,2016-10-03,48,3,2,343,3
mastodon/mastodon,2016-10-10,74,2,1,417,4
mastodon/mastodon,2016-10-17,30,2,0,447,4
mastodon/mastodon,2016-10-24,18,1,0,465,4
mastodon/mastodon,2016-10-31,50,3,2,515,6
mastodon/mastodon,2016-11-07,48,1,0,563,6
mastodon/mastodon,2016-11-14,47,5,4,610,10
mastodon/mastodon,2016-11-21,107,6,5,717,15
mastodon/mastodon,2016-11-28,67,5,2,784,17
mastodon/mastodon,2016-12-05,31,3,1,815,18
mastodon/mastodon,2016-12-12,15,2,0,830,18
mastodon/mastodon,2016-12-19,31,3,2,861,20
mastodon/mastodon,2016-12-26,19,1,0,880,20
mastodon/mastodon,2017-01-02,93,10,8,973,28
mastodon/mastodon,2017-01-09,53,4,0,1026,28
mastodon/mastodon,2017-01-16,55,3,0,1081,28
mastodon/mastodon,2017-01-23,101,12,6,1182,34
mastodon/mastodon,2017-01-30,56,5,2,1238,36
mastodon/mastodon,2017-02-06,56,7,2,1294,38
mastodon/mastodon,2017-02-13,54,7,4,1348,42
mastodon/mastodon,2017-02-20,22,1,0,1370,42
mastodon/mastodon,2017-02-27,46,6,4,1416,46
mastodon/mastodon,2017-03-06,3,1,0,1419,46
mastodon/mastodon,2017-03-13,21,2,0,1440,46
mastodon/mastodon,2017-03-20,42,3,1,1482,47
mastodon/mastodon,2017-03-27,95,17,12,1577,59
mastodon/mastodon,2017-04-03,468,115,104,2045,163
mastodon/mastodon,2017-04-10,267,99,73,2312,236
mastodon/mastodon,2017-04-17,207,83,46,2519,282
mastodon/mastodon,2017-04-24,126,51,23,2645,305
mastodon/mastodon,2017-05-01,142,51,19,2787,324
mastodon/mastodon,2017-05-08,103,35,11,2890,335
mastodon/mastodon,2017-05-15,93,32,7,2983,342
mastodon/mastodon,2017-05-22,109,27,5,3092,347
mastodon/mastodon,2017-05-29,134,24,5,3226,352
mastodon/mastodon,2017-06-05,83,20,5,3309,357
mastodon/mastodon,2017-06-12,42,12,1,3351,358
mastodon/mastodon,2017-06-19,73,23,4,3424,362
mastodon/mastodon,2017-06-26,45,17,2,3469,364
mastodon/mastodon,2017-07-03,58,20,4,3527,368
mastodon/mastodon,2017-07-10,69,16,3,3596,371
mastodon/mastodon,2017-07-17,78,14,2,3674,373
mastodon/mastodon,2017-07-24,107,23,6,3781,379
mastodon/mastodon,2017-07-31,42,19,4,3823,383
mastodon/mastodon,2017-08-07,31,14,4,3854,387
mastodon/mastodon,2017-08-14,36,11,0,3890,387
mastodon/mastodon,2017-08-21,54,16,2,3944,389
mastodon/mastodon,2017-08-28,65,19,2,4009,391
mastodon/mastodon,2017-09-04,61,20,4,4070,395
mastodon/mastodon,2017-09-11,61,23,3,4131,398
mastodon/mastodon,2017-09-18,67,22,6,4198,404
mastodon/mastodon,2017-09-25,50,18,6,4248,410
mastodon/mastodon,2017-10-02,81,20,4,4329,414
mastodon/mastodon,2017-10-09,70,29,5,4399,419
mastodon/mastodon,2017-10-16,47,19,4,4446,423
mastodon/mastodon,2017-10-23,23,15,6,4469,429
mastodon/mastodon,2017-10-30,17,10,3,4486,432
mastodon/mastodon,2017-11-06,35,18,4,4521,436
mastodon/mastodon,2017-11-13,48,19,3,4569,439
mastodon/mastodon,2017-11-20,23,12,2,4592,441
mastodon/mastodon,2017-11-27,31,15,3,4623,444
mastodon/mastodon,2017-12-04,58,18,3,4681,447
mastodon/mastodon,2017-12-11,52,17,1,4733,448
mastodon/mastodon,2017-12-18,12,9,1,4745,449
mastodon/mastodon,2017-12-25,13,10,1,4758,450
mastodon/mastodon,2018-01-01,46,18,4,4804,454
mastodon/mastodon,2018-01-08,13,7,1,4817,455
mastodon/mastodon,2018-01-15,47,19,4,4864,459
mastodon/mastodon,2018-01-22,21,7,0,4885,459
mastodon/mastodon,2018-01-29,28,12,3,4913,462
mastodon/mastodon,2018-02-05,16,7,1,4929,463
mastodon/mastodon,2018-02-12,17,9,3,4946,466
mastodon/mastodon,2018-02-19,27,11,2,4973,468
mastodon/mastodon,2018-02-26,46,18,4,5019,472
mastodon/mastodon,2018-03-05,67,17,3,5086,475
mastodon/mastodon,2018-03-12,38,10,2,5124,477
mastodon/mastodon,2018-03-19,38,11,1,5162,478
mastodon/mastodon,2018-03-26,30,16,5,5192,483
mastodon/mastodon,2018-04-02,30,17,4,5222,487
mastodon/mastodon,2018-04-09,26,14,1,5248,488
mastodon/mastodon,2018-04-16,53,22,8,5301,496
mastodon/mastodon,2018-04-23,24,10,2,5325,498
mastodon/mastodon,2018-04-30,62,11,2,5387,500
mastodon/mastodon,2018-05-07,39,9,0,5426,500
mastodon/mastodon,2018-05-14,54,19,2,5480,502
mastodon/mastodon,2018-05-21,44,14,1,5524,503
mastodon/mastodon,2018-05-28,39,12,2,5563,505
mastodon/mastodon,2018-06-04,47,11,1,5610,506
mastodon/mastodon,2018-06-11,28,10,1,5638,507
mastodon/mastodon,2018-06-18,22,11,0,5660,507
mastodon/mastodon,2018-06-25,14,10,3,5674,510
mastodon/mastodon,2018-07-02,38,9,4,5712,514
mastodon/mastodon,2018-07-09,29,9,1,5741,515
mastodon/mastodon,2018-07-16,12,4,0,5753,515
mastodon/mastodon,2018-07-23,16,7,1,5769,516
mastodon/mastodon,2018-07-30,13,5,1,5782,517
mastodon/mastodon,2018-08-06,21,10,4,5803,521
mastodon/mastodon,2018-08-13,42,12,5,5845,526
mastodon/mastodon,2018-08-20,70,15,6,5915,532
mastodon/mastodon,2018-08-27,48,20,4,5963,536
mastodon/mastodon,2018-09-03,12,9,1,5975,537
mastodon/mastodon,2018-09-10,18,10,4,5993,541
mastodon/mastodon,2018-09-17,19,8,2,6012,543
mastodon/mastodon,2018-09-24,45,16,6,6057,549
mastodon/mastodon,2018-10-01,47,13,3,6104,552
mastodon/mastodon,2018-10-08,39,6,1,6143,553
mastodon/mastodon,2018-10-15,44,13,3,6187,556
mastodon/mastodon,2018-10-22,43,11,1,6230,557
mastodon/mastodon,2018-10-29,36,11,2,6266,559
mastodon/mastodon,2018-11-05,36,10,3,6302,562
mastodon/mastodon,2018-11-12,17,5,0,6319,562
mastodon/mastodon,2018-11-19,18,9,1,6337,563
mastodon/mastodon,2018-11-26,29,10,2,6366,565
mastodon/mastodon,2018-12-03,28,7,1,6394,566
mastodon/mastodon,2018-12-10,37,12,1,6431,567
mastodon/mastodon,2018-12-17,49,11,1,6480,568
mastodon/mastodon,2018-12-24,37,14,1,6517,569
mastodon/mastodon,2018-12-31,45,10,3,6562,572
mastodon/mastodon,2019-01-07,33,11,2,6595,574
mastodon/mastodon,2019-01-14,56,13,1,6651,575
mastodon/mastodon,2019-01-21,15,7,0,6666,575
mastodon/mastodon,2019-01-28,22,13,4,6688,579
mastodon/mastodon,2019-02-04,22,13,2,6710,581
mastodon/mastodon,2019-02-11,44,10,1,6754,582
mastodon/mastodon,2019-02-18,17,8,1,6771,583
mastodon/mastodon,2019-02-25,30,6,1,6801,584
mastodon/mastodon,2019-03-04,54,10,1,6855,585
mastodon/mastodon,2019-03-11,52,10,1,6907,586
mastodon/mastodon,2019-03-18,33,6,2,6940,588
mastodon/mastodon,2019-03-25,50,12,2,6990,590
mastodon/mastodon,2019-04-01,36,16,2,7026,592
mastodon/mastodon,2019-04-08,44,17,2,7070,594
mastodon/mastodon,2019-04-15,22,12,3,7092,597
mastodon/mastodon,2019-04-22,22,7,1,7114,598
mastodon/mastodon,2019-04-29,34,10,1,7148,599
mastodon/mastodon,2019-05-06,24,11,3,7172,602
mastodon/mastodon,2019-05-13,24,13,2,7196,604
mastodon/mastodon,2019-05-20,32,17,4,7228,608
mastodon/mastodon,2019-05-27,56,14,1,7284,609
mastodon/mastodon,2019-06-03,56,12,2,7340,611
mastodon/mastodon,2019-06-10,38,11,2,7378,613
mastodon/mastodon,2019-06-17,38,6,0,7416,613
mastodon/mastodon,2019-06-24,26,5,1,7442,614
mastodon/mastodon,2019-07-01,24,4,1,7466,615
mastodon/mastodon,2019-07-08,27,5,1,7493,616
mastodon/mastodon,2019-07-15,43,7,0,7536,616
mastodon/mastodon,2019-07-22,35,10,1,7571,617
mastodon/mastodon,2019-07-29,29,7,1,7600,618
mastodon/mastodon,2019-08-05,36,5,0,7636,618
mastodon/mastodon,2019-08-12,42,7,2,7678,620
mastodon/mastodon,2019-08-19,33,4,0,7711,620
mastodon/mastodon,2019-08-26,32,7,2,7743,622
mastodon/mastodon,2019-09-02,36,7,1,7779,623
mastodon/mastodon,2019-09-09,45,7,1,7824,624
mastodon/mastodon,2019-09-16,57,11,1,7881,625
mastodon/mastodon,2019-09-23,53,11,1,7934,626
mastodon/mastodon,2019-09-30,59,14,2,7993,628
mastodon/mastodon,2019-10-07,24,2,0,8017,628
mastodon/mastodon,2019-10-21,35,16,3,8052,631
mastodon/mastodon,2019-10-28,14,1,0,8066,631
mastodon/mastodon,2019-11-04,39,11,4,8105,635
mastodon/mastodon,2019-11-11,28,7,2,8133,637
mastodon/mastodon,2019-11-18,26,5,1,8159,638
mastodon/mastodon,2019-11-25,34,8,1,8193,639
mastodon/mastodon,2019-12-02,31,11,0,8224,639
mastodon/mastodon,2019-12-09,21,5,1,8245,640
mastodon/mastodon,2019-12-16,36,13,2,8281,642
mastodon/mastodon,2019-12-23,22,7,2,8303,644
mastodon/mastodon,2019-12-30,40,10,1,8343,645
mastodon/mastodon,2020-01-06,43,11,0,8386,645
mastodon/mastodon,2020-01-13,24,7,1,8410,646
mastodon/mastodon,2020-01-20,60,10,2,8470,648
mastodon/mastodon,2020-01-27,21,8,1,8491,649
mastodon/mastodon,2020-02-03,18,4,1,8509,650
mastodon/mastodon,2020-02-10,16,5,1,8525,651
mastodon/mastodon,2020-02-17,15,2,0,8540,651
mastodon/mastodon,2020-02-24,15,3,0,8555,651
mastodon/mastodon,2020-03-02,31,10,2,8586,653
mastodon/mastodon,2020-03-09,15,5,0,8601,653
mastodon/mastodon,2020-03-16,23,8,1,8624,654
mastodon/mastodon,2020-03-23,22,3,0,8646,654
mastodon/mastodon,2020-03-30,47,8,0,8693,654
mastodon/mastodon,2020-04-06,24,8,2,8717,656
mastodon/mastodon,2020-04-13,28,6,2,8745,658
mastodon/mastodon,2020-04-20,24,6,1,8769,659
mastodon/mastodon,2020-04-27,34,9,1,8803,660
mastodon/mastodon,2020-05-04,80,10,3,8883,663
mastodon/mastodon,2020-05-11,48,7,1,8931,664
mastodon/mastodon,2020-05-18,39,3,0,8970,664
mastodon/mastodon,2020-05-25,33,5,2,9003,666
mastodon/mastodon,2020-06-01,64,8,0,9067,666
mastodon/mastodon,2020-06-08,23,10,2,9090,668
mastodon/mastodon,2020-06-15,38,6,0,9128,668
mastodon/mastodon,2020-06-22,43,10,0,9171,668
mastodon/mastodon,2020-06-29,35,9,1,9206,669
mastodon/mastodon,2020-07-06,55,10,1,9261,670
mastodon/mastodon,2020-07-13,26,12,1,9287,671
mastodon/mastodon,2020-07-20,16,4,0,9303,671
mastodon/mastodon,2020-07-27,63,4,0,9366,671
mastodon/mastodon,2020-08-03,21,4,1,9387,672
mastodon/mastodon,2020-08-10,21,3,0,9408,672
mastodon/mastodon,2020-08-17,18,4,1,9426,673
mastodon/mastodon,2020-08-24,48,10,3,9474,676
mastodon/mastodon,2020-08-31,34,6,1,9508,677
mastodon/mastodon,2020-09-07,34,5,0,9542,677
mastodon/mastodon,2020-09-14,27,5,1,9569,678
mastodon/mastodon,2020-09-21,33,6,1,9602,679
mastodon/mastodon,2020-09-28,28,5,0,9630,679
mastodon/mastodon,2020-10-05,30,6,0,9660,679
mastodon/mastodon,2020-10-12,20,7,1,9680,680
mastodon/mastodon,2020-10-19,23,5,1,9703,681
mastodon/mastodon,2020-10-26,26,6,0,9729,681
mastodon/mastodon,2020-11-02,27,7,2,9756,683
mastodon/mastodon,2020-11-09,35,6,0,9791,683
mastodon/mastodon,2020-11-16,30,5,0,9821,683
mastodon/mastodon,2020-11-23,22,4,0,9843,683
mastodon/mastodon,2020-11-30,11,4,0,9854,683
mastodon/mastodon,2020-12-07,12,5,0,9866,683
mastodon/mastodon,2020-12-14,34,7,0,9900,683
mastodon/mastodon,2020-12-21,22,6,0,9922,683
mastodon/mastodon,2020-12-28,54,4,1,9976,684
mastodon/mastodon,2021-01-04,28,9,3,10004,687
mastodon/mastodon,2021-01-11,9,2,0,10013,687
mastodon/mastodon,2021-01-18,25,5,1,10038,688
mastodon/mastodon,2021-01-25,16,6,2,10054,690
mastodon/mastodon,2021-02-01,8,3,0,10062,690
mastodon/mastodon,2021-02-08,43,10,2,10105,692
mastodon/mastodon,2021-02-15,24,6,1,10129,693
mastodon/mastodon,2021-02-22,22,4,1,10151,694
mastodon/mastodon,2021-03-01,19,3,0,10170,694
mastodon/mastodon,2021-03-08,21,5,0,10191,694
mastodon/mastodon,2021-03-15,30,6,1,10221,695
mastodon/mastodon,2021-03-22,20,6,1,10241,696
mastodon/mastodon,2021-03-29,22,5,0,10263,696
mastodon/mastodon,2021-04-05,14,5,1,10277,697
mastodon/mastodon,2021-04-12,35,4,0,10312,697
mastodon/mastodon,2021-04-19,38,6,0,10350,697
mastodon/mastodon,2021-04-26,19,6,1,10369,698
mastodon/mastodon,2021-05-03,46,8,0,10415,698
mastodon/mastodon,2021-05-10,38,11,1,10453,699
mastodon/mastodon,2021-05-17,28,7,1,10481,700
mastodon/mastodon,2021-05-24,20,5,0,10501,700
mastodon/mastodon,2021-05-31,19,4,0,10520,700
mastodon/mastodon,2021-06-07,13,1,0,10533,700
mastodon/mastodon,2021-06-14,17,2,0,10550,700
mastodon/mastodon,2021-06-21,18,5,1,10568,701
mastodon/mastodon,2021-06-28,14,3,0,10582,701
mastodon/mastodon,2021-07-05,20,7,0,10602,701
mastodon/mastodon,2021-07-12,7,2,0,10609,701
mastodon/mastodon,2021-07-19,11,2,0,10620,701
mastodon/mastodon,2021-07-26,12,1,0,10632,701
mastodon/mastodon,2021-08-02,16,5,0,10648,701
mastodon/mastodon,2021-08-09,8,3,0,10656,701
mastodon/mastodon,2021-08-16,28,4,2,10684,703
mastodon/mastodon,2021-08-23,20,5,3,10704,706
mastodon/mastodon,2021-08-30,9,2,0,10713,706
mastodon/mastodon,2021-09-06,14,3,0,10727,706
mastodon/mastodon,2021-09-13,17,3,0,10744,706
mastodon/mastodon,2021-09-20,4,3,0,10748,706
mastodon/mastodon,2021-09-27,24,4,0,10772,706
mastodon/mastodon,2021-10-04,11,2,0,10783,706
mastodon/mastodon,2021-10-11,40,11,1,10823,707
mastodon/mastodon,2021-10-18,21,6,0,10844,707
mastodon/mastodon,2021-10-25,15,6,0,10859,707
mastodon/mastodon,2021-11-01,19,5,0,10878,707
mastodon/mastodon,2021-11-08,15,4,0,10893,707
mastodon/mastodon,2021-11-15,21,6,0,10914,707
mastodon/mastodon,2021-11-22,23,9,0,10937,707
mastodon/mastodon,2021-11-29,17,5,2,10954,709
mastodon/mastodon,2021-12-06,2,2,0,10956,709
mastodon/mastodon,2021-12-13,8,4,0,10964,709
mastodon/mastodon,2021-12-20,36,6,1,11000,710
mastodon/mastodon,2021-12-27,2,2,0,11002,710
mastodon/mastodon,2022-01-03,21,3,0,11023,710
mastodon/mastodon,2022-01-10,7,4,1,11030,711
mastodon/mastodon,2022-01-17,38,4,0,11068,711
mastodon/mastodon,2022-01-24,31,6,1,11099,712
mastodon/mastodon,2022-01-31,16,6,2,11115,714
mastodon/mastodon,2022-02-07,61,7,1,11176,715
mastodon/mastodon,2022-02-14,30,7,1,11206,716
mastodon/mastodon,2022-02-21,33,11,3,11239,719
mastodon/mastodon,2022-02-28,27,7,1,11266,720
mastodon/mastodon,2022-03-07,48,8,0,11314,720
mastodon/mastodon,2022-03-14,36,7,0,11350,720
mastodon/mastodon,2022-03-21,36,7,0,11386,720
mastodon/mastodon,2022-03-28,27,7,1,11413,721
mastodon/mastodon,2022-04-04,39,7,2,11452,723
mastodon/mastodon,2022-04-11,19,5,0,11471,723
mastodon/mastodon,2022-04-18,9,5,0,11480,723
mastodon/mastodon,2022-04-25,32,5,2,11512,725
mastodon/mastodon,2022-05-02,39,8,2,11551,727
mastodon/mastodon,2022-05-09,23,7,1,11574,728
mastodon/mastodon,2022-05-16,21,4,0,11595,728
mastodon/mastodon,2022-05-23,37,6,1,11632,729
mastodon/mastodon,2022-05-30,20,5,1,11652,730
mastodon/mastodon,2022-06-06,10,5,1,11662,731
mastodon/mastodon,2022-06-13,28,4,0,11690,731
mastodon/mastodon,2022-06-20,11,7,0,11701,731
mastodon/mastodon,2022-06-27,21,5,0,11722,731
mastodon/mastodon,2022-07-04,18,5,1,11740,732
mastodon/mastodon,2022-07-11,6,3,0,11746,732
mastodon/mastodon,2022-07-18,23,6,0,11769,732
mastodon/mastodon,2022-07-25,13,2,0,11782,732
mastodon/mastodon,2022-08-01,11,1,0,11793,732
mastodon/mastodon,2022-08-08,13,8,4,11806,736
mastodon/mastodon,2022-08-15,20,7,0,11826,736
mastodon/mastodon,2022-08-22,47,11,1,11873,737
mastodon/mastodon,2022-08-29,11,2,0,11884,737
mastodon/mastodon,2022-09-05,15,4,1,11899,738
mastodon/mastodon,2022-09-12,5,2,0,11904,738
mastodon/mastodon,2022-09-19,26,5,0,11930,738
mastodon/mastodon,2022-09-26,18,3,0,11948,738
mastodon/mastodon,2022-10-03,46,6,0,11994,738
mastodon/mastodon,2022-10-10,18,5,1,12012,739
mastodon/mastodon,2022-10-17,40,6,0,12052,739
mastodon/mastodon,2022-10-24,69,12,4,12121,743
mastodon/mastodon,2022-10-31,60,14,8,12181,751
mastodon/mastodon,2022-11-07,115,40,25,12296,776
mastodon/mastodon,2022-11-14,71,20,10,12367,786
mastodon/mastodon,2022-11-21,35,13,7,12402,793
mastodon/mastodon,2022-11-28,32,5,2,12434,795
mastodon/mastodon,2022-12-05,24,12,5,12458,800
mastodon/mastodon,2022-12-12,80,48,23,12538,823
mastodon/mastodon,2022-12-19,13,4,1,12551,824
mastodon/mastodon,2022-12-26,12,3,1,12563,825
mastodon/mastodon,2023-01-02,36,20,9,12599,834
mastodon/mastodon,2023-01-09,32,14,5,12631,839
mastodon/mastodon,2023-01-16,34,8,1,12665,840
mastodon/mastodon,2023-01-23,32,8,1,12697,841
mastodon/mastodon,2023-01-30,47,8,1,12744,842
mastodon/mastodon,2023-02-06,44,9,2,12788,844
mastodon/mastodon,2023-02-13,90,15,5,12878,849
mastodon/mastodon,2023-02-20,56,9,3,12934,852
mastodon/mastodon,2023-02-27,56,12,6,12990,858
mastodon/mastodon,2023-03-06,39,9,4,13029,862
mastodon/mastodon,2023-03-13,48,10,0,13077,862
mastodon/mastodon,2023-03-20,30,10,2,13107,864
mastodon/mastodon,2023-03-27,42,12,3,13149,867
mastodon/mastodon,2023-04-03,45,9,1,13194,868
mastodon/mastodon,2023-04-10,40,9,3,13234,871
mastodon/mastodon,2023-04-17,40,12,3,13274,874
mastodon/mastodon,2023-04-24,88,15,4,13362,878
mastodon/mastodon,2023-05-01,87,13,1,13449,879
mastodon/mastodon,2023-05-08,43,12,2,13492,881
mastodon/mastodon,2023-05-15,25,7,2,13517,883
mastodon/mastodon,2023-05-22,67,11,1,13584,884
mastodon/mastodon,2023-05-29,72,11,0,13656,884
mastodon/mastodon,2023-06-05,55,13,3,13711,887
mastodon/mastodon,2023-06-12,38,9,0,13749,887
mastodon/mastodon,2023-06-19,33,9,1,13782,888
mastodon/mastodon,2023-06-26,37,9,0,13819,888
mastodon/mastodon,2023-07-03,40,13,3,13859,891
mastodon/mastodon,2023-07-10,55,12,2,13914,893
mastodon/mastodon,2023-07-17,73,19,2,13987,895
mastodon/mastodon,2023-07-24,61,16,2,14048,897
mastodon/mastodon,2023-07-31,39,9,0,14087,897
mastodon/mastodon,2023-08-07,40,10,2,14127,899
mastodon/mastodon,2023-08-14,33,10,3,14160,902
mastodon/mastodon,2023-08-21,56,14,3,14216,905
mastodon/mastodon,2023-08-28,55,13,4,14271,909
mastodon/mastodon,2023-09-04,49,10,1,14320,910
mastodon/mastodon,2023-09-11,34,9,0,14354,910
mastodon/mastodon,2023-09-18,39,8,2,14393,912
mastodon/mastodon,2023-09-25,51,9,0,14444,912
mastodon/mastodon,2023-10-02,42,14,4,14486,916
mastodon/mastodon,2023-10-09,41,8,2,14527,918
mastodon/mastodon,2023-10-16,54,14,2,14581,920
mastodon/mastodon,2023-10-23,73,14,4,14654,924
mastodon/mastodon,2023-10-30,28,7,1,14682,925
mastodon/mastodon,2023-11-06,84,12,2,14766,927
mastodon/mastodon,2023-11-13,63,13,3,14829,930
mastodon/mastodon,2023-11-20,48,7,1,14877,931
mastodon/mastodon,2023-11-27,68,11,4,14945,935
mastodon/mastodon,2023-12-04,49,8,2,14994,937
mastodon/mastodon,2023-12-11,52,5,0,15046,937
mastodon/mastodon,2023-12-18,56,7,0,15102,937
mastodon/mastodon,2023-12-25,25,8,2,15127,939
mastodon/mastodon,2024-01-01,51,8,2,15178,941
mastodon/mastodon,2024-01-08,84,10,0,15262,941
mastodon/mastodon,2024-01-15,69,11,1,15331,942
mastodon/mastodon,2024-01-22,81,8,0,15412,942
mastodon/mastodon,2024-01-29,22,7,1,15434,943
mastodon/mastodon,2024-02-05,53,5,0,15487,943
mastodon/mastodon,2024-02-12,37,7,2,15524,945
mastodon/mastodon,2024-02-19,60,10,2,15584,947
mastodon/mastodon,2024-02-26,55,18,7,15639,954
mastodon/mastodon,2024-03-04,15,6,0,15654,954
mastodon/mastodon,2024-03-11,79,10,2,15733,956
mastodon/mastodon,2024-03-18,90,8,0,15823,956
mastodon/mastodon,2024-03-25,53,8,0,15876,956
mastodon/mastodon,2024-04-01,55,9,1,15931,957
mastodon/mastodon,2024-04-08,30,5,0,15961,957
mastodon/mastodon,2024-04-15,53,5,0,16014,957
mastodon/mastodon,2024-04-22,42,9,0,16056,957
mastodon/mastodon,2024-04-29,52,11,2,16108,959
mastodon/mastodon,2024-05-06,47,9,3,16155,962
mastodon/mastodon,2024-05-13,53,12,3,16208,965
mastodon/mastodon,2024-05-20,39,8,1,16247,966
mastodon/mastodon,2024-05-27,38,9,0,16285,966
mastodon/mastodon,2024-06-03,59,13,3,16344,969
mastodon/mastodon,2024-06-10,79,14,3,16423,972
mastodon/mastodon,2024-06-17,56,8,0,16479,972
mastodon/mastodon,2024-06-24,44,12,0,16523,972
mastodon/mastodon,2024-07-01,43,8,0,16566,972
mastodon/mastodon,2024-07-08,46,10,1,16612,973
mastodon/mastodon,2024-07-15,38,11,1,16650,974
mastodon/mastodon,2024-07-22,44,10,0,16694,974
mastodon/mastodon,2024-07-29,47,11,1,16741,975
mastodon/mastodon,2024-08-05,68,13,2,16809,977
mastodon/mastodon,2024-08-12,45,9,1,16854,978
mastodon/mastodon,2024-08-19,54,12,1,16908,979
mastodon/mastodon,2024-08-26,59,8,0,16967,979
mastodon/mastodon,2024-09-02,111,12,2,17078,981
mastodon/mastodon,2024-09-09,53,10,1,17131,982
mastodon/mastodon,2024-09-16,66,9,0,17197,982
mastodon/mastodon,2024-09-23,68,10,1,17265,983
mastodon/mastodon,2024-09-30,87,13,0,17352,983
mastodon/mastodon,2024-10-07,31,8,1,17383,984
mastodon/mastodon,2024-10-14,61,12,2,17444,986
mastodon/mastodon,2024-10-21,61,9,1,17505,987
mastodon/mastodon,2024-10-28,37,12,4,17542,991
mastodon/mastodon,2024-11-04,47,8,0,17589,991
mastodon/mastodon,2024-11-11,47,8,1,17636,992
mastodon/mastodon,2024-11-18,62,17,4,17698,996
mastodon/mastodon,2024-11-25,40,8,2,17738,998
mastodon/mastodon,2024-12-02,57,10,2,17795,1000
mastodon/mastodon,2024-12-09,71,14,3,17866,1003
mastodon/mastodon,2024-12-16,60,7,1,17926,1004
mastodon/mastodon,2024-12-30,34,8,0,17960,1004
mastodon/mastodon,2025-01-06,81,11,2,18041,1006
mastodon/mastodon,2025-01-13,53,13,1,18094,1007
mastodon/mastodon,2025-01-20,41,7,0,18135,1007
mastodon/mastodon,2025-01-27,43,8,2,18178,1009
mastodon/mastodon,2025-02-03,34,5,0,18212,1009
mastodon/mastodon,2025-02-10,34,5,0,18246,1009
mastodon/mastodon,2025-02-17,26,5,0,18272,1009
mastodon/mastodon,2025-02-24,26,8,1,18298,1010
mastodon/mastodon,2025-03-03,39,9,0,18337,1010
mastodon/mastodon,2025-03-10,43,9,0,18380,1010
mastodon/mastodon,2025-03-17,29,6,0,18409,1010
mastodon/mastodon,2025-03-24,52,10,2,18461,1012
mastodon/mastodon,2025-03-31,35,8,0,18496,1012
mastodon/mastodon,2025-04-07,39,8,0,18535,1012
mastodon/mastodon,2025-04-14,27,7,1,18562,1013
mastodon/mastodon,2025-04-21,31,8,0,18593,1013
mastodon/mastodon,2025-04-28,28,8,1,18621,1014
mastodon/mastodon,2025-05-05,27,5,0,18648,1014
mastodon/mastodon,2025-05-12,39,10,2,18687,1016
mastodon/mastodon,2025-05-19,64,11,0,18751,1016
mastodon/mastodon,2025-05-26,48,11,0,18799,1016
mastodon/mastodon,2025-06-02,50,11,1,18849,1017
mastodon/mastodon,2025-06-09,49,8,0,18898,1017
mastodon/mastodon,2025-06-16,34,8,0,18932,1017
mastodon/mastodon,2025-06-23,48,9,0,18980,1017
mastodon/mastodon,2025-06-30,38,10,0,19018,1017
mastodon/mastodon,2025-07-07,35,8,1,19053,1018
mastodon/mastodon,2025-07-14,33,7,0,19086,1018
mastodon/mastodon,2025-07-21,48,11,2,19134,1020
mastodon/mastodon,2025-07-28,70,9,1,19204,1021
mastodon/mastodon,2025-08-04,52,7,0,19256,1021
mastodon/mastodon,2025-08-11,38,6,0,19294,1021
mastodon/mastodon,2025-08-18,41,10,2,19335,1023
mastodon/mastodon,2025-08-25,45,8,2,19380,1025
mastodon/mastodon,2025-09-01,45,11,2,19425,1027
mastodon/mastodon,2025-09-08,37,8,0,19462,1027
mastodon/mastodon,2025-09-15,40,10,1,19502,1028
mastodon/mastodon,2025-09-22,63,10,2,19565,1030
mastodon/mastodon,2025-09-29,33,10,1,19598,1031
mastodon/mastodon,2025-10-06,46,9,0,19644,1031
mastodon/mastodon,2025-10-13,53,10,1,19697,1032
mastodon/mastodon,2025-10-20,33,9,2,19730,1034
mastodon/mastodon,2025-10-27,63,14,3,19793,1037
mastodon/mastodon,2025-11-03,76,15,2,19869,1039
mastodon/mastodon,2025-11-10,46,10,1,19915,1040
mastodon/mastodon,2025-11-17,39,10,2,19954,1042
mastodon/mastodon,2025-11-24,52,8,1,20006,1043
mastodon/mastodon,2025-12-01,55,8,1,20061,1044
mastodon/mastodon,2025-12-08,50,8,0,20111,1044
mastodon/mastodon,2025-12-15,65,10,1,20176,1045
mastodon/mastodon,2025-12-29,19,6,1,20195,1046
mastodon/mastodon,2026-01-05,35,10,0,20230,1046
mastodon/mastodon,2026-01-12,50,9,1,20280,1047
mastodon/mastodon,2026-01-19,54,9,0,20334,1047
mastodon/mastodon,2026-01-26,61,12,1,20395,1048
mastodon/mastodon,2026-02-02,51,11,1,20446,1049
mastodon/mastodon,2026-02-09,67,10,0,20513,1049
mastodon/mastodon,2026-02-16,54,10,1,20567,1050
mastodon/mastodon,2026-02-23,46,8,1,20613,1051
mastodon/mastodon,2026-03-02,58,9,1,20671,1052
mastodon/mastodon,2026-03-09,65,12,1,20736,1053
mastodon/mastodon,2026-03-16,100,9,0,20836,1053
mastodon/mastodon,2026-03-23,102,8,0,20938,1053
mastodon/mastodon,2026-03-30,55,12,0,20993,1053
mastodon/mastodon,2026-04-06,55,9,0,21048,1053
mastodon/mastodon,2026-04-13,61,11,1,21109,1054
mastodon/mastodon,2026-04-20,42,8,0,21151,1054
mastodon/mastodon,2026-04-27,49,8,0,21200,1054
mastodon/mastodon,2026-05-04,30,13,2,21230,1056
meshtastic/Meshtastic-Android,2020-01-20,52,1,1,52,1
meshtastic/Meshtastic-Android,2020-01-27,9,1,0,61,1
meshtastic/Meshtastic-Android,2020-02-03,23,1,0,84,1
meshtastic/Meshtastic-Android,2020-02-10,32,1,0,116,1
meshtastic/Meshtastic-Android,2020-02-17,34,1,0,150,1
meshtastic/Meshtastic-Android,2020-02-24,37,1,0,187,1
meshtastic/Meshtastic-Android,2020-03-02,46,1,0,233,1
meshtastic/Meshtastic-Android,2020-03-09,17,1,0,250,1
meshtastic/Meshtastic-Android,2020-03-16,4,1,0,254,1
meshtastic/Meshtastic-Android,2020-03-23,4,1,0,258,1
meshtastic/Meshtastic-Android,2020-03-30,37,1,0,295,1
meshtastic/Meshtastic-Android,2020-04-06,68,1,0,363,1
meshtastic/Meshtastic-Android,2020-04-13,30,1,0,393,1
meshtastic/Meshtastic-Android,2020-04-20,63,1,0,456,1
meshtastic/Meshtastic-Android,2020-04-27,7,1,0,463,1
meshtastic/Meshtastic-Android,2020-05-04,7,1,0,470,1
meshtastic/Meshtastic-Android,2020-05-11,15,1,0,485,1
meshtastic/Meshtastic-Android,2020-05-18,21,2,1,506,2
meshtastic/Meshtastic-Android,2020-05-25,13,1,0,519,2
meshtastic/Meshtastic-Android,2020-06-01,17,1,0,536,2
meshtastic/Meshtastic-Android,2020-06-08,86,2,1,622,3
meshtastic/Meshtastic-Android,2020-06-15,34,3,1,656,4
meshtastic/Meshtastic-Android,2020-06-22,23,3,2,679,6
meshtastic/Meshtastic-Android,2020-06-29,51,2,0,730,6
meshtastic/Meshtastic-Android,2020-07-06,17,1,0,747,6
meshtastic/Meshtastic-Android,2020-07-13,32,3,1,779,7
meshtastic/Meshtastic-Android,2020-07-20,25,3,1,804,8
meshtastic/Meshtastic-Android,2020-07-27,3,1,0,807,8
meshtastic/Meshtastic-Android,2020-08-10,19,3,1,826,9
meshtastic/Meshtastic-Android,2020-08-17,8,2,1,834,10
meshtastic/Meshtastic-Android,2020-08-24,18,1,0,852,10
meshtastic/Meshtastic-Android,2020-08-31,4,1,0,856,10
meshtastic/Meshtastic-Android,2020-09-07,9,1,0,865,10
meshtastic/Meshtastic-Android,2020-09-14,20,4,3,885,13
meshtastic/Meshtastic-Android,2020-09-21,30,5,2,915,15
meshtastic/Meshtastic-Android,2020-09-28,10,3,0,925,15
meshtastic/Meshtastic-Android,2020-10-05,3,1,0,928,15
meshtastic/Meshtastic-Android,2020-10-12,6,2,0,934,15
meshtastic/Meshtastic-Android,2020-10-19,7,1,0,941,15
meshtastic/Meshtastic-Android,2020-10-26,4,1,0,945,15
meshtastic/Meshtastic-Android,2020-11-09,2,1,0,947,15
meshtastic/Meshtastic-Android,2020-11-16,5,1,0,952,15
meshtastic/Meshtastic-Android,2020-11-23,1,1,0,953,15
meshtastic/Meshtastic-Android,2020-12-07,6,1,0,959,15
meshtastic/Meshtastic-Android,2020-12-14,5,1,0,964,15
meshtastic/Meshtastic-Android,2020-12-28,2,1,0,966,15
meshtastic/Meshtastic-Android,2021-01-04,16,1,0,982,15
meshtastic/Meshtastic-Android,2021-01-11,2,1,0,984,15
meshtastic/Meshtastic-Android,2021-01-25,14,2,1,998,16
meshtastic/Meshtastic-Android,2021-02-01,47,2,0,1045,16
meshtastic/Meshtastic-Android,2021-02-08,38,2,0,1083,16
meshtastic/Meshtastic-Android,2021-02-15,21,2,1,1104,17
meshtastic/Meshtastic-Android,2021-02-22,10,3,0,1114,17
meshtastic/Meshtastic-Android,2021-03-01,27,1,0,1141,17
meshtastic/Meshtastic-Android,2021-03-08,6,1,0,1147,17
meshtastic/Meshtastic-Android,2021-03-15,31,3,1,1178,18
meshtastic/Meshtastic-Android,2021-03-22,44,4,1,1222,19
meshtastic/Meshtastic-Android,2021-03-29,20,1,0,1242,19
meshtastic/Meshtastic-Android,2021-04-05,7,2,1,1249,20
meshtastic/Meshtastic-Android,2021-04-12,12,2,0,1261,20
meshtastic/Meshtastic-Android,2021-05-03,7,1,0,1268,20
meshtastic/Meshtastic-Android,2021-05-10,3,1,0,1271,20
meshtastic/Meshtastic-Android,2021-05-24,3,1,0,1274,20
meshtastic/Meshtastic-Android,2021-06-07,5,1,0,1279,20
meshtastic/Meshtastic-Android,2021-06-14,1,1,0,1280,20
meshtastic/Meshtastic-Android,2021-06-21,4,1,0,1284,20
meshtastic/Meshtastic-Android,2021-06-28,1,1,0,1285,20
meshtastic/Meshtastic-Android,2021-07-05,6,2,1,1291,21
meshtastic/Meshtastic-Android,2021-07-19,2,2,2,1293,23
meshtastic/Meshtastic-Android,2021-07-26,12,2,1,1305,24
meshtastic/Meshtastic-Android,2021-08-23,2,1,0,1307,24
meshtastic/Meshtastic-Android,2021-08-30,6,2,0,1313,24
meshtastic/Meshtastic-Android,2021-09-06,2,2,1,1315,25
meshtastic/Meshtastic-Android,2021-11-15,19,2,0,1334,25
meshtastic/Meshtastic-Android,2021-11-22,10,2,1,1344,26
meshtastic/Meshtastic-Android,2021-11-29,2,1,0,1346,26
meshtastic/Meshtastic-Android,2021-12-06,23,2,0,1369,26
meshtastic/Meshtastic-Android,2021-12-13,12,2,0,1381,26
meshtastic/Meshtastic-Android,2021-12-20,8,2,0,1389,26
meshtastic/Meshtastic-Android,2021-12-27,10,2,0,1399,26
meshtastic/Meshtastic-Android,2022-01-03,18,3,0,1417,26
meshtastic/Meshtastic-Android,2022-01-10,11,2,0,1428,26
meshtastic/Meshtastic-Android,2022-01-17,11,3,1,1439,27
meshtastic/Meshtastic-Android,2022-01-24,36,3,1,1475,28
meshtastic/Meshtastic-Android,2022-01-31,39,3,1,1514,29
meshtastic/Meshtastic-Android,2022-02-07,26,3,0,1540,29
meshtastic/Meshtastic-Android,2022-02-14,47,3,0,1587,29
meshtastic/Meshtastic-Android,2022-02-21,33,4,0,1620,29
meshtastic/Meshtastic-Android,2022-02-28,19,3,0,1639,29
meshtastic/Meshtastic-Android,2022-03-07,25,2,0,1664,29
meshtastic/Meshtastic-Android,2022-03-14,6,2,0,1670,29
meshtastic/Meshtastic-Android,2022-03-21,12,2,0,1682,29
meshtastic/Meshtastic-Android,2022-03-28,19,3,1,1701,30
meshtastic/Meshtastic-Android,2022-04-04,20,4,0,1721,30
meshtastic/Meshtastic-Android,2022-04-11,4,2,0,1725,30
meshtastic/Meshtastic-Android,2022-04-18,30,4,0,1755,30
meshtastic/Meshtastic-Android,2022-04-25,8,2,0,1763,30
meshtastic/Meshtastic-Android,2022-05-02,9,3,0,1772,30
meshtastic/Meshtastic-Android,2022-05-16,13,3,0,1785,30
meshtastic/Meshtastic-Android,2022-05-23,5,1,0,1790,30
meshtastic/Meshtastic-Android,2022-05-30,4,1,0,1794,30
meshtastic/Meshtastic-Android,2022-06-06,20,1,0,1814,30
meshtastic/Meshtastic-Android,2022-06-13,15,2,0,1829,30
meshtastic/Meshtastic-Android,2022-06-20,10,1,0,1839,30
meshtastic/Meshtastic-Android,2022-06-27,3,1,0,1842,30
meshtastic/Meshtastic-Android,2022-07-04,2,2,1,1844,31
meshtastic/Meshtastic-Android,2022-07-11,6,1,0,1850,31
meshtastic/Meshtastic-Android,2022-07-18,2,2,0,1852,31
meshtastic/Meshtastic-Android,2022-07-25,13,2,0,1865,31
meshtastic/Meshtastic-Android,2022-08-01,6,1,0,1871,31
meshtastic/Meshtastic-Android,2022-08-08,11,3,2,1882,33
meshtastic/Meshtastic-Android,2022-08-15,17,3,0,1899,33
meshtastic/Meshtastic-Android,2022-08-22,42,4,0,1941,33
meshtastic/Meshtastic-Android,2022-08-29,18,3,0,1959,33
meshtastic/Meshtastic-Android,2022-09-05,20,1,0,1979,33
meshtastic/Meshtastic-Android,2022-09-12,23,1,0,2002,33
meshtastic/Meshtastic-Android,2022-09-19,10,2,0,2012,33
meshtastic/Meshtastic-Android,2022-09-26,12,2,0,2024,33
meshtastic/Meshtastic-Android,2022-10-03,30,2,0,2054,33
meshtastic/Meshtastic-Android,2022-10-10,33,2,0,2087,33
meshtastic/Meshtastic-Android,2022-10-17,13,2,0,2100,33
meshtastic/Meshtastic-Android,2022-10-24,12,2,0,2112,33
meshtastic/Meshtastic-Android,2022-10-31,16,1,0,2128,33
meshtastic/Meshtastic-Android,2022-11-07,6,1,0,2134,33
meshtastic/Meshtastic-Android,2022-11-14,6,1,0,2140,33
meshtastic/Meshtastic-Android,2022-11-21,3,1,0,2143,33
meshtastic/Meshtastic-Android,2022-11-28,10,3,2,2153,35
meshtastic/Meshtastic-Android,2022-12-05,6,1,0,2159,35
meshtastic/Meshtastic-Android,2022-12-12,8,2,1,2167,36
meshtastic/Meshtastic-Android,2022-12-19,6,1,0,2173,36
meshtastic/Meshtastic-Android,2022-12-26,7,1,0,2180,36
meshtastic/Meshtastic-Android,2023-01-02,17,1,0,2197,36
meshtastic/Meshtastic-Android,2023-01-09,14,2,0,2211,36
meshtastic/Meshtastic-Android,2023-01-16,10,1,0,2221,36
meshtastic/Meshtastic-Android,2023-01-23,17,1,0,2238,36
meshtastic/Meshtastic-Android,2023-01-30,19,1,0,2257,36
meshtastic/Meshtastic-Android,2023-02-06,7,1,0,2264,36
meshtastic/Meshtastic-Android,2023-02-13,21,1,0,2285,36
meshtastic/Meshtastic-Android,2023-02-20,15,1,0,2300,36
meshtastic/Meshtastic-Android,2023-02-27,10,1,0,2310,36
meshtastic/Meshtastic-Android,2023-03-06,7,2,1,2317,37
meshtastic/Meshtastic-Android,2023-03-13,7,1,0,2324,37
meshtastic/Meshtastic-Android,2023-03-20,15,1,0,2339,37
meshtastic/Meshtastic-Android,2023-03-27,25,1,0,2364,37
meshtastic/Meshtastic-Android,2023-04-03,21,2,1,2385,38
meshtastic/Meshtastic-Android,2023-04-10,21,1,0,2406,38
meshtastic/Meshtastic-Android,2023-04-17,5,1,0,2411,38
meshtastic/Meshtastic-Android,2023-04-24,10,1,0,2421,38
meshtastic/Meshtastic-Android,2023-05-01,9,1,0,2430,38
meshtastic/Meshtastic-Android,2023-05-08,21,1,0,2451,38
meshtastic/Meshtastic-Android,2023-05-15,13,1,0,2464,38
meshtastic/Meshtastic-Android,2023-05-22,15,1,0,2479,38
meshtastic/Meshtastic-Android,2023-05-29,17,2,1,2496,39
meshtastic/Meshtastic-Android,2023-06-12,7,2,1,2503,40
meshtastic/Meshtastic-Android,2023-06-19,7,1,0,2510,40
meshtastic/Meshtastic-Android,2023-06-26,9,1,0,2519,40
meshtastic/Meshtastic-Android,2023-07-03,21,2,1,2540,41
meshtastic/Meshtastic-Android,2023-07-10,4,2,0,2544,41
meshtastic/Meshtastic-Android,2023-07-17,13,2,0,2557,41
meshtastic/Meshtastic-Android,2023-07-24,14,2,0,2571,41
meshtastic/Meshtastic-Android,2023-07-31,15,1,0,2586,41
meshtastic/Meshtastic-Android,2023-08-07,9,2,1,2595,42
meshtastic/Meshtastic-Android,2023-08-14,7,1,0,2602,42
meshtastic/Meshtastic-Android,2023-08-21,15,2,0,2617,42
meshtastic/Meshtastic-Android,2023-08-28,3,2,1,2620,43
meshtastic/Meshtastic-Android,2023-09-04,28,2,0,2648,43
meshtastic/Meshtastic-Android,2023-09-11,17,2,0,2665,43
meshtastic/Meshtastic-Android,2023-09-18,7,2,0,2672,43
meshtastic/Meshtastic-Android,2023-09-25,23,2,0,2695,43
meshtastic/Meshtastic-Android,2023-10-02,18,2,0,2713,43
meshtastic/Meshtastic-Android,2023-10-09,11,1,0,2724,43
meshtastic/Meshtastic-Android,2023-10-16,14,2,0,2738,43
meshtastic/Meshtastic-Android,2023-10-23,2,2,0,2740,43
meshtastic/Meshtastic-Android,2023-10-30,5,1,0,2745,43
meshtastic/Meshtastic-Android,2023-11-06,7,2,0,2752,43
meshtastic/Meshtastic-Android,2023-11-13,9,3,1,2761,44
meshtastic/Meshtastic-Android,2023-11-20,2,1,0,2763,44
meshtastic/Meshtastic-Android,2023-11-27,10,3,1,2773,45
meshtastic/Meshtastic-Android,2023-12-04,5,2,0,2778,45
meshtastic/Meshtastic-Android,2023-12-11,13,2,0,2791,45
meshtastic/Meshtastic-Android,2023-12-25,10,2,0,2801,45
meshtastic/Meshtastic-Android,2024-01-01,3,1,0,2804,45
meshtastic/Meshtastic-Android,2024-01-08,21,3,1,2825,46
meshtastic/Meshtastic-Android,2024-01-15,10,2,0,2835,46
meshtastic/Meshtastic-Android,2024-01-22,4,2,0,2839,46
meshtastic/Meshtastic-Android,2024-01-29,11,3,0,2850,46
meshtastic/Meshtastic-Android,2024-02-05,14,3,1,2864,47
meshtastic/Meshtastic-Android,2024-02-12,17,4,0,2881,47
meshtastic/Meshtastic-Android,2024-02-19,11,3,0,2892,47
meshtastic/Meshtastic-Android,2024-02-26,18,3,0,2910,47
meshtastic/Meshtastic-Android,2024-03-04,14,3,0,2924,47
meshtastic/Meshtastic-Android,2024-03-11,7,2,1,2931,48
meshtastic/Meshtastic-Android,2024-03-18,9,1,0,2940,48
meshtastic/Meshtastic-Android,2024-03-25,19,4,1,2959,49
meshtastic/Meshtastic-Android,2024-04-01,24,3,0,2983,49
meshtastic/Meshtastic-Android,2024-04-08,5,2,0,2988,49
meshtastic/Meshtastic-Android,2024-04-15,20,4,1,3008,50
meshtastic/Meshtastic-Android,2024-04-22,1,1,0,3009,50
meshtastic/Meshtastic-Android,2024-04-29,22,2,0,3031,50
meshtastic/Meshtastic-Android,2024-05-06,7,1,0,3038,50
meshtastic/Meshtastic-Android,2024-05-13,24,2,0,3062,50
meshtastic/Meshtastic-Android,2024-05-27,8,2,0,3070,50
meshtastic/Meshtastic-Android,2024-06-03,9,1,0,3079,50
meshtastic/Meshtastic-Android,2024-06-10,25,3,1,3104,51
meshtastic/Meshtastic-Android,2024-06-17,3,1,0,3107,51
meshtastic/Meshtastic-Android,2024-06-24,20,2,0,3127,51
meshtastic/Meshtastic-Android,2024-07-01,14,4,2,3141,53
meshtastic/Meshtastic-Android,2024-07-08,19,3,0,3160,53
meshtastic/Meshtastic-Android,2024-07-15,3,1,0,3163,53
meshtastic/Meshtastic-Android,2024-07-22,17,4,0,3180,53
meshtastic/Meshtastic-Android,2024-07-29,18,3,0,3198,53
meshtastic/Meshtastic-Android,2024-08-05,10,3,0,3208,53
meshtastic/Meshtastic-Android,2024-08-12,10,3,1,3218,54
meshtastic/Meshtastic-Android,2024-08-19,18,2,0,3236,54
meshtastic/Meshtastic-Android,2024-08-26,15,3,0,3251,54
meshtastic/Meshtastic-Android,2024-09-02,20,3,0,3271,54
meshtastic/Meshtastic-Android,2024-09-09,33,3,0,3304,54
meshtastic/Meshtastic-Android,2024-09-16,38,5,1,3342,55
meshtastic/Meshtastic-Android,2024-09-23,18,3,0,3360,55
meshtastic/Meshtastic-Android,2024-09-30,33,4,1,3393,56
meshtastic/Meshtastic-Android,2024-10-07,21,5,1,3414,57
meshtastic/Meshtastic-Android,2024-10-14,27,3,0,3441,57
meshtastic/Meshtastic-Android,2024-10-21,25,5,1,3466,58
meshtastic/Meshtastic-Android,2024-10-28,24,3,1,3490,59
meshtastic/Meshtastic-Android,2024-11-04,22,3,0,3512,59
meshtastic/Meshtastic-Android,2024-11-11,20,3,1,3532,60
meshtastic/Meshtastic-Android,2024-11-18,19,4,0,3551,60
meshtastic/Meshtastic-Android,2024-11-25,20,5,3,3571,63
meshtastic/Meshtastic-Android,2024-12-02,18,3,0,3589,63
meshtastic/Meshtastic-Android,2024-12-09,19,5,0,3608,63
meshtastic/Meshtastic-Android,2024-12-16,16,3,1,3624,64
meshtastic/Meshtastic-Android,2024-12-23,3,2,0,3627,64
meshtastic/Meshtastic-Android,2024-12-30,14,3,0,3641,64
meshtastic/Meshtastic-Android,2025-01-06,8,1,0,3649,64
meshtastic/Meshtastic-Android,2025-02-10,43,5,2,3692,66
meshtastic/Meshtastic-Android,2025-02-17,7,3,0,3699,66
meshtastic/Meshtastic-Android,2025-02-24,14,4,0,3713,66
meshtastic/Meshtastic-Android,2025-03-03,13,4,0,3726,66
meshtastic/Meshtastic-Android,2025-03-10,7,3,0,3733,66
meshtastic/Meshtastic-Android,2025-03-17,14,7,3,3747,69
meshtastic/Meshtastic-Android,2025-03-24,19,4,0,3766,69
meshtastic/Meshtastic-Android,2025-03-31,4,2,0,3770,69
meshtastic/Meshtastic-Android,2025-04-14,9,1,0,3779,69
meshtastic/Meshtastic-Android,2025-04-21,13,3,0,3792,69
meshtastic/Meshtastic-Android,2025-04-28,28,5,2,3820,71
meshtastic/Meshtastic-Android,2025-05-05,13,4,0,3833,71
meshtastic/Meshtastic-Android,2025-05-12,22,3,0,3855,71
meshtastic/Meshtastic-Android,2025-05-19,55,6,1,3910,72
meshtastic/Meshtastic-Android,2025-05-26,64,5,1,3974,73
meshtastic/Meshtastic-Android,2025-06-02,44,6,1,4018,74
meshtastic/Meshtastic-Android,2025-06-09,38,7,2,4056,76
meshtastic/Meshtastic-Android,2025-06-16,82,8,0,4138,76
meshtastic/Meshtastic-Android,2025-06-23,51,7,0,4189,76
meshtastic/Meshtastic-Android,2025-06-30,36,7,0,4225,76
meshtastic/Meshtastic-Android,2025-07-07,48,5,1,4273,77
meshtastic/Meshtastic-Android,2025-07-14,27,3,0,4300,77
meshtastic/Meshtastic-Android,2025-07-21,53,5,1,4353,78
meshtastic/Meshtastic-Android,2025-07-28,60,6,2,4413,80
meshtastic/Meshtastic-Android,2025-08-04,33,5,0,4446,80
meshtastic/Meshtastic-Android,2025-08-11,54,6,3,4500,83
meshtastic/Meshtastic-Android,2025-08-18,49,3,0,4549,83
meshtastic/Meshtastic-Android,2025-08-25,70,5,0,4619,83
meshtastic/Meshtastic-Android,2025-09-01,63,7,1,4682,84
meshtastic/Meshtastic-Android,2025-09-08,69,4,0,4751,84
meshtastic/Meshtastic-Android,2025-09-15,49,4,0,4800,84
meshtastic/Meshtastic-Android,2025-09-22,64,5,0,4864,84
meshtastic/Meshtastic-Android,2025-09-29,100,5,0,4964,84
meshtastic/Meshtastic-Android,2025-10-06,71,5,1,5035,85
meshtastic/Meshtastic-Android,2025-10-13,41,5,1,5076,86
meshtastic/Meshtastic-Android,2025-10-20,18,4,1,5094,87
meshtastic/Meshtastic-Android,2025-10-27,33,6,2,5127,89
meshtastic/Meshtastic-Android,2025-11-03,34,4,1,5161,90
meshtastic/Meshtastic-Android,2025-11-10,43,6,0,5204,90
meshtastic/Meshtastic-Android,2025-11-17,50,5,0,5254,90
meshtastic/Meshtastic-Android,2025-11-24,53,5,0,5307,90
meshtastic/Meshtastic-Android,2025-12-01,34,4,0,5341,90
meshtastic/Meshtastic-Android,2025-12-08,63,5,2,5404,92
meshtastic/Meshtastic-Android,2025-12-15,42,10,3,5446,95
meshtastic/Meshtastic-Android,2025-12-22,30,5,1,5476,96
meshtastic/Meshtastic-Android,2025-12-29,30,5,2,5506,98
meshtastic/Meshtastic-Android,2026-01-05,39,3,0,5545,98
meshtastic/Meshtastic-Android,2026-01-12,56,4,1,5601,99
meshtastic/Meshtastic-Android,2026-01-19,46,4,0,5647,99
meshtastic/Meshtastic-Android,2026-01-26,71,4,2,5718,101
meshtastic/Meshtastic-Android,2026-02-02,92,5,1,5810,102
meshtastic/Meshtastic-Android,2026-02-09,46,3,0,5856,102
meshtastic/Meshtastic-Android,2026-02-16,43,4,1,5899,103
meshtastic/Meshtastic-Android,2026-02-23,38,6,2,5937,105
meshtastic/Meshtastic-Android,2026-03-02,57,3,0,5994,105
meshtastic/Meshtastic-Android,2026-03-09,56,2,0,6050,105
meshtastic/Meshtastic-Android,2026-03-16,67,5,3,6117,108
meshtastic/Meshtastic-Android,2026-03-23,53,2,0,6170,108
meshtastic/Meshtastic-Android,2026-03-30,32,3,1,6202,109
meshtastic/Meshtastic-Android,2026-04-06,90,3,0,6292,109
meshtastic/Meshtastic-Android,2026-04-13,76,2,0,6368,109
meshtastic/Meshtastic-Android,2026-04-20,52,5,2,6420,111
meshtastic/Meshtastic-Android,2026-04-27,73,6,3,6493,114
meshtastic/Meshtastic-Android,2026-05-04,13,4,0,6506,114
meshtastic/firmware,2020-01-27,20,1,1,20,1
meshtastic/firmware,2020-02-03,58,1,0,78,1
meshtastic/firmware,2020-02-10,50,2,1,128,2
meshtastic/firmware,2020-02-17,67,1,0,195,2
meshtastic/firmware,2020-02-24,31,3,2,226,4
meshtastic/firmware,2020-03-02,33,1,0,259,4
meshtastic/firmware,2020-03-09,38,4,1,297,5
meshtastic/firmware,2020-03-16,47,2,0,344,5
meshtastic/firmware,2020-03-23,47,2,0,391,5
meshtastic/firmware,2020-03-30,21,1,0,412,5
meshtastic/firmware,2020-04-06,20,4,3,432,8
meshtastic/firmware,2020-04-13,51,1,0,483,8
meshtastic/firmware,2020-04-20,43,1,0,526,8
meshtastic/firmware,2020-04-27,80,1,0,606,8
meshtastic/firmware,2020-05-04,28,3,1,634,9
meshtastic/firmware,2020-05-11,19,3,0,653,9
meshtastic/firmware,2020-05-18,48,4,1,701,10
meshtastic/firmware,2020-05-25,22,1,0,723,10
meshtastic/firmware,2020-06-01,30,1,0,753,10
meshtastic/firmware,2020-06-08,56,5,3,809,13
meshtastic/firmware,2020-06-15,64,4,2,873,15
meshtastic/firmware,2020-06-22,83,6,3,956,18
meshtastic/firmware,2020-06-29,37,6,2,993,20
meshtastic/firmware,2020-07-06,49,3,0,1042,20
meshtastic/firmware,2020-07-13,59,5,1,1101,21
meshtastic/firmware,2020-07-20,33,2,1,1134,22
meshtastic/firmware,2020-07-27,7,3,1,1141,23
meshtastic/firmware,2020-08-03,5,2,0,1146,23
meshtastic/firmware,2020-08-10,30,1,0,1176,23
meshtastic/firmware,2020-08-17,25,1,0,1201,23
meshtastic/firmware,2020-08-24,34,1,0,1235,23
meshtastic/firmware,2020-08-31,22,4,2,1257,25
meshtastic/firmware,2020-09-07,36,3,1,1293,26
meshtastic/firmware,2020-09-14,66,3,1,1359,27
meshtastic/firmware,2020-09-21,60,5,2,1419,29
meshtastic/firmware,2020-09-28,33,4,1,1452,30
meshtastic/firmware,2020-10-05,63,3,0,1515,30
meshtastic/firmware,2020-10-12,75,2,0,1590,30
meshtastic/firmware,2020-10-19,33,2,0,1623,30
meshtastic/firmware,2020-10-26,20,2,0,1643,30
meshtastic/firmware,2020-11-02,10,2,0,1653,30
meshtastic/firmware,2020-11-09,20,3,1,1673,31
meshtastic/firmware,2020-11-16,10,2,0,1683,31
meshtastic/firmware,2020-11-23,22,2,0,1705,31
meshtastic/firmware,2020-11-30,9,2,1,1714,32
meshtastic/firmware,2020-12-07,60,3,0,1774,32
meshtastic/firmware,2020-12-14,19,3,0,1793,32
meshtastic/firmware,2020-12-21,79,4,1,1872,33
meshtastic/firmware,2020-12-28,67,5,2,1939,35
meshtastic/firmware,2021-01-04,51,4,1,1990,36
meshtastic/firmware,2021-01-11,57,3,0,2047,36
meshtastic/firmware,2021-01-18,23,3,1,2070,37
meshtastic/firmware,2021-01-25,42,3,0,2112,37
meshtastic/firmware,2021-02-01,32,2,0,2144,37
meshtastic/firmware,2021-02-08,47,3,0,2191,37
meshtastic/firmware,2021-02-15,59,4,1,2250,38
meshtastic/firmware,2021-02-22,57,5,2,2307,40
meshtastic/firmware,2021-03-01,55,3,0,2362,40
meshtastic/firmware,2021-03-08,56,3,0,2418,40
meshtastic/firmware,2021-03-15,60,3,1,2478,41
meshtastic/firmware,2021-03-22,70,6,2,2548,43
meshtastic/firmware,2021-03-29,37,2,0,2585,43
meshtastic/firmware,2021-04-05,37,3,0,2622,43
meshtastic/firmware,2021-04-12,48,3,0,2670,43
meshtastic/firmware,2021-04-19,6,1,0,2676,43
meshtastic/firmware,2021-04-26,13,3,1,2689,44
meshtastic/firmware,2021-05-03,17,1,0,2706,44
meshtastic/firmware,2021-05-10,3,1,0,2709,44
meshtastic/firmware,2021-05-17,12,2,1,2721,45
meshtastic/firmware,2021-05-24,31,3,0,2752,45
meshtastic/firmware,2021-06-21,5,1,0,2757,45
meshtastic/firmware,2021-06-28,5,2,1,2762,46
meshtastic/firmware,2021-07-05,2,1,0,2764,46
meshtastic/firmware,2021-07-19,10,3,1,2774,47
meshtastic/firmware,2021-07-26,10,3,1,2784,48
meshtastic/firmware,2021-08-02,9,1,0,2793,48
meshtastic/firmware,2021-08-09,12,2,0,2805,48
meshtastic/firmware,2021-08-16,11,1,0,2816,48
meshtastic/firmware,2021-08-30,24,4,3,2840,51
meshtastic/firmware,2021-09-06,16,3,0,2856,51
meshtastic/firmware,2021-09-13,15,4,1,2871,52
meshtastic/firmware,2021-09-20,2,1,0,2873,52
meshtastic/firmware,2021-09-27,3,1,0,2876,52
meshtastic/firmware,2021-10-04,17,4,0,2893,52
meshtastic/firmware,2021-10-11,26,5,2,2919,54
meshtastic/firmware,2021-10-18,13,5,2,2932,56
meshtastic/firmware,2021-10-25,29,4,0,2961,56
meshtastic/firmware,2021-11-01,9,5,2,2970,58
meshtastic/firmware,2021-11-08,4,2,0,2974,58
meshtastic/firmware,2021-11-15,9,2,0,2983,58
meshtastic/firmware,2021-11-22,35,6,2,3018,60
meshtastic/firmware,2021-11-29,64,5,0,3082,60
meshtastic/firmware,2021-12-06,62,5,1,3144,61
meshtastic/firmware,2021-12-13,32,5,1,3176,62
meshtastic/firmware,2021-12-20,21,2,0,3197,62
meshtastic/firmware,2021-12-27,75,8,5,3272,67
meshtastic/firmware,2022-01-03,45,4,2,3317,69
meshtastic/firmware,2022-01-10,74,5,3,3391,72
meshtastic/firmware,2022-01-17,53,7,1,3444,73
meshtastic/firmware,2022-01-24,76,8,1,3520,74
meshtastic/firmware,2022-01-31,9,4,2,3529,76
meshtastic/firmware,2022-02-07,14,6,2,3543,78
meshtastic/firmware,2022-02-14,65,6,0,3608,78
meshtastic/firmware,2022-02-21,70,7,1,3678,79
meshtastic/firmware,2022-02-28,44,5,1,3722,80
meshtastic/firmware,2022-03-07,21,3,1,3743,81
meshtastic/firmware,2022-03-14,36,6,1,3779,82
meshtastic/firmware,2022-03-21,39,4,1,3818,83
meshtastic/firmware,2022-03-28,42,6,2,3860,85
meshtastic/firmware,2022-04-04,21,8,1,3881,86
meshtastic/firmware,2022-04-11,38,4,0,3919,86
meshtastic/firmware,2022-04-18,36,7,2,3955,88
meshtastic/firmware,2022-04-25,53,8,2,4008,90
meshtastic/firmware,2022-05-02,32,6,1,4040,91
meshtastic/firmware,2022-05-09,20,2,0,4060,91
meshtastic/firmware,2022-05-16,43,6,1,4103,92
meshtastic/firmware,2022-05-23,22,3,0,4125,92
meshtastic/firmware,2022-05-30,45,4,0,4170,92
meshtastic/firmware,2022-06-06,35,4,1,4205,93
meshtastic/firmware,2022-06-13,51,4,0,4256,93
meshtastic/firmware,2022-06-20,28,4,0,4284,93
meshtastic/firmware,2022-06-27,11,3,1,4295,94
meshtastic/firmware,2022-07-04,10,3,0,4305,94
meshtastic/firmware,2022-07-11,13,4,1,4318,95
meshtastic/firmware,2022-07-18,6,2,0,4324,95
meshtastic/firmware,2022-07-25,12,5,1,4336,96
meshtastic/firmware,2022-08-01,46,8,1,4382,97
meshtastic/firmware,2022-08-08,70,6,0,4452,97
meshtastic/firmware,2022-08-15,10,3,0,4462,97
meshtastic/firmware,2022-08-22,11,4,1,4473,98
meshtastic/firmware,2022-08-29,16,5,1,4489,99
meshtastic/firmware,2022-09-05,40,5,0,4529,99
meshtastic/firmware,2022-09-12,36,4,0,4565,99
meshtastic/firmware,2022-09-19,53,4,1,4618,100
meshtastic/firmware,2022-09-26,62,7,1,4680,101
meshtastic/firmware,2022-10-03,96,7,0,4776,101
meshtastic/firmware,2022-10-10,62,4,0,4838,101
meshtastic/firmware,2022-10-17,73,4,1,4911,102
meshtastic/firmware,2022-10-24,41,5,2,4952,104
meshtastic/firmware,2022-10-31,114,8,2,5066,106
meshtastic/firmware,2022-11-07,79,5,0,5145,106
meshtastic/firmware,2022-11-14,78,4,0,5223,106
meshtastic/firmware,2022-11-21,104,8,1,5327,107
meshtastic/firmware,2022-11-28,27,4,1,5354,108
meshtastic/firmware,2022-12-05,33,5,0,5387,108
meshtastic/firmware,2022-12-12,42,6,1,5429,109
meshtastic/firmware,2022-12-19,74,4,0,5503,109
meshtastic/firmware,2022-12-26,70,5,1,5573,110
meshtastic/firmware,2023-01-02,54,6,2,5627,112
meshtastic/firmware,2023-01-09,49,4,0,5676,112
meshtastic/firmware,2023-01-16,105,9,3,5781,115
meshtastic/firmware,2023-01-23,89,6,1,5870,116
meshtastic/firmware,2023-01-30,85,3,0,5955,116
meshtastic/firmware,2023-02-06,52,3,0,6007,116
meshtastic/firmware,2023-02-13,24,4,0,6031,116
meshtastic/firmware,2023-02-20,46,6,0,6077,116
meshtastic/firmware,2023-02-27,16,7,2,6093,118
meshtastic/firmware,2023-03-06,40,6,0,6133,118
meshtastic/firmware,2023-03-13,9,6,1,6142,119
meshtastic/firmware,2023-03-20,16,5,0,6158,119
meshtastic/firmware,2023-03-27,34,9,2,6192,121
meshtastic/firmware,2023-04-03,20,5,0,6212,121
meshtastic/firmware,2023-04-10,23,4,0,6235,121
meshtastic/firmware,2023-04-17,12,3,0,6247,121
meshtastic/firmware,2023-04-24,1,1,0,6248,121
meshtastic/firmware,2023-05-01,24,6,0,6272,121
meshtastic/firmware,2023-05-08,27,6,0,6299,121
meshtastic/firmware,2023-05-15,17,4,0,6316,121
meshtastic/firmware,2023-05-22,31,6,0,6347,121
meshtastic/firmware,2023-05-29,21,6,0,6368,121
meshtastic/firmware,2023-06-05,12,5,1,6380,122
meshtastic/firmware,2023-06-12,3,2,0,6383,122
meshtastic/firmware,2023-06-19,7,3,0,6390,122
meshtastic/firmware,2023-06-26,15,6,1,6405,123
meshtastic/firmware,2023-07-03,10,6,2,6415,125
meshtastic/firmware,2023-07-10,8,5,2,6423,127
meshtastic/firmware,2023-07-17,18,8,1,6441,128
meshtastic/firmware,2023-07-24,42,10,1,6483,129
meshtastic/firmware,2023-07-31,40,8,0,6523,129
meshtastic/firmware,2023-08-07,39,7,1,6562,130
meshtastic/firmware,2023-08-14,18,6,0,6580,130
meshtastic/firmware,2023-08-21,23,4,0,6603,130
meshtastic/firmware,2023-08-28,17,4,0,6620,130
meshtastic/firmware,2023-09-04,26,8,0,6646,130
meshtastic/firmware,2023-09-11,7,4,0,6653,130
meshtastic/firmware,2023-09-18,16,9,0,6669,130
meshtastic/firmware,2023-09-25,17,8,2,6686,132
meshtastic/firmware,2023-10-02,15,8,1,6701,133
meshtastic/firmware,2023-10-09,18,10,2,6719,135
meshtastic/firmware,2023-10-16,2,2,0,6721,135
meshtastic/firmware,2023-10-23,3,3,0,6724,135
meshtastic/firmware,2023-10-30,9,6,1,6733,136
meshtastic/firmware,2023-11-06,8,5,0,6741,136
meshtastic/firmware,2023-11-13,33,6,1,6774,137
meshtastic/firmware,2023-11-20,11,5,0,6785,137
meshtastic/firmware,2023-11-27,34,7,0,6819,137
meshtastic/firmware,2023-12-04,18,6,1,6837,138
meshtastic/firmware,2023-12-11,32,5,0,6869,138
meshtastic/firmware,2023-12-18,3,2,0,6872,138
meshtastic/firmware,2023-12-25,15,7,2,6887,140
meshtastic/firmware,2024-01-01,9,6,1,6896,141
meshtastic/firmware,2024-01-08,15,6,1,6911,142
meshtastic/firmware,2024-01-15,14,8,1,6925,143
meshtastic/firmware,2024-01-22,8,5,0,6933,143
meshtastic/firmware,2024-01-29,15,8,1,6948,144
meshtastic/firmware,2024-02-05,25,12,4,6973,148
meshtastic/firmware,2024-02-12,16,9,1,6989,149
meshtastic/firmware,2024-02-19,33,11,1,7022,150
meshtastic/firmware,2024-02-26,27,7,0,7049,150
meshtastic/firmware,2024-03-04,55,10,1,7104,151
meshtastic/firmware,2024-03-11,60,13,3,7164,154
meshtastic/firmware,2024-03-18,37,9,1,7201,155
meshtastic/firmware,2024-03-25,13,7,1,7214,156
meshtastic/firmware,2024-04-01,28,10,3,7242,159
meshtastic/firmware,2024-04-08,33,10,1,7275,160
meshtastic/firmware,2024-04-15,81,15,1,7356,161
meshtastic/firmware,2024-04-22,40,18,8,7396,169
meshtastic/firmware,2024-04-29,44,10,1,7440,170
meshtastic/firmware,2024-05-06,47,13,3,7487,173
meshtastic/firmware,2024-05-13,79,13,1,7566,174
meshtastic/firmware,2024-05-20,34,9,2,7600,176
meshtastic/firmware,2024-05-27,21,10,3,7621,179
meshtastic/firmware,2024-06-03,51,10,2,7672,181
meshtastic/firmware,2024-06-10,56,17,4,7728,185
meshtastic/firmware,2024-06-17,52,11,2,7780,187
meshtastic/firmware,2024-06-24,23,8,1,7803,188
meshtastic/firmware,2024-07-01,19,9,1,7822,189
meshtastic/firmware,2024-07-08,35,11,1,7857,190
meshtastic/firmware,2024-07-15,8,6,0,7865,190
meshtastic/firmware,2024-07-22,35,10,2,7900,192
meshtastic/firmware,2024-07-29,35,11,4,7935,196
meshtastic/firmware,2024-08-05,44,12,1,7979,197
meshtastic/firmware,2024-08-12,84,14,4,8063,201
meshtastic/firmware,2024-08-19,59,15,2,8122,203
meshtastic/firmware,2024-08-26,82,18,4,8204,207
meshtastic/firmware,2024-09-02,57,13,5,8261,212
meshtastic/firmware,2024-09-09,54,14,2,8315,214
meshtastic/firmware,2024-09-16,96,17,7,8411,221
meshtastic/firmware,2024-09-23,161,17,1,8572,222
meshtastic/firmware,2024-09-30,57,14,2,8629,224
meshtastic/firmware,2024-10-07,47,13,0,8676,224
meshtastic/firmware,2024-10-14,31,14,4,8707,228
meshtastic/firmware,2024-10-21,20,11,4,8727,232
meshtastic/firmware,2024-10-28,46,15,3,8773,235
meshtastic/firmware,2024-11-04,36,11,3,8809,238
meshtastic/firmware,2024-11-11,43,11,2,8852,240
meshtastic/firmware,2024-11-18,29,14,2,8881,242
meshtastic/firmware,2024-11-25,23,10,4,8904,246
meshtastic/firmware,2024-12-02,20,11,3,8924,249
meshtastic/firmware,2024-12-09,25,12,1,8949,250
meshtastic/firmware,2024-12-16,29,12,3,8978,253
meshtastic/firmware,2024-12-23,35,13,2,9013,255
meshtastic/firmware,2024-12-30,41,9,2,9054,257
meshtastic/firmware,2025-01-06,46,15,2,9100,259
meshtastic/firmware,2025-01-13,29,11,2,9129,261
meshtastic/firmware,2025-01-20,22,10,1,9151,262
meshtastic/firmware,2025-01-27,7,6,1,9158,263
meshtastic/firmware,2025-02-03,17,12,4,9175,267
meshtastic/firmware,2025-02-10,19,11,2,9194,269
meshtastic/firmware,2025-02-17,21,13,5,9215,274
meshtastic/firmware,2025-02-24,24,10,2,9239,276
meshtastic/firmware,2025-03-03,35,16,4,9274,280
meshtastic/firmware,2025-03-10,22,11,1,9296,281
meshtastic/firmware,2025-03-17,25,12,3,9321,284
meshtastic/firmware,2025-03-24,40,12,2,9361,286
meshtastic/firmware,2025-03-31,33,16,4,9394,290
meshtastic/firmware,2025-04-07,39,16,3,9433,293
meshtastic/firmware,2025-04-14,37,14,3,9470,296
meshtastic/firmware,2025-04-21,7,6,0,9477,296
meshtastic/firmware,2025-04-28,24,11,2,9501,298
meshtastic/firmware,2025-05-05,26,7,0,9527,298
meshtastic/firmware,2025-05-12,30,11,2,9557,300
meshtastic/firmware,2025-05-19,25,11,2,9582,302
meshtastic/firmware,2025-05-26,19,11,3,9601,305
meshtastic/firmware,2025-06-02,21,10,2,9622,307
meshtastic/firmware,2025-06-09,44,16,4,9666,311
meshtastic/firmware,2025-06-16,41,19,8,9707,319
meshtastic/firmware,2025-06-23,26,11,1,9733,320
meshtastic/firmware,2025-06-30,47,18,3,9780,323
meshtastic/firmware,2025-07-07,53,17,3,9833,326
meshtastic/firmware,2025-07-14,33,10,0,9866,326
meshtastic/firmware,2025-07-21,37,12,3,9903,329
meshtastic/firmware,2025-07-28,16,10,3,9919,332
meshtastic/firmware,2025-08-04,17,9,2,9936,334
meshtastic/firmware,2025-08-11,27,11,2,9963,336
meshtastic/firmware,2025-08-18,50,13,3,10013,339
meshtastic/firmware,2025-08-25,41,10,1,10054,340
meshtastic/firmware,2025-09-01,83,22,4,10137,344
meshtastic/firmware,2025-09-08,107,13,3,10244,347
meshtastic/firmware,2025-09-15,116,17,2,10360,349
meshtastic/firmware,2025-09-22,93,16,2,10453,351
meshtastic/firmware,2025-09-29,80,14,1,10533,352
meshtastic/firmware,2025-10-06,66,13,2,10599,354
meshtastic/firmware,2025-10-13,59,19,5,10658,359
meshtastic/firmware,2025-10-20,22,10,1,10680,360
meshtastic/firmware,2025-10-27,25,16,6,10705,366
meshtastic/firmware,2025-11-03,41,17,3,10746,369
meshtastic/firmware,2025-11-10,15,9,0,10761,369
meshtastic/firmware,2025-11-17,50,15,4,10811,373
meshtastic/firmware,2025-11-24,37,11,0,10848,373
meshtastic/firmware,2025-12-01,26,14,4,10874,377
meshtastic/firmware,2025-12-08,53,16,2,10927,379
meshtastic/firmware,2025-12-15,42,11,1,10969,380
meshtastic/firmware,2025-12-22,36,10,0,11005,380
meshtastic/firmware,2025-12-29,39,14,3,11044,383
meshtastic/firmware,2026-01-05,48,15,5,11092,388
meshtastic/firmware,2026-01-12,62,20,3,11154,391
meshtastic/firmware,2026-01-19,35,15,4,11189,395
meshtastic/firmware,2026-01-26,64,18,5,11253,400
meshtastic/firmware,2026-02-02,32,13,3,11285,403
meshtastic/firmware,2026-02-09,53,16,1,11338,404
meshtastic/firmware,2026-02-16,35,14,2,11373,406
meshtastic/firmware,2026-02-23,40,13,1,11413,407
meshtastic/firmware,2026-03-02,54,15,2,11467,409
meshtastic/firmware,2026-03-09,17,8,0,11484,409
meshtastic/firmware,2026-03-16,54,21,8,11538,417
meshtastic/firmware,2026-03-23,33,9,2,11571,419
meshtastic/firmware,2026-03-30,34,14,2,11605,421
meshtastic/firmware,2026-04-06,25,7,0,11630,421
meshtastic/firmware,2026-04-13,61,18,4,11691,425
meshtastic/firmware,2026-04-20,74,22,6,11765,431
meshtastic/firmware,2026-04-27,44,12,1,11809,432
meshtastic/firmware,2026-05-04,4,3,1,11813,433
meshtastic/web,2021-04-05,4,1,1,4,1
meshtastic/web,2021-04-12,2,2,1,6,2
meshtastic/web,2021-04-19,2,1,0,8,2
meshtastic/web,2021-04-26,4,1,0,12,2
meshtastic/web,2021-05-03,7,2,1,19,3
meshtastic/web,2021-05-10,1,1,0,20,3
meshtastic/web,2021-05-24,1,1,0,21,3
meshtastic/web,2021-05-31,3,1,0,24,3
meshtastic/web,2021-06-14,4,1,0,28,3
meshtastic/web,2021-06-21,1,1,0,29,3
meshtastic/web,2021-08-02,11,1,0,40,3
meshtastic/web,2021-08-09,10,3,2,50,5
meshtastic/web,2021-08-16,4,1,0,54,5
meshtastic/web,2021-08-23,11,1,0,65,5
meshtastic/web,2021-09-06,2,1,0,67,5
meshtastic/web,2021-10-04,4,1,0,71,5
meshtastic/web,2021-10-11,1,1,0,72,5
meshtastic/web,2021-10-18,1,1,0,73,5
meshtastic/web,2021-10-25,5,1,0,78,5
meshtastic/web,2021-11-08,12,1,0,90,5
meshtastic/web,2021-11-15,3,1,0,93,5
meshtastic/web,2021-11-22,4,1,0,97,5
meshtastic/web,2021-12-06,9,1,0,106,5
meshtastic/web,2021-12-13,5,1,0,111,5
meshtastic/web,2021-12-20,2,1,1,113,6
meshtastic/web,2021-12-27,6,1,0,119,6
meshtastic/web,2022-01-03,1,1,0,120,6
meshtastic/web,2022-01-10,15,1,0,135,6
meshtastic/web,2022-01-17,2,1,0,137,6
meshtastic/web,2022-01-31,2,1,0,139,6
meshtastic/web,2022-02-07,9,1,0,148,6
meshtastic/web,2022-02-14,20,1,0,168,6
meshtastic/web,2022-02-21,10,1,0,178,6
meshtastic/web,2022-02-28,6,1,0,184,6
meshtastic/web,2022-03-07,6,1,0,190,6
meshtastic/web,2022-03-21,1,1,0,191,6
meshtastic/web,2022-04-04,1,1,0,192,6
meshtastic/web,2022-04-11,1,1,0,193,6
meshtastic/web,2022-05-02,1,1,0,194,6
meshtastic/web,2022-05-09,5,1,0,199,6
meshtastic/web,2022-07-25,4,1,0,203,6
meshtastic/web,2022-08-01,5,1,0,208,6
meshtastic/web,2022-08-08,7,1,0,215,6
meshtastic/web,2022-08-15,9,2,1,224,7
meshtastic/web,2022-08-22,11,1,0,235,7
meshtastic/web,2022-08-29,4,1,0,239,7
meshtastic/web,2022-09-05,2,1,0,241,7
meshtastic/web,2022-09-19,15,1,0,256,7
meshtastic/web,2022-09-26,9,1,0,265,7
meshtastic/web,2022-10-03,19,1,0,284,7
meshtastic/web,2022-10-10,10,4,2,294,9
meshtastic/web,2022-10-17,3,2,0,297,9
meshtastic/web,2022-10-24,11,3,0,308,9
meshtastic/web,2022-10-31,4,1,0,312,9
meshtastic/web,2022-11-14,1,1,0,313,9
meshtastic/web,2022-11-21,2,1,0,315,9
meshtastic/web,2022-11-28,1,1,0,316,9
meshtastic/web,2022-12-05,13,1,0,329,9
meshtastic/web,2022-12-26,17,1,0,346,9
meshtastic/web,2023-01-02,14,2,1,360,10
meshtastic/web,2023-01-09,1,1,0,361,10
meshtastic/web,2023-01-16,5,1,0,366,10
meshtastic/web,2023-01-23,6,1,0,372,10
meshtastic/web,2023-02-06,6,1,0,378,10
meshtastic/web,2023-02-13,8,1,0,386,10
meshtastic/web,2023-02-20,7,1,0,393,10
meshtastic/web,2023-02-27,1,1,0,394,10
meshtastic/web,2023-04-17,4,1,1,398,11
meshtastic/web,2023-06-19,6,1,0,404,11
meshtastic/web,2023-07-03,5,2,1,409,12
meshtastic/web,2023-07-24,4,3,2,413,14
meshtastic/web,2023-08-07,3,1,0,416,14
meshtastic/web,2023-08-21,1,1,0,417,14
meshtastic/web,2023-09-04,4,3,0,421,14
meshtastic/web,2023-09-11,1,1,0,422,14
meshtastic/web,2023-09-25,8,2,0,430,14
meshtastic/web,2023-10-02,1,1,0,431,14
meshtastic/web,2023-10-09,1,1,0,432,14
meshtastic/web,2023-10-16,1,1,0,433,14
meshtastic/web,2023-10-23,5,2,0,438,14
meshtastic/web,2023-10-30,2,2,0,440,14
meshtastic/web,2023-11-13,5,3,0,445,14
meshtastic/web,2023-12-04,1,1,0,446,14
meshtastic/web,2023-12-11,4,1,0,450,14
meshtastic/web,2023-12-25,4,1,0,454,14
meshtastic/web,2024-01-01,4,2,1,458,15
meshtastic/web,2024-01-08,2,2,1,460,16
meshtastic/web,2024-01-15,8,5,1,468,17
meshtastic/web,2024-01-22,5,2,0,473,17
meshtastic/web,2024-02-12,3,2,0,476,17
meshtastic/web,2024-02-19,5,2,1,481,18
meshtastic/web,2024-03-11,3,2,1,484,19
meshtastic/web,2024-03-25,1,1,0,485,19
meshtastic/web,2024-04-22,1,1,0,486,19
meshtastic/web,2024-04-29,3,2,2,489,21
meshtastic/web,2024-05-13,4,2,2,493,23
meshtastic/web,2024-05-20,11,3,2,504,25
meshtastic/web,2024-05-27,11,2,1,515,26
meshtastic/web,2024-06-03,14,2,1,529,27
meshtastic/web,2024-06-10,47,4,1,576,28
meshtastic/web,2024-06-17,19,4,2,595,30
meshtastic/web,2024-06-24,17,1,0,612,30
meshtastic/web,2024-07-01,5,1,0,617,30
meshtastic/web,2024-07-15,1,1,1,618,31
meshtastic/web,2024-07-22,7,2,0,625,31
meshtastic/web,2024-08-05,9,2,1,634,32
meshtastic/web,2024-08-12,1,1,0,635,32
meshtastic/web,2024-08-19,26,3,0,661,32
meshtastic/web,2024-08-26,23,5,3,684,35
meshtastic/web,2024-09-02,25,4,1,709,36
meshtastic/web,2024-09-09,21,1,0,730,36
meshtastic/web,2024-09-16,20,2,0,750,36
meshtastic/web,2024-09-30,7,4,1,757,37
meshtastic/web,2024-10-14,1,1,1,758,38
meshtastic/web,2024-10-28,3,3,2,761,40
meshtastic/web,2024-11-04,14,5,1,775,41
meshtastic/web,2024-11-11,4,1,0,779,41
meshtastic/web,2024-11-18,3,2,0,782,41
meshtastic/web,2024-11-25,2,2,2,784,43
meshtastic/web,2024-12-02,1,1,0,785,43
meshtastic/web,2024-12-09,2,2,0,787,43
meshtastic/web,2024-12-23,2,2,1,789,44
meshtastic/web,2024-12-30,4,3,0,793,44
meshtastic/web,2025-01-06,14,5,1,807,45
meshtastic/web,2025-01-13,7,4,2,814,47
meshtastic/web,2025-01-20,30,4,0,844,47
meshtastic/web,2025-01-27,32,4,1,876,48
meshtastic/web,2025-02-03,30,5,1,906,49
meshtastic/web,2025-02-10,10,3,0,916,49
meshtastic/web,2025-02-17,65,7,2,981,51
meshtastic/web,2025-02-24,49,4,0,1030,51
meshtastic/web,2025-03-03,39,3,1,1069,52
meshtastic/web,2025-03-10,26,3,1,1095,53
meshtastic/web,2025-03-17,32,3,0,1127,53
meshtastic/web,2025-03-24,28,2,1,1155,54
meshtastic/web,2025-03-31,53,4,1,1208,55
meshtastic/web,2025-04-07,20,2,0,1228,55
meshtastic/web,2025-04-14,1,1,1,1229,56
meshtastic/web,2025-04-21,14,2,0,1243,56
meshtastic/web,2025-04-28,16,4,0,1259,56
meshtastic/web,2025-05-05,9,2,0,1268,56
meshtastic/web,2025-05-12,4,2,1,1272,57
meshtastic/web,2025-05-19,3,2,0,1275,57
meshtastic/web,2025-05-26,6,4,2,1281,59
meshtastic/web,2025-06-02,3,2,0,1284,59
meshtastic/web,2025-06-09,6,3,0,1290,59
meshtastic/web,2025-06-16,18,3,1,1308,60
meshtastic/web,2025-06-23,6,1,0,1314,60
meshtastic/web,2025-06-30,1,1,0,1315,60
meshtastic/web,2025-07-07,11,2,0,1326,60
meshtastic/web,2025-07-14,10,3,1,1336,61
meshtastic/web,2025-07-21,8,3,0,1344,61
meshtastic/web,2025-07-28,7,3,1,1351,62
meshtastic/web,2025-08-04,12,4,0,1363,62
meshtastic/web,2025-08-11,11,4,0,1374,62
meshtastic/web,2025-08-18,16,4,0,1390,62
meshtastic/web,2025-08-25,7,4,0,1397,62
meshtastic/web,2025-09-01,13,4,1,1410,63
meshtastic/web,2025-09-08,15,5,0,1425,63
meshtastic/web,2025-09-15,7,3,1,1432,64
meshtastic/web,2025-09-22,2,2,0,1434,64
meshtastic/web,2025-09-29,1,1,0,1435,64
meshtastic/web,2025-10-06,4,2,0,1439,64
meshtastic/web,2025-10-13,15,3,0,1454,64
meshtastic/web,2025-10-20,9,5,1,1463,65
meshtastic/web,2025-10-27,8,5,2,1471,67
meshtastic/web,2025-11-03,10,2,0,1481,67
meshtastic/web,2025-11-10,7,4,1,1488,68
meshtastic/web,2025-11-17,4,3,1,1492,69
meshtastic/web,2025-11-24,6,4,1,1498,70
meshtastic/web,2025-12-01,2,2,1,1500,71
meshtastic/web,2025-12-08,1,1,0,1501,71
meshtastic/web,2026-02-09,3,3,1,1504,72
meshtastic/web,2026-03-02,2,2,0,1506,72
meshtastic/web,2026-03-09,3,2,0,1509,72
meshtastic/web,2026-03-16,3,3,2,1512,74
meshtastic/web,2026-04-20,3,1,0,1515,74
meshtastic/web,2026-05-04,1,1,1,1516,75
mysociety/ceuk-marking,2022-12-19,11,1,1,11,1
mysociety/ceuk-marking,2023-01-02,8,1,0,19,1
mysociety/ceuk-marking,2023-01-09,12,1,0,31,1
mysociety/ceuk-marking,2023-01-16,28,2,1,59,2
mysociety/ceuk-marking,2023-01-23,28,1,0,87,2
mysociety/ceuk-marking,2023-01-30,13,1,0,100,2
mysociety/ceuk-marking,2023-02-06,7,3,1,107,3
mysociety/ceuk-marking,2023-02-20,13,1,0,120,3
mysociety/ceuk-marking,2023-02-27,6,1,0,126,3
mysociety/ceuk-marking,2023-03-06,1,1,0,127,3
mysociety/ceuk-marking,2023-03-13,19,2,0,146,3
mysociety/ceuk-marking,2023-03-20,1,1,0,147,3
mysociety/ceuk-marking,2023-03-27,3,1,0,150,3
mysociety/ceuk-marking,2023-04-03,13,1,0,163,3
mysociety/ceuk-marking,2023-04-10,7,2,0,170,3
mysociety/ceuk-marking,2023-04-17,7,2,0,177,3
mysociety/ceuk-marking,2023-04-24,2,1,0,179,3
mysociety/ceuk-marking,2023-05-01,4,1,0,183,3
mysociety/ceuk-marking,2023-05-08,4,2,0,187,3
mysociety/ceuk-marking,2023-05-15,5,1,0,192,3
mysociety/ceuk-marking,2023-05-22,31,3,0,223,3
mysociety/ceuk-marking,2023-05-29,4,2,1,227,4
mysociety/ceuk-marking,2023-06-05,9,2,0,236,4
mysociety/ceuk-marking,2023-06-19,3,1,0,239,4
mysociety/ceuk-marking,2023-06-26,3,2,0,242,4
mysociety/ceuk-marking,2023-07-03,3,1,0,245,4
mysociety/ceuk-marking,2023-07-17,8,1,0,253,4
mysociety/ceuk-marking,2023-07-24,2,2,0,255,4
mysociety/ceuk-marking,2023-07-31,2,1,0,257,4
mysociety/ceuk-marking,2023-08-07,9,2,0,266,4
mysociety/ceuk-marking,2023-08-14,8,1,0,274,4
mysociety/ceuk-marking,2023-08-28,2,1,0,276,4
mysociety/ceuk-marking,2023-09-04,4,1,0,280,4
mysociety/ceuk-marking,2023-09-11,13,1,0,293,4
mysociety/ceuk-marking,2023-09-18,7,1,0,300,4
mysociety/ceuk-marking,2023-09-25,3,1,0,303,4
mysociety/ceuk-marking,2023-10-02,4,2,0,307,4
mysociety/ceuk-marking,2023-10-16,4,2,0,311,4
mysociety/ceuk-marking,2023-10-23,7,1,0,318,4
mysociety/ceuk-marking,2023-10-30,7,1,0,325,4
mysociety/ceuk-marking,2023-11-20,2,1,0,327,4
mysociety/ceuk-marking,2023-11-27,2,2,0,329,4
mysociety/ceuk-marking,2024-02-05,1,1,0,330,4
mysociety/ceuk-marking,2024-03-04,5,1,0,335,4
mysociety/ceuk-marking,2024-03-11,2,1,0,337,4
mysociety/ceuk-marking,2024-03-18,1,1,0,338,4
mysociety/ceuk-marking,2024-04-01,1,1,0,339,4
mysociety/ceuk-marking,2024-05-06,17,1,0,356,4
mysociety/ceuk-marking,2024-05-20,2,1,0,358,4
mysociety/ceuk-marking,2024-05-27,39,3,0,397,4
mysociety/ceuk-marking,2024-06-10,1,1,0,398,4
mysociety/ceuk-marking,2024-06-17,16,1,0,414,4
mysociety/ceuk-marking,2024-06-24,18,2,0,432,4
mysociety/ceuk-marking,2024-07-01,2,1,0,434,4
mysociety/ceuk-marking,2024-07-08,5,1,0,439,4
mysociety/ceuk-marking,2024-07-15,11,2,0,450,4
mysociety/ceuk-marking,2024-07-22,2,1,0,452,4
mysociety/ceuk-marking,2024-07-29,1,1,0,453,4
mysociety/ceuk-marking,2024-08-05,7,1,0,460,4
mysociety/ceuk-marking,2024-08-12,9,2,0,469,4
mysociety/ceuk-marking,2024-08-19,13,1,0,482,4
mysociety/ceuk-marking,2024-09-09,1,1,0,483,4
mysociety/ceuk-marking,2024-09-16,3,1,0,486,4
mysociety/ceuk-marking,2024-09-23,5,1,0,491,4
mysociety/ceuk-marking,2024-09-30,14,1,0,505,4
mysociety/ceuk-marking,2024-10-07,3,1,0,508,4
mysociety/ceuk-marking,2024-10-14,8,1,0,516,4
mysociety/ceuk-marking,2024-10-21,1,1,0,517,4
mysociety/ceuk-marking,2024-11-04,2,1,0,519,4
mysociety/ceuk-marking,2024-11-11,15,1,0,534,4
mysociety/ceuk-marking,2024-11-18,12,3,0,546,4
mysociety/ceuk-marking,2024-11-25,3,1,0,549,4
mysociety/ceuk-marking,2024-12-02,3,2,0,552,4
mysociety/ceuk-marking,2024-12-09,2,1,0,554,4
mysociety/ceuk-marking,2024-12-16,8,1,0,562,4
mysociety/ceuk-marking,2025-01-06,8,1,0,570,4
mysociety/ceuk-marking,2025-01-13,1,1,0,571,4
mysociety/ceuk-marking,2025-01-20,1,1,0,572,4
mysociety/ceuk-marking,2025-01-27,9,1,0,581,4
mysociety/ceuk-marking,2025-02-03,3,1,0,584,4
mysociety/ceuk-marking,2025-02-10,1,1,0,585,4
mysociety/ceuk-marking,2025-02-17,7,1,0,592,4
mysociety/ceuk-marking,2025-02-24,2,1,0,594,4
mysociety/ceuk-marking,2025-03-03,1,1,0,595,4
mysociety/ceuk-marking,2025-03-10,1,1,0,596,4
mysociety/ceuk-marking,2025-03-17,2,1,0,598,4
mysociety/ceuk-marking,2025-04-07,1,1,0,599,4
mysociety/ceuk-marking,2025-04-14,12,1,0,611,4
mysociety/ceuk-marking,2025-04-21,3,1,0,614,4
mysociety/ceuk-marking,2025-05-05,2,1,0,616,4
mysociety/ceuk-marking,2025-05-12,2,1,0,618,4
mysociety/ceuk-marking,2025-05-19,7,1,0,625,4
mysociety/ceuk-marking,2025-05-26,2,1,0,627,4
mysociety/ceuk-marking,2025-06-02,2,1,0,629,4
mysociety/ceuk-marking,2025-06-16,2,1,0,631,4
mysociety/ceuk-marking,2025-06-23,2,1,0,633,4
mysociety/ceuk-marking,2025-07-07,2,1,0,635,4
mysociety/ceuk-marking,2025-09-08,1,1,0,636,4
mysociety/ceuk-marking,2025-10-06,1,1,0,637,4
mysociety/ceuk-marking,2025-11-10,1,1,0,638,4
mysociety/ceuk-marking,2025-12-08,1,1,0,639,4
mysociety/ceuk-marking,2026-01-12,2,1,0,641,4
mysociety/ceuk-marking,2026-03-02,8,2,1,649,5
mysociety/ceuk-marking,2026-03-09,3,1,0,652,5
mysociety/ceuk-marking,2026-03-16,4,1,0,656,5
mysociety/ceuk-marking,2026-03-23,1,1,0,657,5
mysociety/ceuk-marking,2026-03-30,4,1,0,661,5
mysociety/ceuk-marking,2026-04-06,9,1,0,670,5
mysociety/ceuk-marking,2026-04-13,1,1,0,671,5
mysociety/ceuk-marking,2026-04-20,3,1,0,674,5
okfde/froide,2024-04-15,3,2,2,3,2
okfde/froide,2024-04-22,7,2,2,10,4
okfde/froide,2024-05-06,6,3,1,16,5
okfde/froide,2024-05-13,2,2,0,18,5
okfde/froide,2024-05-27,8,5,2,26,7
okfde/froide,2024-06-03,7,1,0,33,7
okfde/froide,2024-06-10,24,3,0,57,7
okfde/froide,2024-06-17,4,1,0,61,7
okfde/froide,2024-06-24,3,1,0,64,7
okfde/froide,2024-07-01,3,1,0,67,7
okfde/froide,2024-07-08,5,2,0,72,7
okfde/froide,2024-07-15,20,3,1,92,8
okfde/froide,2024-07-22,9,2,0,101,8
okfde/froide,2024-07-29,2,1,0,103,8
okfde/froide,2024-08-05,4,3,1,107,9
okfde/froide,2024-08-12,2,2,1,109,10
okfde/froide,2024-08-26,4,1,0,113,10
okfde/froide,2024-09-02,2,1,0,115,10
okfde/froide,2024-09-16,48,3,0,163,10
okfde/froide,2024-09-23,8,3,0,171,10
okfde/froide,2024-09-30,2,1,0,173,10
okfde/froide,2024-10-07,6,3,2,179,12
okfde/froide,2024-10-14,46,3,0,225,12
okfde/froide,2024-10-21,9,3,0,234,12
okfde/froide,2024-10-28,19,3,0,253,12
okfde/froide,2024-11-11,36,5,0,289,12
okfde/froide,2024-11-18,7,3,0,296,12
okfde/froide,2024-11-25,11,4,1,307,13
okfde/froide,2024-12-02,1,1,0,308,13
okfde/froide,2024-12-09,1,1,0,309,13
okfde/froide,2024-12-16,2,1,0,311,13
okfde/froide,2025-01-06,3,2,0,314,13
okfde/froide,2025-01-13,1,1,0,315,13
okfde/froide,2025-01-20,4,2,1,319,14
okfde/froide,2025-01-27,5,2,0,324,14
okfde/froide,2025-02-10,11,3,0,335,14
okfde/froide,2025-02-17,65,4,0,400,14
okfde/froide,2025-02-24,6,4,0,406,14
okfde/froide,2025-03-03,19,2,1,425,15
okfde/froide,2025-03-10,3,2,0,428,15
okfde/froide,2025-03-17,39,3,0,467,15
okfde/froide,2025-03-31,4,2,0,471,15
okfde/froide,2025-04-07,15,4,0,486,15
okfde/froide,2025-04-14,1,1,0,487,15
okfde/froide,2025-04-21,65,2,0,552,15
okfde/froide,2025-04-28,11,4,1,563,16
okfde/froide,2025-05-05,1,1,0,564,16
okfde/froide,2025-05-12,4,2,0,568,16
okfde/froide,2025-05-19,23,1,0,591,16
okfde/froide,2025-05-26,5,2,0,596,16
okfde/froide,2025-06-02,26,1,0,622,16
okfde/froide,2025-06-09,4,1,0,626,16
okfde/froide,2025-06-16,4,3,0,630,16
okfde/froide,2025-06-23,7,2,0,637,16
okfde/froide,2025-06-30,6,1,0,643,16
okfde/froide,2025-07-07,17,3,0,660,16
okfde/froide,2025-07-14,11,3,0,671,16
okfde/froide,2025-07-21,2,2,1,673,17
okfde/froide,2025-07-28,4,3,0,677,17
okfde/froide,2025-08-04,8,3,0,685,17
okfde/froide,2025-08-11,3,2,0,688,17
okfde/froide,2025-08-18,4,1,0,692,17
okfde/froide,2025-08-25,17,4,0,709,17
okfde/froide,2025-09-08,1,1,0,710,17
okfde/froide,2025-09-15,8,4,0,718,17
okfde/froide,2025-09-22,2,2,0,720,17
okfde/froide,2025-09-29,3,1,0,723,17
okfde/froide,2025-10-06,1,1,0,724,17
okfde/froide,2025-10-13,14,2,0,738,17
okfde/froide,2025-10-27,6,3,1,744,18
okfde/froide,2025-11-03,1,1,0,745,18
okfde/froide,2025-11-10,1,1,0,746,18
okfde/froide,2025-11-17,1,1,0,747,18
okfde/froide,2025-12-01,2,1,0,749,18
okfde/froide,2025-12-08,3,2,0,752,18
okfde/froide,2026-01-05,1,1,0,753,18
okfde/froide,2026-01-12,118,2,0,871,18
okfde/froide,2026-01-19,10,3,0,881,18
okfde/froide,2026-01-26,32,3,0,913,18
okfde/froide,2026-02-02,13,4,0,926,18
okfde/froide,2026-02-09,25,5,0,951,18
okfde/froide,2026-02-16,8,3,0,959,18
okfde/froide,2026-02-23,2,2,1,961,19
okfde/froide,2026-03-02,4,1,0,965,19
okfde/froide,2026-03-09,13,4,0,978,19
okfde/froide,2026-03-16,2,1,0,980,19
okfde/froide,2026-03-23,40,4,0,1020,19
okfde/froide,2026-03-30,9,5,0,1029,19
okfde/froide,2026-04-06,19,1,0,1048,19
okfde/froide,2026-04-13,11,4,0,1059,19
okfde/froide,2026-04-20,31,3,0,1090,19
okfde/froide,2026-04-27,9,3,0,1099,19
okfde/froide,2026-05-04,1,1,0,1100,19
openplans/shareabouts,2011-10-24,1,1,1,1,1
openplans/shareabouts,2011-10-31,20,1,0,21,1
openplans/shareabouts,2011-11-07,24,3,2,45,3
openplans/shareabouts,2011-11-14,16,1,0,61,3
openplans/shareabouts,2011-11-21,21,2,1,82,4
openplans/shareabouts,2011-11-28,24,1,0,106,4
openplans/shareabouts,2011-12-05,24,2,0,130,4
openplans/shareabouts,2011-12-12,18,1,0,148,4
openplans/shareabouts,2011-12-19,31,1,0,179,4
openplans/shareabouts,2012-01-02,18,1,0,197,4
openplans/shareabouts,2012-01-09,16,3,1,213,5
openplans/shareabouts,2012-01-16,21,2,0,234,5
openplans/shareabouts,2012-07-16,89,3,2,323,7
openplans/shareabouts,2012-07-23,57,3,0,380,7
openplans/shareabouts,2012-07-30,15,2,0,395,7
openplans/shareabouts,2012-08-06,45,4,1,440,8
openplans/shareabouts,2012-08-13,2,1,0,442,8
openplans/shareabouts,2012-08-20,47,4,0,489,8
openplans/shareabouts,2012-08-27,31,3,0,520,8
openplans/shareabouts,2012-09-03,59,4,0,579,8
openplans/shareabouts,2012-09-10,29,4,0,608,8
openplans/shareabouts,2012-09-17,136,5,1,744,9
openplans/shareabouts,2012-09-24,41,4,1,785,10
openplans/shareabouts,2012-10-01,12,3,0,797,10
openplans/shareabouts,2012-10-08,8,4,1,805,11
openplans/shareabouts,2012-10-15,3,2,0,808,11
openplans/shareabouts,2012-10-22,2,2,0,810,11
openplans/shareabouts,2012-10-29,6,3,0,816,11
openplans/shareabouts,2012-11-05,4,1,0,820,11
openplans/shareabouts,2012-11-12,7,1,0,827,11
openplans/shareabouts,2012-12-03,22,4,0,849,11
openplans/shareabouts,2012-12-10,5,1,0,854,11
openplans/shareabouts,2012-12-17,14,3,0,868,11
openplans/shareabouts,2012-12-24,3,1,0,871,11
openplans/shareabouts,2012-12-31,26,3,0,897,11
openplans/shareabouts,2013-01-07,20,3,0,917,11
openplans/shareabouts,2013-01-14,45,4,0,962,11
openplans/shareabouts,2013-01-21,2,1,1,964,12
openplans/shareabouts,2013-01-28,1,1,0,965,12
openplans/shareabouts,2013-02-11,2,1,0,967,12
openplans/shareabouts,2013-02-25,2,2,1,969,13
openplans/shareabouts,2013-03-04,3,2,0,972,13
openplans/shareabouts,2013-03-18,8,3,0,980,13
openplans/shareabouts,2013-03-25,6,1,0,986,13
openplans/shareabouts,2013-04-01,1,1,0,987,13
openplans/shareabouts,2013-04-15,2,1,0,989,13
openplans/shareabouts,2013-04-22,2,2,0,991,13
openplans/shareabouts,2013-04-29,1,1,0,992,13
openplans/shareabouts,2013-05-27,1,1,0,993,13
openplans/shareabouts,2013-06-10,4,2,0,997,13
openplans/shareabouts,2013-06-24,1,1,0,998,13
openplans/shareabouts,2013-07-01,1,1,0,999,13
openplans/shareabouts,2013-08-12,2,2,0,1001,13
openplans/shareabouts,2013-08-19,10,2,0,1011,13
openplans/shareabouts,2013-08-26,1,1,0,1012,13
openplans/shareabouts,2013-09-09,2,2,0,1014,13
openplans/shareabouts,2013-09-16,13,1,0,1027,13
openplans/shareabouts,2013-09-23,19,3,0,1046,13
openplans/shareabouts,2013-09-30,14,3,0,1060,13
openplans/shareabouts,2013-10-07,19,2,0,1079,13
openplans/shareabouts,2013-10-14,14,2,0,1093,13
openplans/shareabouts,2013-10-21,35,3,0,1128,13
openplans/shareabouts,2013-10-28,9,2,0,1137,13
openplans/shareabouts,2013-11-04,4,1,0,1141,13
openplans/shareabouts,2013-11-11,66,3,0,1207,13
openplans/shareabouts,2013-11-18,12,2,0,1219,13
openplans/shareabouts,2013-11-25,23,3,0,1242,13
openplans/shareabouts,2013-12-02,10,3,0,1252,13
openplans/shareabouts,2013-12-23,8,1,0,1260,13
openplans/shareabouts,2013-12-30,1,1,0,1261,13
openplans/shareabouts,2014-01-06,4,1,0,1265,13
openplans/shareabouts,2014-01-20,5,1,0,1270,13
openplans/shareabouts,2014-01-27,3,1,0,1273,13
openplans/shareabouts,2014-02-03,9,3,0,1282,13
openplans/shareabouts,2014-02-10,44,3,0,1326,13
openplans/shareabouts,2014-02-17,17,3,0,1343,13
openplans/shareabouts,2014-02-24,19,3,0,1362,13
openplans/shareabouts,2014-03-03,3,2,0,1365,13
openplans/shareabouts,2014-03-10,9,4,1,1374,14
openplans/shareabouts,2014-03-17,1,1,0,1375,14
openplans/shareabouts,2014-03-24,1,1,0,1376,14
openplans/shareabouts,2014-04-07,2,1,0,1378,14
openplans/shareabouts,2014-04-14,5,1,0,1383,14
openplans/shareabouts,2014-04-28,22,3,0,1405,14
openplans/shareabouts,2014-05-19,1,1,0,1406,14
openplans/shareabouts,2014-06-02,7,3,1,1413,15
openplans/shareabouts,2014-06-09,1,1,0,1414,15
openplans/shareabouts,2014-06-16,1,1,0,1415,15
openplans/shareabouts,2014-06-23,35,3,0,1450,15
openplans/shareabouts,2014-07-07,3,1,0,1453,15
openplans/shareabouts,2014-07-14,4,2,0,1457,15
openplans/shareabouts,2014-07-28,2,1,0,1459,15
openplans/shareabouts,2014-08-04,2,1,0,1461,15
openplans/shareabouts,2014-08-25,13,2,0,1474,15
openplans/shareabouts,2014-09-01,17,2,0,1491,15
openplans/shareabouts,2014-09-08,13,2,0,1504,15
openplans/shareabouts,2014-09-15,5,2,0,1509,15
openplans/shareabouts,2014-09-22,2,1,0,1511,15
openplans/shareabouts,2014-11-10,3,2,1,1514,16
openplans/shareabouts,2014-11-17,1,1,0,1515,16
openplans/shareabouts,2014-12-01,18,3,0,1533,16
openplans/shareabouts,2014-12-08,23,1,0,1556,16
openplans/shareabouts,2014-12-15,22,3,0,1578,16
openplans/shareabouts,2014-12-29,2,1,0,1580,16
openplans/shareabouts,2015-01-05,2,1,0,1582,16
openplans/shareabouts,2015-01-12,9,2,0,1591,16
openplans/shareabouts,2015-01-26,2,1,0,1593,16
openplans/shareabouts,2015-02-09,2,1,0,1595,16
openplans/shareabouts,2015-02-16,5,1,0,1600,16
openplans/shareabouts,2015-02-23,13,2,0,1613,16
openplans/shareabouts,2015-03-02,10,1,0,1623,16
openplans/shareabouts,2015-03-16,4,1,0,1627,16
openplans/shareabouts,2015-05-11,9,1,0,1636,16
openplans/shareabouts,2015-05-18,2,1,0,1638,16
openplans/shareabouts,2015-06-01,2,1,0,1640,16
openplans/shareabouts,2015-06-08,2,1,0,1642,16
openplans/shareabouts,2015-06-15,1,1,0,1643,16
openplans/shareabouts,2015-07-06,3,1,1,1646,17
openplans/shareabouts,2015-07-20,4,2,0,1650,17
openplans/shareabouts,2015-07-27,4,1,0,1654,17
openplans/shareabouts,2015-08-17,2,1,0,1656,17
openplans/shareabouts,2015-09-28,3,1,0,1659,17
openplans/shareabouts,2015-10-05,3,1,0,1662,17
openplans/shareabouts,2015-10-26,1,1,0,1663,17
openplans/shareabouts,2015-11-02,10,1,0,1673,17
openplans/shareabouts,2015-11-09,1,1,0,1674,17
openplans/shareabouts,2015-11-23,4,1,0,1678,17
openplans/shareabouts,2016-01-11,2,1,0,1680,17
openplans/shareabouts,2016-02-08,3,1,0,1683,17
openplans/shareabouts,2016-02-15,6,1,0,1689,17
openplans/shareabouts,2016-02-22,2,2,1,1691,18
openplans/shareabouts,2016-03-07,1,1,0,1692,18
openplans/shareabouts,2016-04-04,2,1,0,1694,18
openplans/shareabouts,2016-04-11,1,1,0,1695,18
openplans/shareabouts,2016-04-25,1,1,0,1696,18
openplans/shareabouts,2016-05-30,11,1,0,1707,18
openplans/shareabouts,2016-07-18,3,3,0,1710,18
openplans/shareabouts,2016-08-01,4,1,0,1714,18
openplans/shareabouts,2017-02-27,6,1,0,1720,18
openplans/shareabouts,2017-03-06,3,1,0,1723,18
openplans/shareabouts,2017-04-03,1,1,0,1724,18
openplans/shareabouts,2017-07-17,3,2,1,1727,19
openplans/shareabouts,2017-07-24,1,1,0,1728,19
openplans/shareabouts,2017-07-31,2,1,0,1730,19
openplans/shareabouts,2017-08-07,1,1,0,1731,19
openplans/shareabouts,2017-08-28,3,1,0,1734,19
openplans/shareabouts,2018-02-05,6,1,0,1740,19
openplans/shareabouts,2018-02-12,2,1,1,1742,20
openplans/shareabouts,2018-04-02,1,1,0,1743,20
openplans/shareabouts,2018-04-23,2,1,0,1745,20
openplans/shareabouts,2018-06-25,2,1,0,1747,20
openplans/shareabouts,2018-09-03,3,1,0,1750,20
openplans/shareabouts,2018-09-24,4,1,0,1754,20
openplans/shareabouts,2018-10-01,9,1,0,1763,20
openplans/shareabouts,2018-10-08,3,1,0,1766,20
openplans/shareabouts,2019-04-15,2,1,0,1768,20
openplans/shareabouts,2019-04-22,1,1,0,1769,20
openplans/shareabouts,2019-05-13,6,1,0,1775,20
openplans/shareabouts,2019-05-27,1,1,0,1776,20
openplans/shareabouts,2019-06-03,2,1,0,1778,20
openplans/shareabouts,2019-07-01,3,1,0,1781,20
openplans/shareabouts,2019-07-15,1,1,0,1782,20
openplans/shareabouts,2019-07-22,2,1,0,1784,20
openplans/shareabouts,2019-08-12,1,1,0,1785,20
openplans/shareabouts,2020-02-24,2,2,1,1787,21
openplans/shareabouts,2020-06-22,1,1,1,1788,22
openplans/shareabouts,2020-07-27,1,1,0,1789,22
openplans/shareabouts,2020-08-10,6,2,0,1795,22
openplans/shareabouts,2021-05-17,4,1,0,1799,22
openplans/shareabouts,2021-06-07,2,1,0,1801,22
openplans/shareabouts,2021-09-06,1,1,1,1802,23
openplans/shareabouts,2021-11-08,1,1,0,1803,23
openplans/shareabouts,2021-11-29,1,1,0,1804,23
openplans/shareabouts,2022-01-03,1,1,0,1805,23
openplans/shareabouts,2022-05-23,1,1,0,1806,23
openplans/shareabouts,2022-05-30,6,1,0,1812,23
openplans/shareabouts,2022-11-14,4,1,0,1816,23
openplans/shareabouts,2023-02-06,14,1,0,1830,23
openplans/shareabouts,2023-02-13,2,1,0,1832,23
openplans/shareabouts,2023-02-27,1,1,0,1833,23
openplans/shareabouts,2023-03-13,1,1,0,1834,23
openplans/shareabouts,2023-03-27,2,1,0,1836,23
openplans/shareabouts,2023-07-17,2,1,0,1838,23
openplans/shareabouts,2023-08-14,7,1,0,1845,23
openplans/shareabouts,2023-08-28,4,1,0,1849,23
openplans/shareabouts,2023-09-04,1,1,0,1850,23
openplans/shareabouts,2023-09-11,1,1,0,1851,23
openplans/shareabouts,2023-10-16,6,1,0,1857,23
openplans/shareabouts,2023-10-23,2,1,0,1859,23
openplans/shareabouts,2023-12-11,12,1,0,1871,23
openplans/shareabouts,2023-12-18,6,1,0,1877,23
openplans/shareabouts,2024-04-15,1,1,0,1878,23
openplans/shareabouts,2024-04-29,1,1,0,1879,23
openplans/shareabouts,2024-06-24,2,1,0,1881,23
openplans/shareabouts,2024-07-22,7,1,0,1888,23
openplans/shareabouts,2024-07-29,32,1,0,1920,23
openplans/shareabouts,2024-08-05,2,2,0,1922,23
openplans/shareabouts,2024-08-19,4,1,0,1926,23
openplans/shareabouts,2024-09-09,3,1,0,1929,23
openplans/shareabouts,2024-09-23,2,1,0,1931,23
openplans/shareabouts,2024-10-07,5,1,0,1936,23
openplans/shareabouts,2025-06-30,7,1,0,1943,23
openplans/shareabouts,2025-07-07,2,1,0,1945,23
openplans/shareabouts,2025-07-14,4,2,0,1949,23
openplans/shareabouts,2025-08-18,1,1,0,1950,23
openplans/shareabouts,2025-08-25,1,1,0,1951,23
openplans/shareabouts,2025-09-01,1,1,0,1952,23
openplans/shareabouts,2025-09-08,1,1,0,1953,23
openplans/shareabouts,2025-09-15,1,1,0,1954,23
openplans/shareabouts,2025-09-22,2,1,0,1956,23
